Date,AUD,CAD,EUR,JPY,NZD,NOK,SEK,CHF,GBP
1999-01-04,1.6176,1.5268,0.8466,112.15,1.8727,7.496,8.02,1.3666,0.6031
1999-01-05,1.6085,1.5213,0.8503,111.15,1.8622,7.434,7.972,1.3694,0.6036
1999-01-06,1.5911,1.511,0.8594,112.78,1.857,7.4355,7.936,1.3852,0.6043
1999-01-07,1.5773,1.5117,0.8568,111.69,1.8501,7.405,7.915,1.3863,0.6062
1999-01-08,1.5808,1.5145,0.8655,111.52,1.8519,7.397,7.9285,1.397,0.6096
1999-01-11,1.5637,1.5072,0.867,108.83,1.8288,7.42,7.851,1.3963,0.6107
1999-01-12,1.5623,1.5095,0.866,112.07,1.8268,7.4218,7.8,1.389,0.6132
1999-01-13,1.5848,1.53,0.8548,113.46,1.8484,7.4725,7.807,1.3585,0.6063
1999-01-14,1.5835,1.5285,0.8555,113.25,1.8553,7.472,7.805,1.3618,0.605
1999-01-15,1.5773,1.529,0.8627,114.19,1.8501,7.485,7.874,1.3785,0.6061
1999-01-19,1.5662,1.5302,0.8613,113.76,1.8646,7.4429,7.757,1.3752,0.6042
1999-01-20,1.563,1.5226,0.8639,113.45,1.8519,7.4235,7.722,1.3902,0.6073
1999-01-21,1.5635,1.5155,0.8638,113.75,1.846,7.4435,7.7355,1.3855,0.6055
1999-01-22,1.5753,1.519,0.8634,114.65,1.8639,7.465,7.73,1.3829,0.6039
1999-01-25,1.585,1.5153,0.8646,113.8,1.8723,7.45,7.7225,1.3823,0.6038
1999-01-26,1.586,1.52,0.8638,114.03,1.8667,7.444,7.706,1.387,0.603
1999-01-27,1.5941,1.5215,0.871,115.62,1.8657,7.465,7.7155,1.4012,0.6066
1999-01-28,1.598,1.5263,0.8776,116.36,1.872,7.515,7.7725,1.4165,0.6072
1999-01-29,1.5881,1.5095,0.8794,116,1.8563,7.523,7.787,1.4168,0.6076
1999-02-01,1.5783,1.5085,0.8847,115.09,1.8416,7.556,7.833,1.4232,0.6094
1999-02-02,1.5623,1.5124,0.8828,112.12,1.8349,7.585,7.837,1.4111,0.6086
1999-02-03,1.5588,1.5135,0.8819,112.46,1.8182,7.615,7.865,1.4135,0.6107
1999-02-04,1.5408,1.493,0.8845,112.03,1.8067,7.643,7.843,1.417,0.6099
1999-02-05,1.5344,1.488,0.8863,113.14,1.8155,7.661,7.855,1.4173,0.6109
1999-02-08,1.5337,1.4875,0.8853,114.38,1.7867,7.638,7.862,1.4175,0.6105
1999-02-09,1.5461,1.4935,0.885,114.42,1.8031,7.65,7.8845,1.4183,0.6114
1999-02-10,1.5497,1.4943,0.8825,114.45,1.8149,7.64,7.885,1.4083,0.6139
1999-02-11,1.5396,1.4889,0.8847,114.7,1.8146,7.6305,7.89,1.4154,0.6156
1999-02-12,1.5473,1.4925,0.8864,114.32,1.8205,7.6215,7.883,1.4157,0.6131
1999-02-16,1.5674,1.5,0.8937,118.08,1.858,7.737,7.933,1.429,0.6129
1999-02-17,1.5783,1.4995,0.8905,119.03,1.8612,7.75,7.93,1.4247,0.6121
1999-02-18,1.5748,1.4873,0.891,119.82,1.856,7.796,7.966,1.425,0.6121
1999-02-19,1.5686,1.4905,0.9029,121,1.8477,7.833,8.02,1.4462,0.6152
1999-02-22,1.5625,1.4972,0.906,120.35,1.845,7.844,8.073,1.4483,0.6158
1999-02-23,1.5645,1.4975,0.9097,121.45,1.8612,7.87,8.1,1.4495,0.6197
1999-02-24,1.5835,1.499,0.9114,121.9,1.8832,7.913,8.145,1.452,0.6258
1999-02-25,1.5944,1.505,0.9035,119.26,1.8983,7.8625,8.115,1.4345,0.6227
1999-02-26,1.6116,1.509,0.9095,118.7,1.9048,7.9105,8.1915,1.4495,0.6239
1999-03-01,1.6184,1.524,0.9182,119.79,1.9095,7.95,8.255,1.462,0.6227
1999-03-02,1.6116,1.52,0.9148,120.47,1.8936,7.925,8.237,1.4582,0.6198
1999-03-03,1.6051,1.5268,0.9184,121.68,1.8914,7.941,8.262,1.461,0.6198
1999-03-04,1.6021,1.5255,0.9239,123.5,1.8947,7.9438,8.2779,1.47,0.6225
1999-03-05,1.5911,1.5167,0.9223,122.57,1.8815,7.905,8.2385,1.4686,0.6222
1999-03-08,1.586,1.5145,0.9175,121.73,1.8779,7.8575,8.205,1.4612,0.6217
1999-03-09,1.5731,1.5169,0.9197,121.4,1.8706,7.8575,8.189,1.4675,0.6193
1999-03-10,1.5748,1.524,0.9123,119.84,1.8685,7.813,8.112,1.4566,0.6147
1999-03-11,1.5711,1.522,0.9147,119.57,1.8727,7.8,8.094,1.4685,0.6146
1999-03-12,1.5723,1.5235,0.9144,118.99,1.8727,7.805,8.115,1.4608,0.6122
1999-03-15,1.5835,1.5286,0.9149,117.7,1.8779,7.842,8.1675,1.466,0.6164
1999-03-16,1.5974,1.5285,0.9162,117.74,1.89,7.826,8.21,1.4665,0.6158
1999-03-17,1.5941,1.5222,0.9079,118.15,1.8975,7.739,8.15,1.4483,0.6134
1999-03-18,1.587,1.5186,0.9099,117.53,1.8797,7.698,8.11,1.4534,0.6139
1999-03-19,1.5863,1.5158,0.9155,117.05,1.8843,7.7169,8.1747,1.462,0.6134
1999-03-22,1.5783,1.5078,0.9162,118.14,1.8748,7.746,8.198,1.464,0.6143
1999-03-23,1.5669,1.5065,0.9159,118.02,1.8639,7.744,8.198,1.4586,0.6108
1999-03-24,1.564,1.504,0.9157,117.35,1.8505,7.75,8.25,1.4575,0.6094
1999-03-25,1.5716,1.5105,0.9199,118.05,1.8612,7.767,8.258,1.4681,0.613
1999-03-26,1.5743,1.5135,0.9308,120.3,1.8657,7.803,8.335,1.4845,0.6171
1999-03-29,1.5815,1.5125,0.9332,119.78,1.8741,7.795,8.345,1.4877,0.6196
1999-03-30,1.5949,1.5125,0.9318,120.1,1.8839,7.795,8.337,1.489,0.6205
1999-03-31,1.5773,1.5092,0.9252,118.43,1.8727,7.728,8.213,1.4775,0.6196
1999-04-01,1.5738,1.5023,0.9275,120.19,1.8709,7.753,8.2465,1.481,0.6225
1999-04-02,1.576,1.4968,0.9275,120.6,1.8744,7.746,8.238,1.481,0.6241
1999-04-05,1.5835,1.4972,0.9341,122,1.8779,7.79,8.29,1.4912,0.6244
1999-04-06,1.5924,1.5035,0.9227,120.74,1.8868,7.699,8.214,1.4725,0.6281
1999-04-07,1.5944,1.5005,0.9273,121.34,1.8829,7.763,8.298,1.4807,0.626
1999-04-08,1.6015,1.4985,0.9229,120.85,1.8868,7.776,8.2685,1.4724,0.6218
1999-04-09,1.5883,1.5023,0.9271,121.09,1.8681,7.7835,8.275,1.4832,0.6224
1999-04-12,1.5765,1.4945,0.9223,120.14,1.8433,7.72,8.273,1.4795,0.6201
1999-04-13,1.5711,1.4898,0.9276,120.04,1.8491,7.76,8.3,1.49,0.6198
1999-04-14,1.5679,1.4929,0.9277,118.89,1.845,7.729,8.271,1.4879,0.6202
1999-04-15,1.5726,1.4908,0.9331,119.04,1.8525,7.751,8.283,1.4973,0.621
1999-04-16,1.5466,1.4865,0.9356,117.86,1.8332,7.77,8.335,1.4993,0.6207
1999-04-19,1.5342,1.4833,0.9427,117.99,1.8238,7.7925,8.38,1.5097,0.6221
1999-04-20,1.5444,1.492,0.9407,118.18,1.8232,7.7925,8.388,1.5065,0.6198
1999-04-21,1.5458,1.4895,0.9423,119.76,1.8285,7.79,8.402,1.508,0.6221
1999-04-22,1.5368,1.481,0.9436,119.84,1.8265,7.805,8.4,1.5095,0.6205
1999-04-23,1.5347,1.477,0.9404,119.26,1.8248,7.803,8.383,1.5071,0.6184
1999-04-26,1.5413,1.4792,0.9443,119.13,1.8268,7.816,8.405,1.5132,0.6206
1999-04-27,1.5373,1.4788,0.9391,120.23,1.8215,7.786,8.3575,1.5085,0.6182
1999-04-28,1.5293,1.477,0.942,119.13,1.8142,7.807,8.3895,1.5137,0.6193
1999-04-29,1.5191,1.467,0.9442,119.26,1.8002,7.8,8.4022,1.519,0.6209
1999-04-30,1.5106,1.4578,0.9466,119.43,1.7841,7.8175,8.445,1.5257,0.6217
1999-05-03,1.506,1.4512,0.946,120.14,1.7825,7.801,8.463,1.5252,0.6218
1999-05-04,1.5094,1.454,0.944,120.94,1.7899,7.785,8.472,1.517,0.6169
1999-05-05,1.5119,1.4558,0.9325,120.91,1.7937,7.731,8.4,1.4975,0.6121
1999-05-06,1.4948,1.4555,0.9277,120.77,1.7746,7.662,8.33,1.492,0.6106
1999-05-07,1.4905,1.4585,0.9276,120.78,1.786,7.6475,8.313,1.491,0.6116
1999-05-10,1.4952,1.4605,0.927,120.68,1.7857,7.6155,8.2885,1.4895,0.6135
1999-05-11,1.4899,1.4538,0.9328,120.96,1.779,7.669,8.358,1.4998,0.6167
1999-05-12,1.4993,1.4608,0.9376,120.86,1.7857,7.706,8.395,1.5025,0.6176
1999-05-13,1.4972,1.4598,0.9411,121.67,1.7873,7.718,8.425,1.508,0.6177
1999-05-14,1.5042,1.4635,0.939,122.64,1.7928,7.705,8.4175,1.5058,0.6182
1999-05-17,1.5011,1.4605,0.937,123.27,1.7883,7.682,8.425,1.5013,0.6176
1999-05-18,1.4914,1.4607,0.937,123.24,1.78,7.703,8.4375,1.503,0.6172
1999-05-19,1.5076,1.4661,0.9398,124.45,1.8119,7.759,8.461,1.505,0.6182
1999-05-20,1.5129,1.4658,0.9407,124.15,1.8248,7.7665,8.445,1.5083,0.6203
1999-05-21,1.5163,1.4595,0.9454,123.9,1.8352,7.7895,8.489,1.5175,0.6242
1999-05-24,1.5163,1.4559,0.944,123.57,1.8298,7.792,8.471,1.5115,0.6259
1999-05-25,1.5198,1.4603,0.9446,122.88,1.8399,7.79,8.4875,1.505,0.6242
1999-05-26,1.5404,1.472,0.955,122.03,1.8744,7.859,8.573,1.522,0.6264
1999-05-27,1.542,1.4755,0.9579,121.27,1.8713,7.9055,8.614,1.5265,0.6267
1999-05-28,1.5319,1.4725,0.9595,120.88,1.8674,7.9045,8.598,1.528,0.6242
1999-06-01,1.5588,1.483,0.957,120.75,1.8896,7.889,8.598,1.523,0.6192
1999-06-02,1.5516,1.4805,0.9655,121.14,1.9026,7.9445,8.6405,1.5365,0.6221
1999-06-03,1.5439,1.4768,0.9657,121.5,1.9055,7.9695,8.646,1.5375,0.6229
1999-06-04,1.5256,1.4696,0.9683,121.99,1.8797,7.9745,8.65,1.5385,0.6221
1999-06-07,1.5191,1.4735,0.9713,121.31,1.8804,7.95,8.634,1.5425,0.6246
1999-06-08,1.5184,1.47,0.958,119.88,1.885,7.851,8.525,1.525,0.6231
1999-06-09,1.5186,1.4723,0.9569,119.2,1.8769,7.87,8.557,1.525,0.625
1999-06-10,1.5094,1.462,0.9545,118.85,1.8674,7.8263,8.493,1.524,0.6249
1999-06-11,1.5053,1.46,0.9509,118.14,1.8505,7.8035,8.4555,1.5195,0.6217
1999-06-14,1.5083,1.4608,0.9601,120.4,1.857,7.855,8.5025,1.53,0.6221
1999-06-15,1.5198,1.4653,0.9597,120.63,1.8744,7.862,8.4875,1.5315,0.627
1999-06-16,1.5232,1.4585,0.9711,120.03,1.8727,7.922,8.532,1.5492,0.6304
1999-06-17,1.5209,1.461,0.9681,119.47,1.8699,7.883,8.4765,1.5455,0.6279
1999-06-18,1.5307,1.4645,0.9645,120.48,1.8825,7.86,8.434,1.5412,0.628
1999-06-21,1.5366,1.4727,0.9687,122.28,1.8857,7.841,8.412,1.5458,0.6293
1999-06-22,1.5302,1.4705,0.9687,121.68,1.8832,7.8475,8.435,1.5455,0.6291
1999-06-23,1.5225,1.4735,0.9694,122.05,1.8734,7.855,8.429,1.5478,0.6334
1999-06-24,1.5193,1.471,0.9641,121.83,1.8646,7.856,8.443,1.5395,0.6316
1999-06-25,1.511,1.4642,0.9571,121.28,1.8695,7.808,8.392,1.529,0.6292
1999-06-28,1.5198,1.4695,0.964,121.3,1.8762,7.8505,8.4535,1.5416,0.632
1999-06-29,1.5198,1.476,0.9674,120.81,1.8836,7.854,8.465,1.5495,0.6337
1999-06-30,1.5126,1.4735,0.9699,120.94,1.8886,7.875,8.481,1.5555,0.6343
1999-07-01,1.5004,1.4693,0.9769,120.99,1.8779,7.914,8.543,1.569,0.6343
1999-07-02,1.4919,1.4645,0.9762,121.13,1.8744,7.8895,8.495,1.5678,0.6332
1999-07-06,1.5022,1.4685,0.9757,121.94,1.8886,7.883,8.497,1.565,0.6374
1999-07-07,1.506,1.47,0.9781,122.19,1.9029,7.915,8.5025,1.569,0.6409
1999-07-08,1.5026,1.4698,0.9806,122.57,1.9073,7.953,8.558,1.5731,0.642
1999-07-09,1.5049,1.4735,0.9817,122.37,1.8993,7.9645,8.57,1.5775,0.6445
1999-07-12,1.5106,1.4812,0.9863,122.22,1.9066,7.999,8.612,1.5828,0.6428
1999-07-13,1.5168,1.4828,0.9827,121.38,1.9139,8.01,8.5925,1.5777,0.6424
1999-07-14,1.517,1.4811,0.979,120.58,1.9139,7.9885,8.586,1.5717,0.6396
1999-07-15,1.5092,1.4826,0.9785,120.49,1.9037,7.977,8.569,1.571,0.6384
1999-07-16,1.5147,1.482,0.9801,120.98,1.9099,7.965,8.5525,1.5745,0.6401
1999-07-19,1.5349,1.4918,0.9801,119.18,1.922,7.945,8.525,1.5738,0.6398
1999-07-20,1.5425,1.4915,0.9597,118.94,1.9175,7.856,8.395,1.5405,0.6369
1999-07-21,1.5444,1.5011,0.95,118.25,1.8954,7.857,8.339,1.5267,0.6343
1999-07-22,1.5466,1.5025,0.9516,117.27,1.8983,7.867,8.3595,1.5285,0.6315
1999-07-23,1.5432,1.5076,0.9527,116.51,1.885,7.855,8.365,1.5294,0.6337
1999-07-26,1.5449,1.5102,0.9389,116.66,1.8993,7.811,8.272,1.5069,0.6287
1999-07-27,1.5521,1.5135,0.941,116.23,1.9109,7.846,8.278,1.5065,0.6291
1999-07-28,1.5523,1.511,0.9395,116.17,1.9102,7.8725,8.264,1.502,0.6275
1999-07-29,1.5396,1.5085,0.9329,115.19,1.8947,7.8195,8.209,1.49,0.62
1999-07-30,1.5333,1.507,0.9351,114.7,1.8839,7.774,8.222,1.4925,0.617
1999-08-02,1.5385,1.5079,0.938,114.51,1.8975,7.7565,8.212,1.4995,0.6194
1999-08-03,1.5302,1.4948,0.9363,115.1,1.8758,7.749,8.178,1.4975,0.6179
1999-08-04,1.5186,1.4898,0.9289,114.2,1.8657,7.721,8.142,1.4862,0.6173
1999-08-05,1.5279,1.4947,0.9265,113.98,1.8815,7.701,8.142,1.4805,0.6174
1999-08-06,1.5312,1.5035,0.9285,114.6,1.8904,7.7245,8.168,1.4863,0.6193
1999-08-09,1.5385,1.5026,0.9351,115.37,1.9231,7.74,8.224,1.4972,0.625
1999-08-10,1.5356,1.5,0.9301,114.44,1.8965,7.708,8.21,1.4895,0.618
1999-08-11,1.542,1.4908,0.9381,115.1,1.8932,7.733,8.255,1.5024,0.6208
1999-08-12,1.5396,1.4853,0.9402,115.76,1.8875,7.748,8.268,1.506,0.6215
1999-08-13,1.5344,1.478,0.9463,115.66,1.8861,7.8025,8.31,1.5157,0.6228
1999-08-16,1.5392,1.4815,0.9472,114.83,1.9004,7.788,8.302,1.5173,0.6246
1999-08-17,1.542,1.4794,0.9501,114.18,1.9066,7.803,8.31,1.5215,0.6236
1999-08-18,1.5461,1.4832,0.9519,112.3,1.8769,7.822,8.335,1.523,0.6248
1999-08-19,1.5711,1.494,0.9396,111.14,1.8804,7.743,8.247,1.5025,0.618
1999-08-20,1.5642,1.4942,0.9386,111.44,1.873,7.743,8.229,1.4988,0.6198
1999-08-23,1.5726,1.4955,0.9476,111.73,1.8832,7.875,8.29,1.5145,0.622
1999-08-24,1.5699,1.4955,0.9518,111.53,1.8975,7.85,8.285,1.5242,0.6271
1999-08-25,1.5788,1.496,0.9559,111.18,1.9387,7.951,8.336,1.5315,0.6303
1999-08-26,1.5873,1.5026,0.9578,111.83,1.9531,7.99,8.355,1.5339,0.6299
1999-08-27,1.5823,1.492,0.956,111.68,1.9493,7.952,8.325,1.5303,0.6295
1999-08-30,1.5808,1.4925,0.9574,111.13,1.9501,7.948,8.344,1.5332,0.6299
1999-08-31,1.5674,1.4965,0.9451,109.3,1.935,7.83,8.229,1.513,0.6217
1999-09-01,1.5649,1.4858,0.945,109.35,1.9455,7.8225,8.212,1.5135,0.6241
1999-09-02,1.5511,1.495,0.9355,109.24,1.9286,7.787,8.162,1.4938,0.6215
1999-09-03,1.5463,1.4909,0.943,110.09,1.9283,7.8425,8.196,1.5073,0.6239
1999-09-07,1.5468,1.4937,0.9451,110.92,1.8975,7.817,8.17,1.5108,0.6228
1999-09-08,1.5418,1.487,0.9443,110.99,1.895,7.771,8.15,1.5103,0.6179
1999-09-09,1.5337,1.48,0.9485,108,1.8815,7.782,8.16,1.5172,0.6123
1999-09-10,1.5337,1.4747,0.9614,109,1.8762,7.887,8.262,1.544,0.6179
1999-09-13,1.5214,1.4703,0.9615,106.19,1.8674,7.8625,8.2175,1.5425,0.6215
1999-09-14,1.5279,1.4745,0.9608,105.33,1.8886,7.9,8.285,1.5408,0.6217
1999-09-15,1.5415,1.4754,0.9629,103.78,1.9088,7.914,8.298,1.5455,0.6207
1999-09-16,1.5475,1.478,0.9599,105.1,1.908,7.8925,8.298,1.5384,0.6154
1999-09-17,1.543,1.4742,0.9616,106.94,1.8968,7.8965,8.282,1.5441,0.6164
1999-09-20,1.5591,1.4785,0.9608,106.42,1.9175,7.863,8.242,1.5435,0.6161
1999-09-21,1.5456,1.4725,0.956,104.85,1.904,7.83,8.232,1.5328,0.6131
1999-09-22,1.5354,1.4685,0.9524,104.03,1.9066,7.829,8.223,1.5267,0.6111
1999-09-23,1.5427,1.4754,0.9602,104.18,1.9212,7.855,8.25,1.5393,0.6107
1999-09-24,1.5326,1.4739,0.9555,104.14,1.9305,7.8425,8.239,1.53,0.6087
1999-09-27,1.5326,1.4713,0.9587,106.07,1.9399,7.8675,8.265,1.5361,0.6077
1999-09-28,1.5256,1.4645,0.9516,106.14,1.9493,7.798,8.215,1.524,0.6066
1999-09-29,1.5314,1.4645,0.9422,106.8,1.9316,7.759,8.195,1.5075,0.6088
1999-09-30,1.5319,1.4695,0.9396,106.82,1.9342,7.7395,8.201,1.5022,0.6076
1999-10-01,1.5291,1.4725,0.933,105.08,1.9354,7.6925,8.1495,1.4867,0.6042
1999-10-04,1.5135,1.4705,0.9343,106.35,1.915,7.695,8.147,1.4878,0.604
1999-10-05,1.5076,1.4695,0.9352,106.96,1.9102,7.7,8.118,1.4894,0.6051
1999-10-06,1.514,1.4695,0.9342,107.54,1.9183,7.7125,8.1375,1.4875,0.6039
1999-10-07,1.5147,1.4725,0.9327,107.67,1.9279,7.715,8.13,1.486,0.6053
1999-10-08,1.5291,1.4739,0.9407,107.38,1.9448,7.815,8.18,1.5,0.6053
1999-10-12,1.5256,1.4748,0.9314,106.28,1.9354,7.717,8.094,1.4832,0.6048
1999-10-13,1.5408,1.4815,0.9295,107.45,1.9547,7.7265,8.1075,1.479,0.6049
1999-10-14,1.5385,1.4822,0.926,106.96,1.9577,7.711,8.1095,1.4735,0.6033
1999-10-15,1.5444,1.4853,0.9185,105.43,1.9558,7.6675,8.105,1.4592,0.5994
1999-10-18,1.5528,1.4952,0.9206,104.93,1.9685,7.705,8.165,1.462,0.5981
1999-10-19,1.5418,1.491,0.9231,105.5,1.9569,7.7045,8.136,1.4681,0.5985
1999-10-20,1.5473,1.4905,0.9289,106.16,1.9482,7.723,8.17,1.479,0.6009
1999-10-21,1.5456,1.486,0.9252,105.96,1.9429,7.7015,8.121,1.473,0.5965
1999-10-22,1.5378,1.4759,0.9365,105.81,1.9395,7.754,8.14,1.4975,0.603
1999-10-25,1.5366,1.4748,0.9376,105.35,1.9417,7.753,8.135,1.4992,0.6013
1999-10-26,1.5378,1.4715,0.9454,104.83,1.947,7.7875,8.16,1.5135,0.6051
1999-10-27,1.5538,1.4709,0.9495,104.24,1.9704,7.82,8.205,1.52,0.6069
1999-10-28,1.5487,1.4722,0.9507,105.13,1.9585,7.853,8.251,1.5238,0.6098
1999-10-29,1.5684,1.472,0.9508,104.29,1.9732,7.85,8.2225,1.5243,0.6088
1999-11-01,1.5669,1.4684,0.9529,104.19,1.9685,7.877,8.2545,1.5291,0.6096
1999-11-02,1.5613,1.469,0.9518,104.15,1.9627,7.865,8.244,1.5305,0.6081
1999-11-03,1.5535,1.4688,0.9537,105,1.9531,7.8825,8.273,1.5344,0.6083
1999-11-04,1.5667,1.465,0.9579,104.48,1.9436,7.912,8.342,1.5436,0.6107
1999-11-05,1.5662,1.463,0.9615,106.33,1.9512,7.926,8.331,1.5513,0.6171
1999-11-08,1.5711,1.4683,0.965,105.77,1.9608,7.9275,8.345,1.5535,0.6192
1999-11-09,1.5686,1.4735,0.9614,104.86,1.9646,7.892,8.322,1.5465,0.6169
1999-11-10,1.562,1.4708,0.9582,104.58,1.9562,7.852,8.2975,1.5398,0.6154
1999-11-12,1.555,1.462,0.9695,105.34,1.9395,7.933,8.376,1.5575,0.6199
1999-11-15,1.5463,1.465,0.9695,104.88,1.9186,7.943,8.36,1.556,0.6161
1999-11-16,1.5584,1.4698,0.9697,105.83,1.9298,7.952,8.392,1.5542,0.6187
1999-11-17,1.564,1.4675,0.9613,105.47,1.9448,7.886,8.301,1.5411,0.6161
1999-11-18,1.5637,1.4635,0.9712,105.85,1.9493,7.9625,8.371,1.5564,0.6192
1999-11-19,1.5649,1.4628,0.9696,106.13,1.9639,7.94,8.345,1.5543,0.6188
1999-11-22,1.5684,1.462,0.9683,104.87,1.9592,7.916,8.3425,1.551,0.6171
1999-11-23,1.5733,1.465,0.9746,104.2,1.9569,7.96,8.38,1.559,0.6159
1999-11-24,1.5815,1.4685,0.9827,104.62,1.96,8.0065,8.436,1.5721,0.6215
1999-11-26,1.576,1.4685,0.9865,102.19,1.9569,8,8.464,1.5795,0.6226
1999-11-29,1.5704,1.4752,0.9901,102.43,1.9531,8.042,8.482,1.5878,0.6241
1999-11-30,1.5696,1.472,0.9924,101.8,1.9596,8.059,8.513,1.5893,0.6275
1999-12-01,1.5738,1.475,0.9941,102.37,1.9604,8.092,8.56,1.592,0.6266
1999-12-02,1.5798,1.4795,0.9977,102.69,1.9693,8.097,8.6,1.595,0.6261
1999-12-03,1.5793,1.4793,0.9984,102.55,1.9814,8.093,8.5665,1.5925,0.6244
1999-12-06,1.5753,1.4742,0.9754,103.1,1.9747,7.937,8.417,1.5608,0.6161
1999-12-07,1.5718,1.475,0.9783,102.39,1.9732,7.9375,8.415,1.5645,0.616
1999-12-08,1.5674,1.4794,0.9744,102.97,1.9662,7.92,8.35,1.56,0.6152
1999-12-09,1.5635,1.4745,0.9842,102.57,1.972,7.9875,8.406,1.5741,0.6161
1999-12-10,1.5711,1.4787,0.9844,102.4,2.0263,7.9925,8.4675,1.5745,0.6163
1999-12-13,1.5798,1.4796,0.9881,103.26,2.0375,8.013,8.497,1.5834,0.6161
1999-12-14,1.5743,1.4823,0.9933,103.47,2.021,8.056,8.539,1.5895,0.6207
1999-12-15,1.5731,1.4837,0.9934,103.54,2.03,8.049,8.527,1.5903,0.6217
1999-12-16,1.5564,1.4785,0.9834,103.04,1.9685,7.9875,8.469,1.5758,0.6202
1999-12-17,1.5562,1.4778,0.9913,103.27,1.9724,7.9905,8.501,1.5888,0.6223
1999-12-20,1.5586,1.48,0.9934,102.72,1.981,8.024,8.54,1.59,0.6236
1999-12-21,1.5545,1.4796,0.9908,102.06,1.9467,7.999,8.506,1.5847,0.621
1999-12-22,1.5538,1.4769,0.9921,101.53,1.9501,7.98,8.495,1.5863,0.6227
1999-12-23,1.5497,1.4735,0.9841,101.73,1.938,7.977,8.435,1.577,0.6188
1999-12-24,1.5559,1.4685,0.9874,102.95,1.9455,8.0175,8.45,1.5855,0.619
1999-12-27,1.5509,1.4623,0.9866,102.1,1.9324,7.989,8.464,1.5835,0.6183
1999-12-28,1.5504,1.4545,0.9932,102.19,1.9339,8.036,8.513,1.594,0.6186
1999-12-29,1.5378,1.4507,0.9955,102.05,1.9198,8.044,8.53,1.5977,0.6185
1999-12-30,1.5293,1.4533,0.9976,102.33,1.9168,8.0305,8.54,1.6015,0.62
1999-12-31,1.5244,1.444,0.993,102.16,1.9106,8.01,8.505,1.593,0.6192
2000-01-03,1.5172,1.4465,0.9847,101.7,1.9033,7.964,8.443,1.5808,0.6146
2000-01-04,1.5239,1.4518,0.97,103.09,1.9238,7.934,8.36,1.5565,0.6109
2000-01-05,1.5267,1.4518,0.9676,103.77,1.9339,7.935,8.353,1.5526,0.6092
2000-01-06,1.5291,1.4571,0.9686,105.19,1.9436,7.94,8.3675,1.554,0.607
2000-01-07,1.5272,1.4505,0.9714,105.17,1.938,7.966,8.415,1.5623,0.6104
2000-01-10,1.5242,1.4568,0.9754,105.28,1.935,8.024,8.449,1.5704,0.6107
2000-01-11,1.5209,1.457,0.9688,106.09,1.9365,7.969,8.397,1.5605,0.6068
2000-01-12,1.5202,1.455,0.9727,105.76,1.9286,7.977,8.418,1.566,0.6073
2000-01-13,1.4954,1.4495,0.9737,106.09,1.9084,7.9425,8.417,1.5707,0.6067
2000-01-14,1.5004,1.4497,0.9874,105.86,1.9186,7.997,8.474,1.5945,0.6115
2000-01-18,1.506,1.4502,0.988,105.49,1.9342,8.01,8.468,1.5942,0.6105
2000-01-19,1.5074,1.4527,0.9886,105.39,1.9399,8,8.487,1.5965,0.6083
2000-01-20,1.5002,1.4484,0.9869,105.45,1.9486,7.977,8.468,1.5915,0.6047
2000-01-21,1.5103,1.442,0.9901,104.96,1.9592,7.999,8.493,1.5973,0.6059
2000-01-24,1.5281,1.44,0.9981,105.52,1.9759,8.026,8.526,1.609,0.6053
2000-01-25,1.5286,1.4389,0.9959,105.87,1.9732,8.036,8.521,1.6085,0.6067
2000-01-26,1.5373,1.4379,0.9989,105.85,1.9763,8.0675,8.5285,1.6102,0.6099
2000-01-27,1.5267,1.435,1.0111,104.91,1.9716,8.1475,8.615,1.6317,0.6111
2000-01-28,1.5962,1.4495,1.0241,107.15,2.0534,8.27,8.82,1.6485,0.6169
2000-01-31,1.5669,1.4517,1.0249,107.33,2.019,8.301,8.815,1.6495,0.618
2000-02-01,1.5835,1.4468,1.0276,107.67,2.0392,8.277,8.768,1.654,0.6192
2000-02-02,1.5723,1.4435,1.0238,108.4,2.0416,8.225,8.708,1.6502,0.6227
2000-02-03,1.5657,1.4417,1.0114,107.92,2.0133,8.158,8.577,1.6255,0.624
2000-02-04,1.5835,1.4467,1.0246,107.54,2.0284,8.27,8.663,1.647,0.6283
2000-02-07,1.5775,1.4457,1.0222,108.75,2.0259,8.259,8.66,1.6426,0.6283
2000-02-08,1.5741,1.4473,1.014,109.59,2.0243,8.1835,8.595,1.6301,0.6209
2000-02-09,1.576,1.4443,1.0087,109.11,2.0325,8.145,8.544,1.6232,0.6205
2000-02-10,1.5823,1.45,1.0137,108.74,2.0263,8.175,8.585,1.628,0.6228
2000-02-11,1.5918,1.4515,1.0155,108.99,2.0346,8.212,8.608,1.6305,0.628
2000-02-14,1.5926,1.4547,1.0222,108.65,2.0542,8.248,8.679,1.6435,0.6293
2000-02-15,1.5873,1.4585,1.0169,108.75,2.0534,8.2515,8.68,1.633,0.627
2000-02-16,1.587,1.452,1.0161,109.38,2.0412,8.239,8.6695,1.6302,0.6234
2000-02-17,1.5823,1.4522,1.0139,110.27,2.0255,8.285,8.68,1.6274,0.6231
2000-02-18,1.5893,1.4512,1.0152,110.88,2.0371,8.257,8.6725,1.6282,0.6256
2000-02-22,1.5982,1.4595,0.994,111.04,2.0338,8.145,8.5395,1.5983,0.6186
2000-02-23,1.6139,1.4651,0.9983,111.11,2.0597,8.1775,8.577,1.6082,0.6232
2000-02-24,1.6276,1.4587,1.0069,110.95,2.0547,8.2055,8.619,1.62,0.6257
2000-02-25,1.6194,1.4505,1.0243,110.98,2.0483,8.312,8.695,1.6475,0.6286
2000-02-28,1.6351,1.4538,1.0342,109.17,2.0636,8.3425,8.6895,1.6615,0.6275
2000-02-29,1.6247,1.4505,1.037,109.88,2.0555,8.381,8.75,1.6665,0.6337
2000-03-01,1.6483,1.447,1.0309,107.1,2.0606,8.3115,8.6865,1.6568,0.631
2000-03-02,1.6455,1.4543,1.0396,107.37,2.05,8.4024,8.805,1.6714,0.6343
2000-03-03,1.6442,1.451,1.0397,107.8,2.05,8.397,8.815,1.6712,0.6325
2000-03-06,1.6622,1.4555,1.0413,107.74,2.079,8.4125,8.7865,1.675,0.6356
2000-03-07,1.657,1.4527,1.046,106.2,2.0678,8.436,8.804,1.681,0.634
2000-03-08,1.641,1.4592,1.0443,106.89,2.0513,8.454,8.851,1.677,0.6307
2000-03-09,1.6247,1.457,1.0326,106.45,2.0338,8.393,8.7235,1.6595,0.6323
2000-03-10,1.6297,1.4575,1.0353,106.27,2.0202,8.395,8.72,1.6661,0.6332
2000-03-13,1.6221,1.4614,1.0365,105.32,2.0272,8.419,8.718,1.6702,0.6336
2000-03-14,1.6287,1.4632,1.0369,104.85,2.0392,8.443,8.697,1.6715,0.6359
2000-03-15,1.6327,1.468,1.0314,105.58,2.0471,8.417,8.6915,1.6618,0.6357
2000-03-16,1.6375,1.4724,1.0299,105.63,2.05,8.406,8.694,1.6593,0.635
2000-03-17,1.6483,1.4728,1.0316,106.1,2.064,8.4085,8.666,1.662,0.6367
2000-03-20,1.6488,1.4703,1.0299,106.5,2.0683,8.421,8.6425,1.6605,0.6375
2000-03-21,1.6393,1.4662,1.0306,106.91,2.0396,8.429,8.65,1.6615,0.6359
2000-03-22,1.6513,1.472,1.0408,106.77,2.0509,8.466,8.711,1.675,0.6367
2000-03-23,1.6554,1.4727,1.0319,107.45,2.0513,8.388,8.645,1.6522,0.6317
2000-03-24,1.6491,1.465,1.0284,107.25,2.0479,8.345,8.5775,1.6333,0.6285
2000-03-27,1.6356,1.4605,1.0368,107.13,2.0276,8.406,8.6465,1.6468,0.6307
2000-03-28,1.6284,1.4541,1.0401,105.9,1.99,8.39,8.5675,1.6551,0.63
2000-03-29,1.6329,1.4555,1.05,105.6,1.994,8.45,8.6675,1.6725,0.6301
2000-03-30,1.6327,1.4557,1.0423,105.53,2.004,8.405,8.633,1.6605,0.6281
2000-03-31,1.6496,1.4538,1.0445,102.73,2.0161,8.435,8.635,1.663,0.6281
2000-04-03,1.6466,1.4548,1.046,104.82,2.0008,8.464,8.678,1.6587,0.6258
2000-04-04,1.6578,1.4531,1.043,105.33,1.9972,8.49,8.691,1.65,0.6264
2000-04-05,1.6521,1.4548,1.0366,105,1.9869,8.4425,8.6225,1.633,0.6289
2000-04-06,1.6622,1.4515,1.0438,104.78,1.996,8.476,8.661,1.639,0.6329
2000-04-07,1.6658,1.4574,1.0428,105.33,1.9988,8.482,8.642,1.6383,0.6317
2000-04-10,1.6692,1.4615,1.043,106.37,2.006,8.502,8.61,1.6435,0.6318
2000-04-11,1.6787,1.4635,1.0426,106.95,2.0064,8.526,8.634,1.6415,0.63
2000-04-12,1.675,1.4623,1.047,105.86,2.0101,8.533,8.702,1.649,0.6296
2000-04-13,1.677,1.4661,1.05,105.76,2.0088,8.546,8.723,1.652,0.6297
2000-04-14,1.6745,1.4767,1.0456,105.12,2.0096,8.5435,8.7,1.6408,0.6305
2000-04-17,1.6912,1.4855,1.0471,104.19,2.0222,8.587,8.72,1.644,0.6308
2000-04-18,1.6818,1.4837,1.0552,104.59,2.019,8.631,8.744,1.6603,0.6344
2000-04-19,1.6787,1.4761,1.0673,104.94,2.006,8.714,8.798,1.6755,0.6338
2000-04-20,1.6861,1.4725,1.0666,105.45,2.0202,8.6925,8.8,1.6772,0.6329
2000-04-21,1.6878,1.475,1.0662,105.88,2.0263,8.677,8.786,1.676,0.6335
2000-04-24,1.6821,1.4763,1.0643,105.66,2.0218,8.673,8.78,1.6712,0.6329
2000-04-25,1.679,1.4699,1.0793,105.71,2.0182,8.806,8.848,1.6985,0.6334
2000-04-26,1.6978,1.4758,1.085,106.46,2.0555,8.8275,8.885,1.7085,0.6331
2000-04-27,1.7021,1.4792,1.101,106.36,2.0585,8.9718,8.9808,1.731,0.635
2000-04-28,1.7132,1.4818,1.1002,107.98,2.0597,8.959,8.967,1.725,0.6427
2000-05-01,1.7241,1.4783,1.0965,108.89,2.0683,8.905,8.9183,1.7135,0.6428
2000-05-02,1.7074,1.4857,1.1028,108.63,2.058,8.9535,8.941,1.7185,0.6414
2000-05-03,1.6949,1.4923,1.1247,109.14,2.045,9.071,9.077,1.7369,0.6408
2000-05-04,1.6909,1.498,1.1227,108.17,2.0375,9.102,9.104,1.7353,0.6479
2000-05-05,1.6849,1.498,1.1169,108.53,2.0437,9.106,9.103,1.7323,0.6541
2000-05-08,1.7036,1.4927,1.1173,109.03,2.0631,9.093,9.095,1.7305,0.6532
2000-05-09,1.7159,1.4945,1.1083,109.61,2.0877,9.051,9.0592,1.7219,0.653
2000-05-10,1.7197,1.4955,1.0993,109.33,2.0942,9.045,9.0575,1.715,0.6599
2000-05-11,1.7271,1.49,1.1085,108.47,2.0934,9.139,9.16,1.7252,0.6668
2000-05-12,1.7212,1.4872,1.1013,108.74,2.0855,9.0115,9.092,1.709,0.6591
2000-05-15,1.7425,1.4897,1.0943,109.48,2.1093,8.963,9.063,1.7033,0.6633
2000-05-16,1.7322,1.4862,1.1046,109.75,2.1142,9.0505,9.103,1.7152,0.6663
2000-05-17,1.759,1.4992,1.121,109.53,2.1692,9.152,9.201,1.7398,0.6709
2000-05-18,1.7535,1.5007,1.1171,108.7,2.209,9.126,9.1323,1.7377,0.6749
2000-05-19,1.7458,1.4963,1.1178,106.89,2.1906,9.1375,9.1575,1.7347,0.6732
2000-05-22,1.7422,1.4983,1.1067,107.02,2.1772,9.117,9.222,1.7185,0.6708
2000-05-23,1.74,1.5036,1.1072,106.72,2.1801,9.153,9.21,1.7295,0.679
2000-05-24,1.7504,1.5085,1.0994,107.58,2.2026,9.0985,9.175,1.7208,0.6777
2000-05-25,1.7544,1.5057,1.1023,107.48,2.1901,9.106,9.165,1.721,0.68
2000-05-26,1.7495,1.5045,1.0741,107.18,2.181,8.919,9.01,1.6828,0.6723
2000-05-30,1.7337,1.5036,1.0737,106.44,2.1734,8.947,9.002,1.6885,0.6689
2000-05-31,1.7519,1.4977,1.072,107.74,2.1872,8.926,8.987,1.6883,0.6681
2000-06-01,1.7479,1.491,1.0745,108.74,2.1925,8.94,8.968,1.6878,0.6705
2000-06-02,1.7271,1.4785,1.0602,108.15,2.1441,8.8095,8.8245,1.668,0.6632
2000-06-05,1.7206,1.4779,1.0559,107.44,2.139,8.749,8.805,1.663,0.6607
2000-06-06,1.6987,1.478,1.0449,105.64,2.1106,8.662,8.711,1.643,0.6564
2000-06-07,1.6949,1.4785,1.0417,105.5,2.1186,8.6314,8.656,1.6365,0.6568
2000-06-08,1.7013,1.48,1.0473,105.86,2.1345,8.694,8.758,1.641,0.664
2000-06-09,1.7053,1.4765,1.0498,106.78,2.1368,8.732,8.745,1.6443,0.6632
2000-06-12,1.6915,1.4765,1.0478,106.65,2.1245,8.691,8.691,1.6356,0.6614
2000-06-13,1.6742,1.4697,1.0396,106.79,2.1186,8.6265,8.612,1.6255,0.6609
2000-06-14,1.6647,1.4695,1.0428,106.89,2.1022,8.573,8.533,1.6318,0.6656
2000-06-15,1.6625,1.4758,1.0493,106.52,2.1322,8.636,8.625,1.6386,0.6621
2000-06-16,1.6439,1.4708,1.0365,106.22,2.0899,8.5755,8.6015,1.6178,0.6594
2000-06-19,1.66,1.4657,1.0393,105.74,2.1142,8.58,8.62,1.623,0.6599
2000-06-20,1.6565,1.4708,1.0464,105.42,2.1048,8.6225,8.6425,1.628,0.6623
2000-06-21,1.6595,1.4729,1.0576,105.5,2.1044,8.7,8.719,1.639,0.668
2000-06-22,1.6686,1.4725,1.0641,104.4,2.1151,8.738,8.805,1.6455,0.6618
2000-06-23,1.6767,1.4793,1.0686,104.59,2.1209,8.739,8.85,1.6565,0.6662
2000-06-26,1.6764,1.483,1.0659,105.66,2.1299,8.758,8.891,1.651,0.6671
2000-06-27,1.6633,1.4825,1.0589,105.53,2.1186,8.6947,8.8725,1.6379,0.6667
2000-06-28,1.6603,1.4838,1.0589,105.51,2.1505,8.652,8.864,1.642,0.6619
2000-06-29,1.6586,1.482,1.051,105.09,2.1313,8.59,8.822,1.6375,0.6582
2000-06-30,1.6748,1.4798,1.0477,106.14,2.1322,8.581,8.821,1.6317,0.6609
2000-07-03,1.6678,1.4793,1.0498,105.64,2.139,8.588,8.7925,1.6323,0.6607
2000-07-05,1.6929,1.4909,1.0473,106.91,2.1701,8.588,8.83,1.622,0.6614
2000-07-06,1.6923,1.485,1.0496,107.37,2.1716,8.6,8.866,1.625,0.6614
2000-07-07,1.6946,1.481,1.0544,107.81,2.1716,8.5925,8.915,1.6278,0.6604
2000-07-10,1.6915,1.4798,1.0503,107.1,2.1687,8.5825,8.8855,1.6275,0.6606
2000-07-11,1.6975,1.4785,1.053,106.93,2.1753,8.6092,8.8906,1.6335,0.6605
2000-07-12,1.6978,1.4815,1.0637,108.36,2.1763,8.673,8.8925,1.651,0.6637
2000-07-13,1.7079,1.4809,1.0708,108.27,2.1753,8.729,8.941,1.6608,0.6671
2000-07-14,1.7103,1.4845,1.0668,107.88,2.1683,8.698,8.898,1.6532,0.6671
2000-07-17,1.7079,1.4813,1.0694,108.53,2.1839,8.75,8.968,1.6575,0.6702
2000-07-18,1.7112,1.4783,1.0727,108.3,2.1853,8.79,9,1.6608,0.6691
2000-07-19,1.7391,1.4758,1.0826,108.2,2.2026,8.854,9.081,1.6781,0.6693
2000-07-20,1.7194,1.4748,1.0762,107.89,2.1697,8.81,9.02,1.668,0.6625
2000-07-21,1.705,1.4715,1.0703,109.08,2.1598,8.7705,8.9965,1.6638,0.6593
2000-07-24,1.7065,1.4639,1.0737,108.92,2.1753,8.784,8.9825,1.67,0.6605
2000-07-25,1.7097,1.4653,1.0648,109.3,2.1753,8.7195,8.944,1.6528,0.6583
2000-07-26,1.6938,1.4665,1.0624,109.28,2.1706,8.705,8.946,1.6493,0.6599
2000-07-27,1.6975,1.4713,1.0717,109.15,2.1815,8.807,9.0985,1.6605,0.6616
2000-07-28,1.703,1.4776,1.0815,109.63,2.1867,8.855,9.16,1.6753,0.6656
2000-07-31,1.728,1.488,1.0792,109.68,2.2026,8.864,9.172,1.6689,0.6674
2000-08-01,1.7227,1.4892,1.0837,109.47,2.1997,8.885,9.217,1.6758,0.667
2000-08-02,1.7153,1.4813,1.0945,108.77,2.2017,8.957,9.259,1.6887,0.67
2000-08-03,1.7112,1.4844,1.106,108.36,2.1988,9.012,9.335,1.7087,0.669
2000-08-04,1.7147,1.4889,1.1019,108.54,2.2002,8.904,9.246,1.7053,0.6657
2000-08-07,1.7059,1.4875,1.0983,108.99,2.2017,8.894,9.1825,1.7005,0.6636
2000-08-08,1.7042,1.4889,1.1088,108.64,2.2036,8.985,9.2445,1.7147,0.6657
2000-08-09,1.7283,1.4848,1.1122,107.99,2.2168,8.993,9.25,1.7187,0.667
2000-08-10,1.7188,1.4826,1.1017,108.7,2.2134,8.944,9.201,1.7065,0.6676
2000-08-11,1.7256,1.4839,1.1055,108.68,2.2292,8.951,9.218,1.7181,0.6649
2000-08-14,1.7212,1.4847,1.1066,109.52,2.2188,8.93,9.205,1.7214,0.664
2000-08-15,1.715,1.487,1.0947,109,2.2306,8.886,9.153,1.7095,0.6642
2000-08-16,1.6958,1.4774,1.0937,108.55,2.2173,8.855,9.204,1.7093,0.6672
2000-08-17,1.6849,1.4759,1.0927,108.48,2.2075,8.834,9.205,1.7085,0.667
2000-08-18,1.6935,1.4747,1.1028,108.43,2.2232,8.894,9.263,1.7235,0.6714
2000-08-21,1.6978,1.4765,1.1078,108.53,2.2222,8.921,9.292,1.7275,0.6711
2000-08-22,1.7235,1.4756,1.1154,108.34,2.2548,8.985,9.335,1.7405,0.6758
2000-08-23,1.7519,1.4877,1.1152,107.02,2.3348,9.005,9.332,1.7282,0.6751
2000-08-24,1.7467,1.4871,1.1077,106.89,2.3052,8.99,9.279,1.7117,0.6754
2000-08-25,1.7431,1.4828,1.1082,107.17,2.2952,8.9795,9.311,1.7095,0.6782
2000-08-28,1.7498,1.4845,1.1109,106.45,2.3041,8.958,9.345,1.713,0.6795
2000-08-29,1.7504,1.4868,1.1153,106.2,2.3283,9.017,9.411,1.7238,0.6842
2000-08-30,1.7483,1.4805,1.1206,106.47,2.3436,9.0465,9.44,1.736,0.6868
2000-08-31,1.7349,1.472,1.1264,106.66,2.343,9.0845,9.445,1.7425,0.6889
2000-09-01,1.7346,1.4742,1.112,105.78,2.3348,9.0108,9.338,1.723,0.6847
2000-09-05,1.7547,1.4752,1.1266,105.88,2.3463,9.085,9.4725,1.7488,0.6886
2000-09-06,1.7683,1.4843,1.1492,106.08,2.3529,9.224,9.6575,1.778,0.6918
2000-09-07,1.7924,1.4777,1.1442,105.1,2.3969,9.185,9.56,1.772,0.6954
2000-09-08,1.7995,1.4781,1.1542,106.03,2.3889,9.254,9.6515,1.7869,0.7044
2000-09-11,1.7889,1.48,1.1596,105.97,2.331,9.309,9.731,1.7715,0.7081
2000-09-12,1.7902,1.4825,1.1633,106.93,2.3463,9.331,9.766,1.771,0.7133
2000-09-13,1.8018,1.4838,1.1574,107.11,2.3697,9.3003,9.722,1.7635,0.708
2000-09-14,1.8215,1.4869,1.1605,107.25,2.3635,9.325,9.755,1.7736,0.7112
2000-09-15,1.8349,1.4844,1.1666,107.33,2.3923,9.339,9.796,1.7805,0.714
2000-09-18,1.846,1.4905,1.1733,106.87,2.4319,9.386,9.829,1.787,0.7135
2000-09-19,1.845,1.488,1.1745,107.02,2.4213,9.388,9.8475,1.7765,0.7102
2000-09-20,1.8615,1.4833,1.1818,106.77,2.471,9.43,9.875,1.7845,0.7089
2000-09-21,1.8423,1.4873,1.1685,106.5,2.4631,9.36,9.815,1.7715,0.7003
2000-09-22,1.8332,1.4892,1.1373,107.94,2.4301,9.14,9.625,1.7295,0.6864
2000-09-25,1.8215,1.489,1.1444,107.63,2.4325,9.181,9.666,1.739,0.6878
2000-09-26,1.8162,1.488,1.1344,107.63,2.4143,9.13,9.623,1.7279,0.6849
2000-09-27,1.8149,1.4962,1.1357,107.44,2.4114,9.14,9.659,1.7325,0.6846
2000-09-28,1.8215,1.503,1.133,107.59,2.4155,9.0705,9.6885,1.7288,0.6833
2000-09-29,1.8467,1.507,1.1316,107.9,2.454,9.0725,9.628,1.7265,0.6763
2000-10-02,1.8349,1.5108,1.1356,108.81,2.4783,9.1269,9.6933,1.7322,0.6814
2000-10-03,1.8519,1.506,1.144,108.66,2.471,9.179,9.78,1.7365,0.6866
2000-10-04,1.8639,1.499,1.146,109.29,2.4814,9.205,9.8,1.7395,0.6869
2000-10-05,1.8692,1.4954,1.1514,109.3,2.4938,9.2505,9.8292,1.7491,0.6896
2000-10-06,1.873,1.5013,1.1521,108.81,2.4876,9.2505,9.84,1.7515,0.6923
2000-10-10,1.873,1.5014,1.1518,107.9,2.4802,9.268,9.919,1.7515,0.6904
2000-10-11,1.8657,1.5043,1.1474,107.63,2.4624,9.271,9.865,1.7328,0.684
2000-10-12,1.8797,1.5085,1.1569,107.58,2.5138,9.2925,9.905,1.7415,0.6787
2000-10-13,1.8879,1.5135,1.1671,107.67,2.5113,9.383,9.935,1.7595,0.6851
2000-10-16,1.912,1.5195,1.178,108.3,2.5316,9.4325,10.013,1.779,0.6918
2000-10-17,1.9275,1.5184,1.1755,108.15,2.54,9.45,10.007,1.7773,0.6932
2000-10-18,1.9279,1.52,1.1918,107.78,2.551,9.5775,10.115,1.7875,0.6914
2000-10-19,1.9194,1.5112,1.1896,108.55,2.5349,9.5035,10.065,1.7875,0.6934
2000-10-20,1.8939,1.5119,1.1905,109.04,2.495,9.49,10.12,1.7885,0.6921
2000-10-23,1.8961,1.508,1.1956,108.45,2.4907,9.494,10.113,1.7985,0.6873
2000-10-24,1.9026,1.5118,1.1956,108.08,2.4832,9.524,10.128,1.8005,0.6901
2000-10-25,1.9264,1.5164,1.2092,108.05,2.5013,9.585,10.245,1.8165,0.6976
2000-10-26,1.9286,1.5187,1.209,108.36,2.5,9.589,10.3,1.825,0.6987
2000-10-27,1.9109,1.5275,1.1896,108.75,2.4845,9.443,10.1238,1.8065,0.6888
2000-10-30,1.9102,1.5311,1.186,108.99,2.4783,9.3725,10.06,1.8068,0.6882
2000-10-31,1.9301,1.5273,1.1784,109.15,2.524,9.279,9.997,1.7978,0.6894
2000-11-01,1.9131,1.5263,1.165,108.48,2.5284,9.202,9.892,1.7765,0.6919
2000-11-02,1.9201,1.5333,1.1636,108.39,2.5368,9.254,9.912,1.7799,0.6925
2000-11-03,1.9051,1.5348,1.1609,107.58,2.5253,9.231,9.915,1.7667,0.6904
2000-11-06,1.8939,1.5305,1.165,107.34,2.5044,9.302,9.998,1.7725,0.6983
2000-11-07,1.8939,1.5315,1.1651,107.3,2.5094,9.276,10.001,1.7728,0.6988
2000-11-08,1.8997,1.5432,1.1684,107.57,2.5157,9.295,10,1.7775,0.7024
2000-11-09,1.904,1.5455,1.1663,107.41,2.5031,9.2935,10.022,1.7739,0.7021
2000-11-10,1.9157,1.546,1.1594,107.83,2.5189,9.2825,9.9685,1.7657,0.6991
2000-11-13,1.9212,1.5472,1.1618,107.7,2.5265,9.2945,10.048,1.7637,0.695
2000-11-14,1.9268,1.5445,1.1665,108.15,2.5265,9.3784,10.1048,1.7723,0.699
2000-11-15,1.922,1.551,1.1669,108.75,2.5094,9.363,10.094,1.7815,0.7014
2000-11-16,1.9294,1.5523,1.1721,109.08,2.5189,9.371,10.14,1.7883,0.7028
2000-11-17,1.9268,1.56,1.1743,108.86,2.4969,9.391,10.17,1.7915,0.7027
2000-11-20,1.9478,1.5592,1.1784,109.79,2.5176,9.418,10.2136,1.8,0.7031
2000-11-21,1.9562,1.5553,1.1823,110.29,2.5432,9.497,10.301,1.7995,0.7062
2000-11-22,1.9253,1.5473,1.1872,110.16,2.5044,9.513,10.302,1.805,0.7104
2000-11-24,1.9175,1.5396,1.193,111.38,2.5044,9.56,10.36,1.8085,0.7144
2000-11-27,1.9008,1.5348,1.1765,110.7,2.4631,9.4325,10.2425,1.7803,0.7065
2000-11-28,1.9146,1.5371,1.17,110.23,2.4649,9.393,10.1694,1.7633,0.7051
2000-11-29,1.9128,1.5405,1.1659,111.28,2.474,9.37,10.133,1.7595,0.7038
2000-11-30,1.9004,1.5355,1.1502,110.93,2.4438,9.284,10.04,1.7365,0.7037
2000-12-01,1.8615,1.5389,1.1409,111.15,2.4096,9.2475,9.9,1.7285,0.6957
2000-12-04,1.8413,1.5458,1.1268,111.07,2.3719,9.1575,9.725,1.706,0.6886
2000-12-05,1.8501,1.5438,1.1358,111,2.3759,9.184,9.742,1.7153,0.694
2000-12-06,1.8355,1.5323,1.1265,110.42,2.3529,9.0711,9.63,1.7078,0.6961
2000-12-07,1.8282,1.5223,1.1247,110.7,2.3408,9.125,9.713,1.7015,0.6944
2000-12-08,1.8365,1.5205,1.1315,111.29,2.3397,9.155,9.735,1.7063,0.6924
2000-12-11,1.8519,1.5227,1.1401,110.77,2.3657,9.211,9.7205,1.715,0.6871
2000-12-12,1.845,1.5249,1.1396,111.5,2.373,9.211,9.7195,1.7144,0.6906
2000-12-13,1.8587,1.5205,1.1422,112.4,2.3781,9.247,9.792,1.7175,0.6892
2000-12-14,1.8529,1.5165,1.1289,112.42,2.3747,9.175,9.68,1.699,0.6819
2000-12-15,1.8322,1.5174,1.1135,112.55,2.337,9.028,9.6,1.6795,0.6774
2000-12-18,1.8464,1.5254,1.1199,112.06,2.3202,9.0575,9.68,1.6845,0.6813
2000-12-19,1.8399,1.522,1.1233,112.55,2.3299,9.106,9.781,1.694,0.684
2000-12-20,1.8212,1.5215,1.104,112.58,2.2957,8.996,9.59,1.6765,0.6786
2000-12-21,1.8073,1.5185,1.0975,112.18,2.281,8.983,9.587,1.6722,0.6799
2000-12-22,1.8018,1.5168,1.0834,112.75,2.2701,8.86,9.539,1.6485,0.6765
2000-12-26,1.7895,1.5099,1.0762,113.62,2.2624,8.8082,9.502,1.6342,0.6757
2000-12-27,1.7889,1.511,1.0748,114.2,2.2548,8.8825,9.5725,1.6435,0.6706
2000-12-28,1.8109,1.5073,1.0803,114.62,2.2738,8.926,9.555,1.645,0.6708
2000-12-29,1.7986,1.4995,1.0652,114.35,2.2609,8.801,9.444,1.6202,0.6687
2001-01-02,1.7883,1.4963,1.0565,114.73,2.2563,8.76,9.415,1.6075,0.6677
2001-01-03,1.7746,1.4982,1.0556,114.26,2.2406,8.76,9.445,1.6025,0.6647
2001-01-04,1.7683,1.4985,1.0584,115.47,2.2437,8.7628,9.422,1.6115,0.6698
2001-01-05,1.7507,1.5003,1.0488,116.19,2.2134,8.701,9.338,1.6025,0.6671
2001-01-08,1.7668,1.4944,1.0542,115.97,2.2198,8.7435,9.418,1.6076,0.668
2001-01-09,1.7768,1.4973,1.0642,116.64,2.2346,8.775,9.498,1.621,0.6711
2001-01-10,1.7947,1.4993,1.0653,116.26,2.2487,8.725,9.4325,1.6255,0.6707
2001-01-11,1.7873,1.4978,1.0504,117.56,2.2247,8.594,9.325,1.6123,0.6682
2001-01-12,1.7995,1.4967,1.0542,117.76,2.2462,8.6645,9.344,1.6232,0.6767
2001-01-16,1.8021,1.5037,1.0668,117.28,2.2472,8.7675,9.505,1.639,0.6814
2001-01-17,1.8136,1.5123,1.0746,118.35,2.2523,8.7925,9.565,1.652,0.6792
2001-01-18,1.7979,1.5162,1.0586,117.78,2.2361,8.701,9.43,1.6195,0.6777
2001-01-19,1.7953,1.5155,1.068,117.23,2.2311,8.77,9.463,1.6334,0.6811
2001-01-22,1.8038,1.5072,1.0668,116.62,2.2386,8.7812,9.518,1.637,0.6826
2001-01-23,1.809,1.5073,1.0651,116.95,2.2442,8.813,9.532,1.633,0.6796
2001-01-24,1.8352,1.5126,1.0801,118.18,2.2769,8.889,9.622,1.6547,0.6842
2001-01-25,1.8345,1.508,1.0847,116.91,2.3015,8.915,9.69,1.6558,0.6847
2001-01-26,1.8409,1.5066,1.0854,117.16,2.2967,8.911,9.631,1.6582,0.6854
2001-01-29,1.8409,1.501,1.0892,116.67,2.3041,8.9148,9.6442,1.656,0.6863
2001-01-30,1.8268,1.4985,1.0794,115.75,2.2676,8.84,9.551,1.6455,0.6842
2001-01-31,1.8248,1.4995,1.0743,116.39,2.2599,8.8353,9.5227,1.6425,0.6843
2001-02-01,1.8051,1.4948,1.0656,115.33,2.2336,8.755,9.489,1.633,0.6768
2001-02-02,1.8113,1.4933,1.0687,115.65,2.2472,8.7525,9.5125,1.6425,0.6806
2001-02-05,1.8155,1.505,1.0644,114.99,2.2614,8.7275,9.51,1.6355,0.678
2001-02-06,1.8215,1.508,1.0748,114.88,2.2568,8.78,9.567,1.6538,0.6856
2001-02-07,1.8308,1.511,1.0717,116.21,2.2543,8.775,9.5375,1.6475,0.6834
2001-02-08,1.8653,1.5117,1.0889,116.3,2.3036,8.89,9.672,1.6707,0.6925
2001-02-09,1.8632,1.509,1.0791,117.57,2.2805,8.85,9.6325,1.656,0.6901
2001-02-12,1.8584,1.5205,1.0768,117.62,2.2915,8.8425,9.662,1.6557,0.689
2001-02-13,1.8737,1.5214,1.0865,117.3,2.3041,8.92,9.7975,1.6683,0.6892
2001-02-14,1.8932,1.5287,1.0873,116.65,2.3326,8.9405,9.833,1.669,0.686
2001-02-15,1.9084,1.5275,1.1041,115.67,2.3529,9.038,9.882,1.692,0.6901
2001-02-16,1.885,1.5368,1.0915,115.46,2.324,8.9365,9.802,1.6763,0.6894
2001-02-20,1.9142,1.5399,1.0994,115.57,2.3375,9.055,9.8765,1.687,0.6927
2001-02-21,1.9106,1.537,1.1017,116.45,2.3283,9.0825,9.94,1.6897,0.6952
2001-02-22,1.9062,1.5378,1.1027,116.53,2.3245,9.097,9.973,1.6903,0.6922
2001-02-23,1.9164,1.5378,1.0995,116.15,2.3229,9.037,9.953,1.6885,0.6911
2001-02-26,1.9183,1.5314,1.0997,116.63,2.3414,9.036,9.922,1.6895,0.6925
2001-02-27,1.9099,1.5261,1.0955,116.2,2.3159,9.005,9.908,1.6837,0.6942
2001-02-28,1.9055,1.532,1.0855,117.28,2.324,8.9225,9.815,1.6736,0.6929
2001-03-01,1.9004,1.5465,1.0763,117.33,2.3095,8.865,9.7325,1.6557,0.6871
2001-03-02,1.8896,1.5489,1.0707,119.06,2.2857,8.801,9.682,1.6465,0.6791
2001-03-05,1.9164,1.5475,1.0765,119.08,2.3111,8.869,9.745,1.6538,0.6809
2001-03-06,1.9342,1.5388,1.0738,118.87,2.3213,8.812,9.673,1.6523,0.6824
2001-03-07,1.9646,1.5492,1.0783,119.86,2.3641,8.861,9.752,1.6582,0.6844
2001-03-08,1.965,1.5497,1.0775,119.51,2.3753,8.845,9.746,1.6593,0.6818
2001-03-09,1.9666,1.548,1.0735,119.71,2.3838,8.803,9.7575,1.6545,0.6814
2001-03-12,1.9623,1.5505,1.0753,120.63,2.3787,8.84,9.83,1.6555,0.6817
2001-03-13,1.9877,1.5477,1.0931,120.2,2.4056,8.98,10.0135,1.6838,0.689
2001-03-14,2.0076,1.5528,1.0949,120.97,2.4027,8.963,10.0101,1.684,0.6898
2001-03-15,2.0227,1.5595,1.1055,122.23,2.4278,9.0725,10.098,1.7002,0.6927
2001-03-16,2.0243,1.5669,1.1199,122.85,2.4184,9.144,10.249,1.716,0.701
2001-03-19,2.0064,1.5698,1.113,122.57,2.3923,9.03,10.195,1.7068,0.7024
2001-03-20,2.0012,1.5611,1.1045,122.73,2.3912,9.001,10.126,1.6957,0.7
2001-03-21,2.0259,1.573,1.1148,123.62,2.4125,9.0605,10.254,1.7085,0.6988
2001-03-22,2.0354,1.5742,1.126,123.84,2.4172,9.1275,10.43,1.7233,0.7031
2001-03-23,2.0149,1.5667,1.1203,122.64,2.3998,9.06,10.253,1.7155,0.6997
2001-03-26,2.004,1.5545,1.1167,122.81,2.4125,9.0505,10.222,1.7155,0.6971
2001-03-27,2.0149,1.5693,1.1223,122.99,2.4331,9.112,10.237,1.7198,0.6998
2001-03-28,2.0259,1.5668,1.1259,122.62,2.4432,9.118,10.341,1.7245,0.6968
2001-03-29,2.0321,1.5725,1.1355,123.45,2.46,9.127,10.4075,1.7323,0.6992
2001-03-30,2.0488,1.5784,1.1371,125.54,2.4795,9.1475,10.38,1.736,0.7047
2001-04-02,2.0713,1.575,1.1333,126.75,2.5044,9.161,10.385,1.7317,0.7042
2001-04-03,2.0576,1.579,1.1198,125.41,2.4814,9.1075,10.272,1.712,0.6991
2001-04-04,2.0437,1.5697,1.1095,125.38,2.4722,9.0783,10.234,1.6951,0.6969
2001-04-05,2.0416,1.5788,1.1141,124.33,2.4765,9.072,10.191,1.702,0.701
2001-04-06,2.0169,1.5615,1.1109,124.03,2.4716,9.0505,10.115,1.7,0.6953
2001-04-09,2.021,1.5635,1.1094,124.85,2.4734,9.033,10.131,1.6955,0.6911
2001-04-10,2.0222,1.5555,1.1256,124.48,2.4814,9.1045,10.175,1.7165,0.6964
2001-04-11,1.99,1.5626,1.1292,124.82,2.4783,9.133,10.21,1.7161,0.6974
2001-04-12,1.9677,1.56,1.1208,123.51,2.4552,9.073,10.128,1.7062,0.6949
2001-04-13,1.9681,1.5627,1.1251,124.15,2.451,9.11,10.175,1.7127,0.6967
2001-04-16,1.9589,1.5625,1.1284,124.64,2.445,9.1359,10.193,1.718,0.6964
2001-04-17,1.9782,1.5575,1.1346,123.67,2.4673,9.1325,10.2902,1.731,0.6999
2001-04-18,2.004,1.5692,1.1343,122.35,2.4722,9.1234,10.28,1.7375,0.7014
2001-04-19,1.9666,1.547,1.1225,121.87,2.4643,9.07,10.137,1.717,0.6961
2001-04-20,1.9312,1.5425,1.1072,122.52,2.405,9.026,10.082,1.6926,0.6931
2001-04-23,1.9759,1.546,1.1161,121.68,2.4361,9.073,10.212,1.7087,0.6956
2001-04-24,1.9861,1.549,1.1178,122.08,2.451,9.1145,10.253,1.7115,0.6961
2001-04-25,1.9822,1.5474,1.1146,122.21,2.442,9.107,10.223,1.7075,0.6946
2001-04-26,1.9743,1.546,1.1098,123.13,2.4361,9.0515,10.1345,1.706,0.6955
2001-04-27,1.96,1.5417,1.1206,123.76,2.4242,9.075,10.1925,1.7232,0.6963
2001-04-30,1.9623,1.536,1.1269,123.57,2.4225,9.101,10.26,1.7345,0.699
2001-05-01,1.9316,1.5338,1.1189,121.92,2.3821,9.054,10.208,1.7255,0.6974
2001-05-02,1.9183,1.531,1.1204,121.72,2.3613,9.066,10.236,1.7307,0.6971
2001-05-03,1.9279,1.533,1.1247,121.19,2.3669,9.094,10.27,1.7355,0.6982
2001-05-04,1.9272,1.5353,1.1193,121.05,2.3719,9.048,10.2,1.7304,0.6963
2001-05-07,1.9283,1.5405,1.1216,121.34,2.3753,9.0495,10.236,1.7305,0.6944
2001-05-08,1.9298,1.5445,1.1302,121.66,2.3753,9.0875,10.293,1.742,0.6986
2001-05-09,1.915,1.5407,1.1306,122.25,2.3557,9.112,10.284,1.7429,0.7038
2001-05-10,1.908,1.5391,1.1374,122.71,2.3458,9.144,10.29,1.7485,0.7049
2001-05-11,1.9205,1.5503,1.1417,122.5,2.3714,9.165,10.258,1.7522,0.7054
2001-05-14,1.9305,1.5541,1.1431,123.12,2.3895,9.156,10.325,1.7516,0.7054
2001-05-15,1.9257,1.5493,1.1379,123.26,2.3883,9.12,10.253,1.7432,0.7024
2001-05-16,1.9109,1.5405,1.131,123.59,2.3685,9.09,10.268,1.7329,0.6996
2001-05-17,1.8965,1.536,1.1328,122.68,2.3474,9.066,10.223,1.7393,0.6988
2001-05-18,1.9044,1.5328,1.1397,123.67,2.3474,9.05,10.25,1.7486,0.6977
2001-05-21,1.8904,1.5325,1.1413,122.91,2.3419,9.07,10.2425,1.7485,0.6954
2001-05-22,1.9117,1.5415,1.1551,122.79,2.3579,9.165,10.37,1.7666,0.7004
2001-05-23,1.9275,1.5452,1.1631,120.39,2.3781,9.2325,10.507,1.7755,0.702
2001-05-24,1.9324,1.5474,1.1669,120.15,2.3669,9.209,10.525,1.7793,0.7091
2001-05-25,1.9257,1.5455,1.1659,120.75,2.3574,9.198,10.535,1.779,0.7039
2001-05-29,1.9357,1.5376,1.17,120.1,2.3669,9.252,10.573,1.784,0.7049
2001-05-30,1.9493,1.5464,1.166,120.27,2.3981,9.229,10.592,1.7775,0.7017
2001-05-31,1.9732,1.5461,1.1827,118.88,2.4492,9.379,10.79,1.797,0.7055
2001-06-01,1.967,1.5324,1.1832,119.13,2.4378,9.4538,10.851,1.7992,0.7062
2001-06-04,1.9755,1.5347,1.1836,119.5,2.448,9.4475,10.9225,1.7968,0.7081
2001-06-05,1.9635,1.5328,1.1759,120.27,2.4372,9.365,10.83,1.7805,0.7086
2001-06-06,1.9451,1.5248,1.1832,120.35,2.4319,9.39,10.924,1.7988,0.7191
2001-06-07,1.9264,1.521,1.1756,119.91,2.3929,9.335,10.95,1.7923,0.7194
2001-06-08,1.9073,1.5215,1.1758,120.6,2.3912,9.345,10.935,1.7927,0.7237
2001-06-11,1.9146,1.5162,1.1869,122.02,2.3946,9.423,11.027,1.8046,0.7283
2001-06-12,1.9095,1.5246,1.1794,121.74,2.3895,9.423,11.002,1.796,0.7256
2001-06-13,1.8954,1.5183,1.1715,121.89,2.3691,9.34,10.79,1.7902,0.719
2001-06-14,1.9008,1.5208,1.1631,121.42,2.4108,9.2755,10.707,1.7753,0.714
2001-06-15,1.9022,1.522,1.159,122.97,2.3941,9.235,10.57,1.7726,0.7114
2001-06-18,1.9091,1.5336,1.1614,123.2,2.4091,9.214,10.512,1.777,0.7126
2001-06-19,1.9194,1.5337,1.1685,122.97,2.4172,9.183,10.626,1.7861,0.7139
2001-06-20,1.9298,1.531,1.1756,123.3,2.4213,9.2625,10.72,1.7924,0.7167
2001-06-21,1.9312,1.5265,1.1704,124.4,2.4207,9.22,10.7435,1.7797,0.7059
2001-06-22,1.935,1.5293,1.1669,124.25,2.4231,9.211,10.7045,1.773,0.7072
2001-06-25,1.9391,1.5195,1.1613,124.02,2.4172,9.219,10.642,1.7655,0.7077
2001-06-26,1.9238,1.5142,1.1597,123.82,2.405,9.191,10.7315,1.7655,0.7065
2001-06-27,1.9312,1.5176,1.16,124.25,2.3981,9.175,10.735,1.7648,0.7047
2001-06-28,1.9569,1.5233,1.1806,124.63,2.4372,9.293,10.85,1.7983,0.7107
2001-06-29,1.9608,1.5175,1.1801,124.73,2.471,9.329,10.881,1.7968,0.7104
2001-07-02,1.9585,1.5153,1.1827,124.22,2.471,9.403,10.955,1.8003,0.7058
2001-07-03,1.9372,1.5128,1.1797,124.48,2.457,9.352,10.87,1.797,0.7113
2001-07-05,1.9429,1.5102,1.1947,125.77,2.471,9.43,11,1.8185,0.7144
2001-07-06,1.9673,1.52,1.1813,125.85,2.4777,9.3725,10.955,1.7945,0.7089
2001-07-09,1.9623,1.5203,1.1801,125.43,2.4697,9.347,10.972,1.7964,0.7102
2001-07-10,1.9585,1.5213,1.1686,125.53,2.4631,9.283,10.84,1.7795,0.7093
2001-07-11,1.9724,1.5255,1.1609,124.06,2.4649,9.275,10.808,1.7608,0.7082
2001-07-12,1.981,1.528,1.1723,124.1,2.4704,9.325,10.86,1.7725,0.711
2001-07-13,1.9708,1.5398,1.1727,124.75,2.46,9.325,10.813,1.7738,0.7145
2001-07-16,1.9685,1.54,1.1697,125.44,2.457,9.332,10.764,1.769,0.7137
2001-07-17,1.9743,1.54,1.1697,124.89,2.4661,9.3485,10.776,1.7708,0.7124
2001-07-18,1.9448,1.535,1.1493,124.35,2.4361,9.185,10.605,1.731,0.7062
2001-07-19,1.9508,1.5418,1.1507,123.61,2.4213,9.2144,10.658,1.7327,0.7047
2001-07-20,1.9782,1.545,1.1477,122.85,2.445,9.182,10.648,1.7255,0.6998
2001-07-23,1.9689,1.545,1.1526,124.19,2.4444,9.213,10.718,1.7353,0.705
2001-07-24,1.9685,1.5383,1.1426,124,2.4372,9.153,10.658,1.7214,0.7031
2001-07-25,1.9712,1.5381,1.1368,123.64,2.429,9.121,10.628,1.7145,0.7003
2001-07-26,1.9716,1.5335,1.1409,123.83,2.4301,9.128,10.618,1.7236,0.701
2001-07-27,1.9747,1.5352,1.143,123.29,2.4301,9.122,10.59,1.725,0.7015
2001-07-30,1.9775,1.5305,1.1429,125.18,2.4272,9.1415,10.605,1.7267,0.7013
2001-07-31,1.9685,1.531,1.1426,125,2.4278,9.135,10.625,1.7285,0.7017
2001-08-01,1.9354,1.5358,1.1373,124.87,2.4096,9.098,10.572,1.7158,0.6978
2001-08-02,1.9268,1.5417,1.1347,123.72,2.3946,9.075,10.4755,1.7123,0.6995
2001-08-03,1.932,1.5356,1.1308,123.46,2.3866,9.031,10.373,1.7054,0.7009
2001-08-06,1.9357,1.5275,1.1361,123.85,2.3895,9.075,10.422,1.7135,0.7055
2001-08-07,1.9399,1.5343,1.1396,123.83,2.3883,9.0885,10.4355,1.7165,0.7058
2001-08-08,1.9286,1.5333,1.1392,123.2,2.3607,9.067,10.422,1.7127,0.7075
2001-08-09,1.9596,1.5395,1.1254,123.03,2.3652,8.9975,10.301,1.6948,0.7033
2001-08-10,1.9493,1.5405,1.1186,121.97,2.3518,8.9975,10.2875,1.6918,0.7006
2001-08-13,1.9327,1.539,1.1132,122.46,2.3354,9.008,10.274,1.6885,0.7034
2001-08-14,1.9246,1.5413,1.108,121.6,2.3256,8.958,10.23,1.6808,0.7
2001-08-15,1.8983,1.529,1.0972,119.92,2.3052,8.9192,10.156,1.6668,0.6955
2001-08-16,1.8961,1.5314,1.0943,120.11,2.2973,8.852,10.168,1.6608,0.6926
2001-08-17,1.8678,1.5428,1.0911,120.37,2.2701,8.855,10.1725,1.6583,0.6913
2001-08-20,1.8786,1.5461,1.0957,120.72,2.2883,8.8975,10.374,1.6635,0.6923
2001-08-21,1.8879,1.549,1.0971,119.91,2.2989,8.8875,10.355,1.6648,0.6912
2001-08-22,1.865,1.5438,1.0877,119.91,2.2533,8.825,10.2575,1.6552,0.6879
2001-08-23,1.8734,1.5423,1.091,119.84,2.2665,8.8635,10.304,1.658,0.6907
2001-08-24,1.8829,1.5414,1.097,120.13,2.2763,8.885,10.279,1.666,0.6924
2001-08-27,1.8921,1.5423,1.0991,120.12,2.2831,8.889,10.29,1.6697,0.693
2001-08-28,1.8896,1.5401,1.0987,120.48,2.2763,8.878,10.325,1.666,0.6896
2001-08-29,1.8868,1.5462,1.0993,119.79,2.2701,8.865,10.382,1.669,0.6889
2001-08-30,1.8762,1.546,1.0924,119.4,2.2624,8.805,10.37,1.6575,0.686
2001-08-31,1.895,1.5478,1.1001,118.75,2.2857,8.865,10.431,1.6698,0.6892
2001-09-04,1.9186,1.5535,1.1276,119.49,2.3175,8.938,10.715,1.7075,0.6923
2001-09-05,1.9238,1.5603,1.124,120.76,2.3143,8.9275,10.64,1.6996,0.6871
2001-09-06,1.912,1.559,1.1182,120.95,2.2962,8.887,10.585,1.6908,0.6868
2001-09-07,1.9234,1.568,1.1057,120.07,2.2994,8.837,10.543,1.6771,0.6837
2001-09-10,1.9474,1.5656,1.1126,121.08,2.3191,8.8875,10.63,1.687,0.6856
2001-09-12,1.9376,1.561,1.1027,119.53,2.3414,8.7992,10.57,1.6593,0.6818
2001-09-13,1.9387,1.5681,1.1002,118.81,2.3652,8.8035,10.5585,1.6526,0.6804
2001-09-14,1.9395,1.5641,1.0871,117.38,2.3563,8.7355,10.5103,1.6246,0.6813
2001-09-17,1.9916,1.5686,1.0872,117.59,2.4254,8.6936,10.4975,1.6143,0.6821
2001-09-18,2.0186,1.5708,1.0831,117.32,2.4343,8.649,10.5522,1.6037,0.6833
2001-09-19,2.0288,1.5711,1.0741,117.3,2.4343,8.5391,10.4653,1.5858,0.6796
2001-09-20,2.0325,1.5708,1.0805,115.89,2.4319,8.5947,10.5899,1.592,0.683
2001-09-21,2.0657,1.5707,1.099,116.73,2.4752,8.683,10.9016,1.5878,0.6874
2001-09-24,2.0408,1.5686,1.0947,117.52,2.4802,8.7375,10.8193,1.6041,0.6842
2001-09-25,2.0247,1.5705,1.0844,117.78,2.4474,8.6954,10.7032,1.5914,0.6806
2001-09-26,2.0446,1.5734,1.0833,117.89,2.4722,8.7313,10.7472,1.599,0.6782
2001-09-27,2.0551,1.5791,1.0892,119.69,2.5025,8.8251,10.7207,1.6138,0.6787
2001-09-28,2.0218,1.5797,1.099,119.23,2.4588,8.88,10.6871,1.6188,0.6807
2001-10-01,2.0313,1.5794,1.0918,120.27,2.4582,8.8244,10.6207,1.6196,0.6764
2001-10-02,2.019,1.5696,1.093,120.78,2.4661,8.836,10.6661,1.6227,0.6841
2001-10-03,2.0117,1.5688,1.0892,120.67,2.4432,8.7995,10.6166,1.6157,0.6777
2001-10-04,2.0101,1.568,1.094,120.63,2.4486,8.8119,10.6219,1.6248,0.6769
2001-10-05,1.9763,1.5626,1.0908,120.37,2.4184,8.7817,10.5845,1.6204,0.6759
2001-10-09,1.9964,1.5638,1.0929,120.2,2.4237,8.735,10.526,1.6193,0.6847
2001-10-10,1.9936,1.5679,1.0967,120.43,2.4184,8.7676,10.585,1.6278,0.6901
2001-10-11,2.006,1.568,1.1101,121.57,2.4213,8.823,10.5575,1.6475,0.6937
2001-10-12,1.994,1.5659,1.1016,120.93,2.4166,8.7625,10.458,1.6325,0.6888
2001-10-15,1.9474,1.5582,1.1017,120.94,2.3793,8.769,10.4485,1.6288,0.6911
2001-10-16,1.947,1.5621,1.0996,121.27,2.3883,8.777,10.433,1.6298,0.6907
2001-10-17,1.9459,1.5687,1.1031,121.05,2.3781,8.777,10.408,1.6355,0.6894
2001-10-18,1.9658,1.5763,1.108,121.18,2.3987,8.808,10.4625,1.6387,0.6925
2001-10-19,1.9685,1.5756,1.1127,121.15,2.4038,8.885,10.554,1.6427,0.6958
2001-10-22,1.9712,1.5787,1.1228,122.45,2.4125,8.9525,10.692,1.6619,0.701
2001-10-23,1.9658,1.5723,1.1245,122.83,2.3883,8.934,10.652,1.6642,0.7035
2001-10-24,1.9701,1.5745,1.1204,122.86,2.3964,8.917,10.606,1.6592,0.7011
2001-10-25,1.9814,1.5775,1.1154,122.72,2.4155,8.905,10.568,1.649,0.699
2001-10-26,1.9932,1.575,1.121,122.99,2.4254,8.913,10.5825,1.6535,0.697
2001-10-29,1.9778,1.575,1.1066,122.08,2.4155,8.825,10.5175,1.632,0.6885
2001-10-30,1.9771,1.5785,1.1038,122.07,2.4125,8.816,10.622,1.6245,0.6875
2001-10-31,1.9881,1.5905,1.112,122.54,2.4242,8.904,10.671,1.6347,0.688
2001-11-01,1.9662,1.5913,1.1057,121.87,2.4143,8.82,10.58,1.6295,0.684
2001-11-02,1.9697,1.5925,1.1066,121.68,2.4102,8.823,10.5758,1.6315,0.6842
2001-11-05,1.9701,1.5958,1.1157,121.72,2.4096,8.849,10.599,1.6423,0.6863
2001-11-06,1.9489,1.5938,1.1142,121.15,2.3804,8.856,10.558,1.64,0.6854
2001-11-07,1.941,1.5935,1.1112,121.05,2.381,8.8315,10.4685,1.6328,0.6826
2001-11-08,1.9429,1.598,1.1223,119.98,2.3866,8.873,10.536,1.6455,0.6878
2001-11-09,1.9436,1.6023,1.1192,120.25,2.3832,8.8345,10.5603,1.64,0.6862
2001-11-13,1.9234,1.5982,1.1349,121.45,2.3663,8.928,10.624,1.6668,0.6932
2001-11-14,1.9283,1.5923,1.1326,121.67,2.3787,8.901,10.591,1.6641,0.693
2001-11-15,1.9305,1.587,1.1347,122.4,2.3975,8.97,10.585,1.6644,0.6988
2001-11-16,1.922,1.587,1.1301,122.67,2.4155,8.981,10.602,1.6552,0.7004
2001-11-19,1.9212,1.5849,1.1388,123.27,2.4108,9.035,10.676,1.6635,0.7089
2001-11-20,1.9275,1.5933,1.1322,122.62,2.4114,8.948,10.658,1.6491,0.7052
2001-11-21,1.9372,1.6018,1.1388,123.19,2.4372,8.9875,10.6975,1.6575,0.7065
2001-11-23,1.9342,1.5981,1.1403,124.44,2.4384,9.0315,10.668,1.668,0.7095
2001-11-26,1.9268,1.6005,1.1349,124.2,2.4237,9.035,10.62,1.6635,0.708
2001-11-27,1.9168,1.5948,1.1348,124.17,2.4184,9.0173,10.63,1.66,0.7074
2001-11-28,1.9183,1.5853,1.1283,123.29,2.4184,8.974,10.656,1.6485,0.7025
2001-11-29,1.932,1.5828,1.1263,123.82,2.4237,8.9705,10.675,1.6546,0.7026
2001-11-30,1.922,1.5717,1.1163,123.22,2.4021,8.926,10.674,1.6405,0.7015
2001-12-03,1.9294,1.5762,1.124,123.9,2.4073,8.979,10.7285,1.655,0.7034
2001-12-04,1.9399,1.5729,1.1238,124.28,2.4272,8.9955,10.66,1.6545,0.7034
2001-12-05,1.9342,1.5716,1.1292,124.4,2.4125,9.013,10.61,1.6639,0.706
2001-12-06,1.9298,1.5767,1.1216,124.83,2.4021,8.9575,10.498,1.6553,0.7018
2001-12-07,1.9395,1.5725,1.123,125.66,2.412,8.957,10.461,1.659,0.6986
2001-12-10,1.9417,1.5787,1.1256,126.27,2.4108,9.01,10.504,1.6673,0.6973
2001-12-11,1.9425,1.5781,1.1231,126.23,2.3981,8.9825,10.516,1.6585,0.6961
2001-12-12,1.9227,1.5654,1.1179,126.52,2.381,8.958,10.491,1.6495,0.6925
2001-12-13,1.9309,1.5675,1.1141,126.32,2.3866,8.9375,10.438,1.6423,0.6919
2001-12-14,1.9283,1.5635,1.1057,127.24,2.3952,8.8735,10.493,1.6307,0.6874
2001-12-17,1.932,1.5646,1.1062,127.54,2.3969,8.8675,10.455,1.633,0.6855
2001-12-18,1.9391,1.5729,1.1088,127.97,2.3952,8.866,10.493,1.634,0.6866
2001-12-19,1.9486,1.5743,1.1115,128.2,2.4085,8.885,10.499,1.6389,0.6893
2001-12-20,1.9814,1.5782,1.1146,128.55,2.4301,8.921,10.593,1.6359,0.6914
2001-12-21,1.9704,1.585,1.1282,129.48,2.4108,8.992,10.678,1.654,0.6952
2001-12-24,1.9662,1.5945,1.1399,129.9,2.4067,9.112,10.823,1.692,0.6952
2001-12-26,1.9685,1.599,1.1392,130.79,2.4056,9.097,10.843,1.6917,0.6901
2001-12-27,1.9704,1.5954,1.1308,131.47,2.4137,9.018,10.705,1.678,0.6878
2001-12-28,1.9562,1.5956,1.1335,131.3,2.412,9.0325,10.56,1.679,0.6908
2001-12-31,1.9543,1.5925,1.1235,131.04,2.4033,8.9724,10.4571,1.6598,0.6876
2002-01-02,1.9436,1.5974,1.1073,132.02,2.3646,8.8775,10.269,1.6424,0.692
2002-01-03,1.9433,1.597,1.1121,131.76,2.3513,8.905,10.2925,1.6495,0.6944
2002-01-04,1.9253,1.5977,1.1178,131.02,2.3299,8.928,10.312,1.6507,0.6918
2002-01-07,1.9294,1.5981,1.1197,130.93,2.3386,8.92,10.3325,1.651,0.6952
2002-01-08,1.9091,1.5949,1.1204,132.53,2.3164,8.935,10.395,1.6553,0.6932
2002-01-09,1.9095,1.5965,1.1259,132.62,2.3337,8.956,10.395,1.6615,0.6957
2002-01-10,1.9124,1.6012,1.1204,132.61,2.3452,8.92,10.294,1.6623,0.6929
2002-01-11,1.9194,1.5975,1.123,132.17,2.3596,8.935,10.296,1.6602,0.6921
2002-01-14,1.9305,1.5974,1.1192,131.83,2.3641,8.899,10.342,1.6569,0.6905
2002-01-15,1.9272,1.5899,1.122,131.14,2.3585,8.8965,10.3485,1.6602,0.692
2002-01-16,1.9399,1.5945,1.132,131.77,2.3787,8.948,10.475,1.6638,0.6957
2002-01-17,1.9474,1.611,1.1364,132.13,2.3753,8.963,10.529,1.6685,0.697
2002-01-18,1.9417,1.6128,1.1307,132.64,2.3613,8.955,10.435,1.6635,0.6961
2002-01-22,1.9283,1.6084,1.1315,133.98,2.3261,8.944,10.48,1.6629,0.6995
2002-01-23,1.9238,1.604,1.1317,134.25,2.3321,8.955,10.477,1.6654,0.7006
2002-01-24,1.9249,1.602,1.1387,134.64,2.3392,8.973,10.517,1.6757,0.7028
2002-01-25,1.9354,1.6083,1.1554,134.47,2.3613,9.068,10.675,1.7025,0.7094
2002-01-28,1.9357,1.6126,1.1621,133.43,2.3697,9.111,10.729,1.709,0.7105
2002-01-29,1.9455,1.5903,1.157,133.51,2.3652,9.0755,10.6625,1.7038,0.7076
2002-01-30,1.9763,1.591,1.1563,132.84,2.4062,9.0634,10.6506,1.7045,0.7062
2002-01-31,1.9716,1.5915,1.1636,134.06,2.3998,9.108,10.672,1.719,0.7082
2002-02-01,1.9685,1.5908,1.161,133.77,2.3964,9.105,10.68,1.7179,0.7063
2002-02-04,1.9589,1.5919,1.1514,132.71,2.3981,9.036,10.639,1.7021,0.7044
2002-02-05,1.9658,1.5985,1.1531,133.9,2.4015,9.051,10.6575,1.697,0.7057
2002-02-06,1.9631,1.6042,1.1504,133.72,2.3906,9.0075,10.61,1.6948,0.7073
2002-02-07,1.9724,1.6037,1.1507,133.49,2.4102,9.0032,10.6345,1.6948,0.7084
2002-02-08,1.9592,1.597,1.1459,134.77,2.3929,8.984,10.601,1.69,0.7054
2002-02-11,1.9512,1.5895,1.1392,133.62,2.3804,8.935,10.555,1.6835,0.7024
2002-02-12,1.9658,1.5919,1.1405,132.82,2.3912,8.925,10.567,1.6855,0.6982
2002-02-13,1.9658,1.591,1.1455,133.23,2.3929,8.9575,10.585,1.697,0.6994
2002-02-14,1.9354,1.5919,1.1477,132.26,2.3781,8.9275,10.5475,1.7005,0.7
2002-02-15,1.9354,1.5908,1.1455,132.76,2.368,8.8875,10.5,1.698,0.6986
2002-02-19,1.9316,1.5885,1.141,133.45,2.3759,8.881,10.495,1.6895,0.6992
2002-02-20,1.9339,1.5905,1.1488,133.76,2.3787,8.929,10.565,1.6999,0.7008
2002-02-21,1.9346,1.5914,1.1478,134.27,2.3889,8.896,10.4995,1.6987,0.7016
2002-02-22,1.9482,1.5945,1.1419,133.85,2.3889,8.871,10.445,1.689,0.6993
2002-02-25,1.9486,1.601,1.1477,133.89,2.3935,8.882,10.436,1.6948,0.7011
2002-02-26,1.9433,1.6112,1.1518,134.35,2.3895,8.92,10.469,1.6995,0.703
2002-02-27,1.9387,1.6084,1.1571,134.63,2.3861,8.92,10.495,1.7085,0.706
2002-02-28,1.9354,1.6049,1.155,133.96,2.3736,8.9175,10.47,1.7025,0.7078
2002-03-01,1.9316,1.5955,1.1558,133.35,2.3669,8.8875,10.5,1.706,0.7047
2002-03-04,1.9223,1.59,1.1488,132.2,2.3463,8.8475,10.3925,1.697,0.7028
2002-03-05,1.9205,1.5905,1.1496,132.31,2.3474,8.832,10.389,1.6977,0.7036
2002-03-06,1.9172,1.5835,1.14,130.85,2.3337,8.798,10.316,1.6819,0.7023
2002-03-07,1.9037,1.5823,1.137,127.07,2.325,8.765,10.309,1.673,0.702
2002-03-08,1.9102,1.5857,1.1426,128.21,2.3229,8.812,10.372,1.681,0.7029
2002-03-11,1.9186,1.5843,1.1405,128.08,2.3364,8.828,10.353,1.6775,0.7032
2002-03-12,1.9209,1.5858,1.1417,128.67,2.3294,8.835,10.394,1.6767,0.7069
2002-03-13,1.9231,1.5935,1.1403,129.43,2.3283,8.854,10.4075,1.6739,0.7064
2002-03-14,1.9124,1.5943,1.1343,128.94,2.3256,8.792,10.36,1.6595,0.7042
2002-03-15,1.9022,1.5863,1.1334,129.1,2.2899,8.798,10.337,1.6596,0.7023
2002-03-18,1.9066,1.588,1.133,131.27,2.2962,8.766,10.285,1.6585,0.7015
2002-03-19,1.9102,1.5842,1.1357,132.3,2.3068,8.783,10.265,1.6622,0.7036
2002-03-20,1.8839,1.5793,1.1317,131.6,2.266,8.739,10.209,1.6568,0.7013
2002-03-21,1.879,1.5808,1.1317,131.86,2.2686,8.72,10.1975,1.6555,0.6999
2002-03-22,1.8776,1.5767,1.1375,132.88,2.2743,8.764,10.255,1.6623,0.7011
2002-03-25,1.885,1.5858,1.1405,133.46,2.2795,8.803,10.2765,1.666,0.7015
2002-03-26,1.8914,1.5925,1.1406,132.78,2.291,8.7925,10.276,1.669,0.7008
2002-03-27,1.8957,1.5938,1.146,132.61,2.2962,8.837,10.351,1.6786,0.7023
2002-03-28,1.8741,1.594,1.148,132.61,2.2696,8.845,10.372,1.685,0.7021
2002-03-29,1.8751,1.5958,1.1472,132.7,2.2701,8.853,10.363,1.682,0.7018
2002-04-01,1.8702,1.5995,1.1356,133.32,2.2589,8.745,10.237,1.6607,0.6941
2002-04-02,1.8702,1.5934,1.1387,133.4,2.2624,8.755,10.281,1.6655,0.6965
2002-04-03,1.8818,1.589,1.1358,132.65,2.2758,8.692,10.302,1.6607,0.6969
2002-04-04,1.885,1.593,1.1391,132.3,2.2743,8.715,10.325,1.6654,0.6969
2002-04-05,1.8847,1.59,1.1357,131.73,2.2847,8.685,10.25,1.6637,0.6969
2002-04-08,1.8975,1.5941,1.1429,131.27,2.3116,8.7175,10.3675,1.674,0.6988
2002-04-09,1.8961,1.5964,1.1373,131.03,2.3015,8.6875,10.3275,1.6676,0.6971
2002-04-10,1.8857,1.593,1.1371,130.75,2.2883,8.706,10.355,1.6702,0.6961
2002-04-11,1.872,1.5879,1.1326,131.55,2.2594,8.6365,10.284,1.6604,0.6953
2002-04-12,1.8737,1.5879,1.1374,132.09,2.2614,8.654,10.3155,1.6678,0.6958
2002-04-15,1.8822,1.5892,1.1361,131.95,2.2712,8.667,10.3635,1.6666,0.6958
2002-04-16,1.8797,1.5798,1.1325,131.19,2.2743,8.658,10.382,1.6638,0.6946
2002-04-17,1.8622,1.5745,1.1255,130.7,2.2523,8.607,10.29,1.655,0.6926
2002-04-18,1.8563,1.5747,1.1238,129.84,2.2452,8.585,10.329,1.6485,0.6907
2002-04-19,1.8553,1.5723,1.1245,130.5,2.2386,8.555,10.29,1.6508,0.691
2002-04-22,1.8553,1.573,1.1265,129.9,2.2406,8.573,10.3685,1.6543,0.6902
2002-04-23,1.8546,1.5753,1.124,129.89,2.2386,8.54,10.321,1.649,0.6903
2002-04-24,1.8437,1.5685,1.1217,129.76,2.2321,8.543,10.313,1.6445,0.6906
2002-04-25,1.8376,1.5636,1.1138,128.4,2.2193,8.4585,10.2785,1.6308,0.6878
2002-04-26,1.8426,1.5632,1.1136,128.18,2.2237,8.441,10.273,1.6293,0.6875
2002-04-29,1.8587,1.5663,1.1077,128.13,2.2371,8.3975,10.222,1.6215,0.6853
2002-04-30,1.8615,1.5681,1.1109,128.45,2.2361,8.405,10.28,1.6216,0.6866
2002-05-01,1.8563,1.5579,1.1035,127.45,2.2331,8.35,10.219,1.601,0.6839
2002-05-02,1.8639,1.5621,1.1072,128.02,2.2447,8.3815,10.262,1.6098,0.6828
2002-05-03,1.8584,1.565,1.0949,127.21,2.2346,8.286,10.158,1.592,0.6819
2002-05-06,1.8543,1.5685,1.091,127.27,2.2346,8.2735,10.116,1.5891,0.6814
2002-05-07,1.8481,1.5705,1.0931,127.8,2.2272,8.3365,10.259,1.593,0.6814
2002-05-08,1.8553,1.5708,1.1062,128.64,2.2326,8.378,10.295,1.6102,0.6881
2002-05-09,1.8437,1.5687,1.1004,128.36,2.2163,8.306,10.228,1.6005,0.6856
2002-05-10,1.8365,1.5575,1.097,127.89,2.2099,8.302,10.241,1.5946,0.6847
2002-05-13,1.8315,1.5585,1.0981,127.69,2.1973,8.287,10.269,1.5983,0.6855
2002-05-14,1.8308,1.559,1.1084,128.66,2.1959,8.365,10.252,1.6155,0.6909
2002-05-15,1.8248,1.5563,1.102,127.92,2.1858,8.323,10.16,1.6054,0.6869
2002-05-16,1.8208,1.555,1.0983,128.19,2.1683,8.294,10.15,1.5993,0.6865
2002-05-17,1.8109,1.542,1.0862,126.03,2.1575,8.202,10.017,1.581,0.6848
2002-05-20,1.8103,1.5415,1.0854,125.64,2.1482,8.186,9.9955,1.5785,0.6855
2002-05-21,1.8008,1.5387,1.088,123.83,2.1413,8.194,9.983,1.5798,0.6864
2002-05-22,1.7908,1.5361,1.0793,124.16,2.1209,8.0715,9.869,1.5686,0.6854
2002-05-23,1.7905,1.5338,1.0831,124.84,2.1004,8.073,9.886,1.5755,0.6875
2002-05-24,1.7992,1.535,1.0846,124.71,2.1245,8.0725,9.908,1.5827,0.686
2002-05-28,1.7809,1.5305,1.077,124.38,2.1,7.952,9.864,1.5743,0.6841
2002-05-29,1.7778,1.5345,1.0738,124.35,2.1008,7.945,9.815,1.5757,0.6849
2002-05-30,1.7715,1.534,1.0669,123.08,2.0947,7.929,9.721,1.5621,0.6824
2002-05-31,1.7668,1.5275,1.0708,124.13,2.0877,8.0025,9.7445,1.5693,0.6838
2002-06-03,1.7501,1.5282,1.065,123.69,2.0576,7.92,9.69,1.5638,0.6839
2002-06-04,1.7409,1.5284,1.0611,123.95,2.0404,7.897,9.7,1.5592,0.6847
2002-06-05,1.7476,1.535,1.0648,124.4,2.0555,7.876,9.732,1.5672,0.6862
2002-06-06,1.7397,1.5325,1.0574,124.34,2.0421,7.853,9.694,1.559,0.6853
2002-06-07,1.751,1.5321,1.0583,124.49,2.0483,7.884,9.756,1.555,0.6847
2002-06-10,1.7565,1.5385,1.0586,124.6,2.0517,7.875,9.7325,1.5585,0.6845
2002-06-11,1.7596,1.5383,1.0588,125.56,2.0542,7.866,9.686,1.562,0.6809
2002-06-12,1.7498,1.5365,1.0556,125.64,2.0296,7.841,9.685,1.5595,0.68
2002-06-13,1.7581,1.5398,1.0593,125.12,2.0383,7.87,9.7,1.5638,0.6799
2002-06-14,1.7848,1.5499,1.0584,124.25,2.0648,7.883,9.684,1.5626,0.6787
2002-06-17,1.7912,1.5474,1.0591,124.37,2.0687,7.851,9.592,1.5632,0.6765
2002-06-18,1.78,1.5443,1.0545,124.56,2.0568,7.8025,9.564,1.5568,0.6726
2002-06-19,1.7683,1.5415,1.0478,124.04,2.0521,7.725,9.53,1.5422,0.6724
2002-06-20,1.7516,1.5319,1.0367,123.33,2.0375,7.637,9.386,1.5235,0.6675
2002-06-21,1.7413,1.5232,1.0304,121.23,2.0153,7.6075,9.3277,1.5124,0.6672
2002-06-24,1.7431,1.5166,1.0219,121.28,2.0202,7.556,9.2625,1.5005,0.6642
2002-06-25,1.7596,1.5218,1.0318,121.9,2.0408,7.591,9.34,1.514,0.6667
2002-06-26,1.7813,1.5211,1.0178,119.83,2.0653,7.517,9.271,1.494,0.6572
2002-06-27,1.773,1.5108,1.0116,119.38,2.0421,7.489,9.2125,1.4885,0.6542
2002-06-28,1.7768,1.519,1.0146,119.85,2.0576,7.524,9.207,1.492,0.656
2002-07-01,1.7809,1.519,1.0108,120.04,2.0576,7.494,9.199,1.4845,0.6533
2002-07-02,1.7784,1.5263,1.0163,120.13,2.05,7.481,9.214,1.49,0.6536
2002-07-03,1.7848,1.529,1.0187,119.77,2.0429,7.464,9.286,1.4907,0.655
2002-07-05,1.796,1.5247,1.0277,120.19,2.0585,7.495,9.375,1.5062,0.6576
2002-07-08,1.7718,1.5208,1.0133,118.66,2.0387,7.4,9.295,1.4893,0.6516
2002-07-09,1.7581,1.5145,1.0062,117.85,2.0296,7.36,9.2875,1.482,0.6466
2002-07-10,1.763,1.5203,1.0111,117.94,2.0396,7.376,9.395,1.4888,0.6459
2002-07-11,1.7879,1.5223,1.0074,116.62,2.0597,7.356,9.353,1.4793,0.6433
2002-07-12,1.7873,1.5299,1.0097,116.73,2.0653,7.417,9.322,1.4832,0.6452
2002-07-15,1.786,1.5365,0.9929,116.06,2.0619,7.344,9.199,1.4582,0.6387
2002-07-16,1.7912,1.5347,0.9914,115.71,2.0576,7.326,9.244,1.4548,0.6372
2002-07-17,1.8129,1.5399,0.9923,116.24,2.073,7.331,9.233,1.454,0.6377
2002-07-18,1.8116,1.544,0.9933,117.02,2.0738,7.356,9.245,1.454,0.6376
2002-07-19,1.8002,1.5386,0.9846,115.73,2.0534,7.3295,9.23,1.4387,0.6335
2002-07-22,1.8126,1.5562,0.9903,116.22,2.067,7.4495,9.4055,1.4408,0.6329
2002-07-23,1.8335,1.5779,1.0067,117.35,2.0956,7.618,9.553,1.4645,0.6387
2002-07-24,1.8501,1.5765,1.0055,116.33,2.1413,7.6615,9.5685,1.4561,0.6351
2002-07-25,1.8464,1.5725,1.0003,116.87,2.1404,7.5875,9.42,1.4498,0.6348
2002-07-26,1.8622,1.588,1.0119,118.78,2.1598,7.636,9.448,1.4682,0.6396
2002-07-29,1.8484,1.5725,1.0226,119.87,2.1345,7.696,9.478,1.4893,0.6423
2002-07-30,1.8365,1.5735,1.0122,119.9,2.1272,7.528,9.377,1.4749,0.6359
2002-07-31,1.8365,1.5845,1.0208,119.77,2.1345,7.62,9.515,1.4833,0.64
2002-08-01,1.8563,1.5867,1.016,119.1,2.1542,7.643,9.552,1.4703,0.6419
2002-08-02,1.8532,1.5885,1.0119,118.98,2.1552,7.621,9.572,1.4708,0.6366
2002-08-05,1.8896,1.5963,1.0156,119.26,2.1867,7.646,9.556,1.477,0.6384
2002-08-06,1.8939,1.5935,1.0373,121.14,2.2198,7.8095,9.6855,1.513,0.6501
2002-08-07,1.8646,1.5807,1.0269,120.37,2.1997,7.709,9.587,1.497,0.6513
2002-08-08,1.8758,1.5818,1.0359,121.04,2.1978,7.74,9.65,1.5146,0.6545
2002-08-09,1.8678,1.5725,1.0294,120.15,2.1844,7.683,9.56,1.503,0.6564
2002-08-12,1.8546,1.5739,1.0227,118.85,2.1603,7.629,9.508,1.4965,0.6529
2002-08-13,1.8584,1.5658,1.0218,119.08,2.1683,7.6,9.449,1.4952,0.6532
2002-08-14,1.8605,1.5657,1.0135,116.53,2.1636,7.551,9.372,1.4813,0.6476
2002-08-15,1.8372,1.5583,1.0187,117.28,2.1422,7.578,9.408,1.4907,0.651
2002-08-16,1.8382,1.5609,1.0167,117.51,2.1427,7.519,9.384,1.4915,0.6505
2002-08-19,1.8443,1.5715,1.023,118.53,2.1445,7.543,9.444,1.5015,0.6548
2002-08-20,1.8302,1.5716,1.0226,118.84,2.1322,7.515,9.405,1.5027,0.6551
2002-08-21,1.8369,1.5586,1.0208,118.54,2.151,7.544,9.347,1.4999,0.6538
2002-08-22,1.8525,1.5566,1.0312,119.85,2.1556,7.647,9.498,1.5188,0.6582
2002-08-23,1.8406,1.5563,1.0282,119.53,2.145,7.626,9.457,1.5128,0.6572
2002-08-26,1.8376,1.5575,1.0276,119.54,2.14,7.59,9.385,1.5125,0.6563
2002-08-27,1.807,1.5523,1.019,118.31,2.1195,7.526,9.2875,1.4969,0.6534
2002-08-28,1.8149,1.5599,1.0183,118.31,2.1322,7.52,9.307,1.4968,0.6509
2002-08-29,1.8126,1.5598,1.0174,118.34,2.1358,7.516,9.328,1.4941,0.6458
2002-08-30,1.8198,1.5585,1.0198,118.76,2.1372,7.5366,9.4,1.5007,0.6462
2002-09-03,1.8298,1.5545,1.0041,117.12,2.1436,7.476,9.369,1.473,0.64
2002-09-04,1.8372,1.5663,1.0078,118.01,2.1482,7.463,9.35,1.4751,0.6393
2002-09-05,1.8454,1.5672,1.009,118.34,2.1441,7.45,9.346,1.4733,0.6386
2002-09-06,1.8292,1.5637,1.016,118.48,2.1268,7.486,9.3696,1.4825,0.6411
2002-09-09,1.8292,1.5662,1.0186,118.85,2.1313,7.5025,9.3725,1.4848,0.6416
2002-09-10,1.8288,1.5737,1.0254,119.78,2.1277,7.5823,9.4255,1.496,0.6433
2002-09-11,1.8262,1.577,1.0284,120.64,2.1263,7.598,9.416,1.5067,0.6455
2002-09-12,1.8123,1.5848,1.0245,120.68,2.1097,7.531,9.419,1.5042,0.6431
2002-09-13,1.8169,1.5858,1.0264,121.5,2.1097,7.5425,9.452,1.502,0.6416
2002-09-16,1.8225,1.583,1.0285,122.17,2.1231,7.549,9.364,1.51,0.6477
2002-09-17,1.8268,1.5791,1.0325,122.64,2.1299,7.579,9.413,1.5202,0.6518
2002-09-18,1.8232,1.5835,1.0216,121.49,2.1259,7.5055,9.303,1.4982,0.6441
2002-09-19,1.8149,1.5727,1.0186,121.48,2.1061,7.4595,9.243,1.492,0.6433
2002-09-20,1.8302,1.573,1.0164,123.16,2.1245,7.488,9.193,1.488,0.6428
2002-09-23,1.8359,1.5845,1.0181,123.93,2.129,7.477,9.243,1.491,0.6421
2002-09-24,1.8365,1.5856,1.0188,123.38,2.124,7.451,9.268,1.4918,0.6425
2002-09-25,1.8365,1.5812,1.0207,122.72,2.1268,7.475,9.3053,1.4933,0.64
2002-09-26,1.8372,1.5769,1.0251,122.59,2.1263,7.51,9.371,1.5029,0.6425
2002-09-27,1.8382,1.5777,1.0233,122.86,2.1249,7.5,9.304,1.5008,0.6432
2002-09-30,1.842,1.5863,1.0122,121.74,2.1286,7.41,9.274,1.4758,0.6369
2002-10-01,1.8443,1.5863,1.0143,122.73,2.1231,7.425,9.219,1.4793,0.6366
2002-10-02,1.8376,1.5855,1.0161,123.21,2.1084,7.428,9.221,1.4836,0.6388
2002-10-03,1.8298,1.5903,1.0131,123.04,2.0934,7.401,9.198,1.4794,0.6368
2002-10-04,1.8312,1.5943,1.0182,123.02,2.0903,7.428,9.258,1.4893,0.6373
2002-10-07,1.8192,1.5922,1.0187,124.44,2.0644,7.4235,9.275,1.49,0.6393
2002-10-08,1.8282,1.5935,1.0208,124.26,2.0747,7.418,9.353,1.4959,0.6423
2002-10-09,1.8232,1.5933,1.0134,123.55,2.0794,7.406,9.29,1.4837,0.6412
2002-10-10,1.8272,1.5916,1.0141,123.64,2.0855,7.3895,9.2775,1.4841,0.64
2002-10-11,1.8232,1.5888,1.0148,124.04,2.0803,7.393,9.246,1.486,0.6408
2002-10-15,1.8292,1.5857,1.0194,124.66,2.0855,7.437,9.241,1.4958,0.6434
2002-10-16,1.8225,1.584,1.0179,124.3,2.0799,7.467,9.242,1.4924,0.6434
2002-10-17,1.8182,1.5725,1.029,124.8,2.0781,7.645,9.3825,1.5119,0.6441
2002-10-18,1.8188,1.5723,1.0301,125.52,2.0786,7.6275,9.384,1.514,0.6468
2002-10-21,1.8083,1.5682,1.0275,124.71,2.0674,7.593,9.335,1.511,0.6486
2002-10-22,1.8093,1.568,1.0223,125.09,2.0631,7.585,9.3445,1.5015,0.6467
2002-10-23,1.8096,1.5685,1.0233,124.17,2.0657,7.566,9.385,1.5004,0.6452
2002-10-24,1.8018,1.561,1.0265,124.77,2.0589,7.575,9.37,1.5062,0.6461
2002-10-25,1.8034,1.5676,1.0239,124.14,2.0542,7.541,9.3405,1.5014,0.6438
2002-10-28,1.7905,1.5607,1.016,123.64,2.0437,7.5035,9.242,1.4882,0.6409
2002-10-29,1.7982,1.5632,1.0151,122.55,2.0606,7.51,9.2505,1.487,0.6416
2002-10-30,1.809,1.5677,1.0168,122.91,2.0725,7.5025,9.218,1.4893,0.6423
2002-10-31,1.8025,1.561,1.012,122.78,2.0593,7.4555,9.1885,1.4805,0.6398
2002-11-01,1.7873,1.558,1.0029,122.16,2.0325,7.385,9.13,1.4673,0.6395
2002-11-04,1.7825,1.5562,1.0047,122.46,2.0137,7.399,9.165,1.47,0.6433
2002-11-05,1.7809,1.5563,1.0006,121.84,2.0153,7.369,9.146,1.4635,0.64
2002-11-06,1.7809,1.5586,1.0026,122.22,2.0198,7.387,9.137,1.4663,0.6414
2002-11-07,1.7668,1.5528,0.9909,121.26,2.0028,7.271,9.0515,1.4506,0.6331
2002-11-08,1.7674,1.5644,0.9863,119.72,2.008,7.2219,8.9708,1.4434,0.6283
2002-11-12,1.7825,1.5739,0.9896,119.57,2.0222,7.245,8.988,1.4465,0.6298
2002-11-13,1.7864,1.5765,0.994,120.28,2.0178,7.288,9.015,1.4577,0.6309
2002-11-14,1.7775,1.5748,0.9966,120.45,2.002,7.294,9.053,1.4615,0.6334
2002-11-15,1.7768,1.5815,0.9919,120.37,2.0008,7.25,9.01,1.4542,0.6333
2002-11-18,1.7746,1.5903,0.9918,121.15,2.0101,7.25,8.989,1.4555,0.6333
2002-11-19,1.7912,1.5853,0.9894,121.65,2.0153,7.29,8.997,1.4527,0.6297
2002-11-20,1.7873,1.584,0.9976,122.52,2.0105,7.31,9.05,1.4649,0.6349
2002-11-21,1.7787,1.5783,1.0016,122.92,1.9881,7.3195,9.018,1.4714,0.6348
2002-11-22,1.7737,1.5804,1.0034,122.84,1.99,7.326,9.0395,1.4768,0.6338
2002-11-25,1.7889,1.5735,1.0063,122.32,2.0028,7.358,9.097,1.4839,0.6383
2002-11-26,1.7867,1.572,1.0088,121.89,2.0202,7.3425,9.1365,1.4878,0.6458
2002-11-27,1.7976,1.575,1.0106,122.21,2.0305,7.358,9.169,1.4895,0.6477
2002-11-29,1.7854,1.5658,1.0068,122.72,2.008,7.334,9.076,1.486,0.643
2002-12-02,1.7886,1.5595,1.0074,124.61,2.0101,7.314,9.0745,1.4845,0.6429
2002-12-03,1.7892,1.5573,1.0032,124.42,2.0056,7.302,9.064,1.4767,0.6375
2002-12-04,1.7844,1.5579,1.0001,124.84,1.9972,7.27,9.075,1.4729,0.6377
2002-12-05,1.7813,1.5612,1.0011,124.99,1.9928,7.29,9.07,1.4731,0.6366
2002-12-06,1.7848,1.566,0.992,123.69,1.994,7.222,9.009,1.4602,0.6357
2002-12-09,1.7762,1.5615,0.9913,123.36,1.9857,7.2515,9.012,1.4595,0.6335
2002-12-10,1.7873,1.5612,0.9928,123.66,1.9869,7.276,9.03,1.4628,0.637
2002-12-11,1.7835,1.5562,0.9918,123.46,1.9912,7.2945,9.021,1.4621,0.6352
2002-12-12,1.7696,1.555,0.9815,122.75,1.9627,7.2025,8.9445,1.449,0.6329
2002-12-13,1.7712,1.5603,0.9779,120.71,1.947,7.169,8.943,1.4421,0.6291
2002-12-16,1.7668,1.5627,0.9794,121.28,1.9474,7.14,8.902,1.4448,0.6287
2002-12-17,1.7668,1.551,0.974,121.27,1.9327,7.1175,8.8695,1.4323,0.6264
2002-12-18,1.7699,1.5538,0.9752,121.12,1.9444,7.125,8.868,1.4296,0.625
2002-12-19,1.7699,1.5478,0.9788,120.86,1.9361,7.127,8.916,1.431,0.6255
2002-12-20,1.78,1.5525,0.9739,120.52,1.9417,7.098,8.865,1.425,0.6244
2002-12-23,1.7816,1.5508,0.9788,120.77,1.941,7.1025,8.93,1.425,0.6301
2002-12-24,1.7762,1.5482,0.9704,120.27,1.9354,7.054,8.864,1.4097,0.6266
2002-12-26,1.7771,1.5532,0.9654,120.12,1.9327,7.012,8.811,1.4039,0.6259
2002-12-27,1.7832,1.5683,0.9605,119.92,1.9298,7.003,8.813,1.3954,0.6241
2002-12-30,1.7743,1.5792,0.956,118.38,1.9029,6.961,8.76,1.3922,0.6233
2002-12-31,1.7778,1.58,0.9537,118.75,1.9088,6.9375,8.695,1.3833,0.6213
2003-01-02,1.7765,1.575,0.9652,119.86,1.915,7.002,8.792,1.4015,0.626
2003-01-03,1.7683,1.5665,0.9599,119.85,1.9062,6.956,8.717,1.3975,0.6232
2003-01-06,1.7355,1.5598,0.9552,119.06,1.8758,6.917,8.677,1.3928,0.6219
2003-01-07,1.7382,1.559,0.9598,120.18,1.8825,6.932,8.695,1.3983,0.6229
2003-01-08,1.7394,1.5613,0.9572,119.35,1.8864,6.9235,8.694,1.3963,0.6225
2003-01-09,1.7346,1.5541,0.9554,119.57,1.8847,6.916,8.713,1.3943,0.6236
2003-01-10,1.7182,1.5502,0.9492,119.44,1.866,6.876,8.678,1.386,0.6219
2003-01-13,1.7144,1.5423,0.9492,119.03,1.858,6.952,8.6985,1.3868,0.6238
2003-01-14,1.7147,1.5396,0.946,117.96,1.858,6.9375,8.672,1.384,0.6223
2003-01-15,1.71,1.5353,0.9455,117.91,1.8587,6.894,8.67,1.3829,0.6239
2003-01-16,1.7036,1.5366,0.9462,118.02,1.8413,6.872,8.676,1.3828,0.6222
2003-01-17,1.6923,1.5355,0.9381,117.88,1.8146,6.829,8.6245,1.3678,0.6183
2003-01-21,1.7044,1.5332,0.9366,118.57,1.8392,6.951,8.656,1.3687,0.6202
2003-01-22,1.7059,1.5324,0.9321,118.15,1.8392,6.894,8.623,1.3629,0.6187
2003-01-23,1.6926,1.524,0.9288,117.83,1.8258,6.9345,8.6,1.358,0.616
2003-01-24,1.6886,1.522,0.9238,117.8,1.8175,6.8725,8.525,1.3528,0.6127
2003-01-27,1.6961,1.5246,0.9227,118.64,1.8208,6.8975,8.525,1.3554,0.6116
2003-01-28,1.6987,1.5359,0.9231,118.67,1.8275,6.899,8.533,1.356,0.6098
2003-01-29,1.6926,1.5235,0.9207,118.13,1.8208,6.8725,8.475,1.3512,0.6076
2003-01-30,1.703,1.531,0.928,119.22,1.8352,6.895,8.515,1.3629,0.6067
2003-01-31,1.7065,1.5286,0.9312,119.96,1.8382,6.966,8.614,1.3683,0.608
2003-02-03,1.7114,1.5207,0.9293,120.47,1.8386,6.96,8.565,1.3631,0.6096
2003-02-04,1.6932,1.5146,0.9195,119.75,1.8232,6.913,8.493,1.3493,0.6068
2003-02-05,1.6943,1.5195,0.9223,119.78,1.8225,6.965,8.535,1.354,0.6077
2003-02-06,1.692,1.5213,0.9235,119.93,1.8235,6.921,8.475,1.3541,0.6115
2003-02-07,1.6941,1.5215,0.9258,120.4,1.8258,6.931,8.49,1.3584,0.6141
2003-02-10,1.6966,1.5315,0.9311,121.25,1.8222,6.9475,8.545,1.366,0.6144
2003-02-11,1.6969,1.5303,0.9305,121.19,1.8218,6.95,8.512,1.3653,0.6176
2003-02-12,1.6949,1.529,0.9332,121.3,1.8208,6.973,8.5245,1.37,0.619
2003-02-13,1.6779,1.5199,0.923,120.49,1.806,6.96,8.41,1.3559,0.6169
2003-02-14,1.6889,1.5191,0.926,120.41,1.8126,6.971,8.443,1.3618,0.6209
2003-02-18,1.6915,1.515,0.9339,118.93,1.8159,7.022,8.524,1.3745,0.6281
2003-02-19,1.6827,1.514,0.9308,118.65,1.81,7.007,8.477,1.3697,0.6267
2003-02-20,1.6708,1.5047,0.9241,118.18,1.7931,6.9265,8.411,1.356,0.6279
2003-02-21,1.6745,1.5052,0.927,118.78,1.7915,7,8.46,1.3618,0.6304
2003-02-24,1.651,1.4944,0.9274,117.78,1.7687,7.0415,8.465,1.3592,0.6305
2003-02-25,1.6521,1.4928,0.9275,117.14,1.7677,7.0707,8.453,1.3538,0.6358
2003-02-26,1.6461,1.4939,0.9262,117.19,1.7693,7.083,8.421,1.355,0.6327
2003-02-27,1.6518,1.4954,0.9291,117.58,1.7794,7.198,8.482,1.3598,0.633
2003-02-28,1.6461,1.488,0.9277,118.22,1.7921,7.168,8.505,1.3557,0.6354
2003-03-03,1.6297,1.4853,0.9229,117.93,1.7825,7.1665,8.497,1.3468,0.6347
2003-03-04,1.6295,1.4775,0.9189,117.96,1.7819,7.143,8.425,1.34,0.6321
2003-03-05,1.6231,1.4727,0.9118,117.32,1.7705,7.059,8.378,1.3299,0.6249
2003-03-06,1.6281,1.4714,0.9093,117.22,1.7683,7.1425,8.365,1.3314,0.6231
2003-03-07,1.6295,1.4665,0.9079,116.47,1.7819,7.2155,8.373,1.3338,0.6242
2003-03-10,1.6242,1.4659,0.904,116.55,1.7813,7.185,8.367,1.3247,0.6247
2003-03-11,1.6556,1.4725,0.9068,117.07,1.8073,7.177,8.449,1.3316,0.6235
2003-03-12,1.6781,1.4728,0.9072,117.18,1.8169,7.125,8.431,1.3315,0.62
2003-03-13,1.6832,1.4855,0.92,118.31,1.8292,7.19,8.5,1.349,0.6228
2003-03-14,1.6762,1.4822,0.9324,118.59,1.8146,7.253,8.577,1.369,0.6321
2003-03-17,1.6886,1.4835,0.9429,118.45,1.8228,7.3545,8.668,1.3845,0.6377
2003-03-18,1.6872,1.4788,0.9413,118.9,1.8248,7.457,8.699,1.3843,0.64
2003-03-19,1.6912,1.4804,0.9443,120.13,1.8165,7.4375,8.675,1.3903,0.6391
2003-03-20,1.6849,1.4788,0.9422,120.05,1.8067,7.4125,8.639,1.387,0.6382
2003-03-21,1.6935,1.4905,0.9483,121.42,1.8242,7.464,8.703,1.4,0.6386
2003-03-24,1.6815,1.4805,0.9395,120.69,1.8136,7.39,8.675,1.3847,0.635
2003-03-25,1.6756,1.477,0.9369,120.03,1.8142,7.33,8.673,1.3805,0.6367
2003-03-26,1.6745,1.4711,0.9366,120.13,1.8288,7.338,8.653,1.3827,0.6352
2003-03-27,1.6667,1.4673,0.9339,119.78,1.8198,7.3525,8.6425,1.3807,0.6379
2003-03-28,1.6658,1.468,0.9292,120.18,1.8192,7.328,8.561,1.3724,0.638
2003-03-31,1.6543,1.4695,0.9174,118.07,1.8057,7.276,8.4735,1.3538,0.6333
2003-04-01,1.6543,1.4729,0.9171,118.25,1.8034,7.204,8.483,1.3537,0.6342
2003-04-02,1.6675,1.4762,0.9289,119.17,1.8192,7.265,8.585,1.3794,0.6386
2003-04-03,1.6678,1.476,0.9314,119.55,1.8238,7.245,8.565,1.3809,0.6362
2003-04-04,1.6639,1.472,0.9336,120.05,1.8464,7.2544,8.5927,1.3875,0.6411
2003-04-07,1.675,1.4843,0.9415,120.41,1.8605,7.305,8.6425,1.3995,0.6452
2003-04-08,1.6656,1.4677,0.936,119.91,1.8355,7.28,8.568,1.3905,0.6449
2003-04-09,1.6578,1.4678,0.9327,120.55,1.8328,7.26,8.527,1.3858,0.6426
2003-04-10,1.6499,1.457,0.9257,119.58,1.8302,7.308,8.475,1.3846,0.6362
2003-04-11,1.6537,1.4519,0.9301,120.47,1.8349,7.318,8.49,1.3933,0.6364
2003-04-14,1.6581,1.4533,0.9282,120.3,1.8292,7.31,8.473,1.3895,0.6364
2003-04-15,1.6513,1.4515,0.9258,120.2,1.8136,7.263,8.484,1.3912,0.6367
2003-04-16,1.6353,1.4563,0.9198,120.04,1.7937,7.223,8.424,1.3785,0.6353
2003-04-17,1.6268,1.449,0.9168,119.3,1.7957,7.202,8.402,1.377,0.635
2003-04-18,1.6276,1.45,0.9189,119.72,1.7969,7.2115,8.4125,1.381,0.6356
2003-04-21,1.6287,1.4547,0.9211,120.55,1.8002,7.225,8.42,1.3901,0.6414
2003-04-22,1.6098,1.4473,0.9119,119.68,1.7819,7.156,8.335,1.3708,0.6342
2003-04-23,1.62,1.4512,0.9133,120.33,1.7937,7.161,8.319,1.3759,0.6323
2003-04-24,1.6116,1.4579,0.9059,119.83,1.8008,7.083,8.25,1.359,0.6261
2003-04-25,1.6255,1.4535,0.9058,120.25,1.8067,7.071,8.264,1.3612,0.6283
2003-04-28,1.615,1.4504,0.9092,120.34,1.7973,7.053,8.323,1.3695,0.6287
2003-04-29,1.6129,1.446,0.9083,120.14,1.7963,7.0775,8.285,1.3688,0.6288
2003-04-30,1.5969,1.4336,0.8945,119.07,1.7857,6.995,8.17,1.3545,0.625
2003-05-01,1.5828,1.4191,0.8898,118.56,1.7806,6.9501,8.118,1.342,0.621
2003-05-02,1.5878,1.4221,0.8929,119.1,1.7771,7.03,8.147,1.348,0.6242
2003-05-05,1.5765,1.4134,0.8872,118.64,1.7652,6.994,8.067,1.344,0.6227
2003-05-06,1.5667,1.4085,0.8807,117.94,1.7528,6.911,8.0055,1.3331,0.6196
2003-05-07,1.5718,1.401,0.8818,116.51,1.7683,6.9265,8.025,1.3264,0.6277
2003-05-08,1.5567,1.395,0.8731,116.65,1.7425,6.874,7.965,1.3172,0.6237
2003-05-09,1.5509,1.393,0.8697,117.2,1.7349,6.848,7.972,1.3114,0.6232
2003-05-12,1.5427,1.3885,0.8653,116.94,1.7235,6.808,7.944,1.3107,0.6213
2003-05-13,1.5485,1.3898,0.8696,116.56,1.7391,6.8585,7.981,1.3168,0.6214
2003-05-14,1.5446,1.3786,0.8697,116.16,1.7376,6.8465,7.982,1.3157,0.6187
2003-05-15,1.5564,1.3757,0.8728,115.94,1.7464,6.8408,7.9958,1.3151,0.6149
2003-05-16,1.538,1.3672,0.8664,116.01,1.7316,6.798,7.925,1.3102,0.6157
2003-05-19,1.5244,1.3604,0.8557,116.58,1.7079,6.804,7.857,1.2945,0.6115
2003-05-20,1.5216,1.3446,0.8558,116.77,1.7065,6.786,7.865,1.294,0.61
2003-05-21,1.5237,1.3498,0.8542,117.23,1.7138,6.71,7.826,1.2903,0.6092
2003-05-22,1.5186,1.3679,0.8547,117.25,1.7156,6.7185,7.8285,1.294,0.6118
2003-05-23,1.5209,1.3783,0.8485,116.89,1.7167,6.677,7.792,1.293,0.6106
2003-05-27,1.5186,1.3754,0.8437,117.12,1.7141,6.645,7.753,1.2851,0.6098
2003-05-28,1.5434,1.3867,0.8516,118.73,1.7409,6.718,7.786,1.299,0.6116
2003-05-29,1.5439,1.3769,0.845,118.45,1.7367,6.6684,7.7479,1.2898,0.6066
2003-05-30,1.5354,1.3712,0.8499,119.5,1.7364,6.6917,7.7654,1.3022,0.61
2003-06-02,1.5235,1.3696,0.8515,118.52,1.7235,6.725,7.773,1.2973,0.6108
2003-06-03,1.5154,1.3768,0.8546,119.27,1.7271,6.864,7.7945,1.3127,0.6143
2003-06-04,1.5022,1.3575,0.8541,118.6,1.7232,6.9052,7.8008,1.3129,0.6123
2003-06-05,1.4984,1.3404,0.8425,117.61,1.7212,6.875,7.6745,1.2973,0.6025
2003-06-06,1.5172,1.354,0.8551,118.83,1.7325,6.975,7.799,1.3233,0.6016
2003-06-09,1.5191,1.3585,0.8516,118.11,1.7397,6.9691,7.7745,1.3131,0.6078
2003-06-10,1.5232,1.3649,0.8557,117.68,1.7425,7.017,7.799,1.3192,0.6052
2003-06-11,1.5056,1.3523,0.8501,117.69,1.7301,7.002,7.7275,1.306,0.5997
2003-06-12,1.5033,1.3492,0.8498,117.66,1.7271,6.955,7.725,1.3104,0.5994
2003-06-13,1.499,1.3362,0.8453,117.46,1.7232,6.933,7.6835,1.3047,0.5997
2003-06-16,1.4979,1.3397,0.8444,117.79,1.7182,6.9422,7.671,1.3009,0.5947
2003-06-17,1.4888,1.3393,0.8466,118.2,1.7091,6.9438,7.678,1.3051,0.5938
2003-06-18,1.4861,1.3348,0.854,118.4,1.7123,6.985,7.746,1.3205,0.5953
2003-06-19,1.4934,1.3508,0.8563,118.74,1.7167,6.9886,7.7668,1.3246,0.5974
2003-06-20,1.4981,1.359,0.8609,118.39,1.7109,7.0435,7.812,1.329,0.6008
2003-06-23,1.5053,1.3561,0.866,117.55,1.7082,7.0775,7.892,1.3268,0.5994
2003-06-24,1.5101,1.3614,0.8697,117.96,1.7106,7.12,7.962,1.331,0.6022
2003-06-25,1.4874,1.3428,0.8627,117.54,1.7004,7.145,7.91,1.3257,0.5957
2003-06-26,1.5035,1.3542,0.875,119.32,1.7167,7.252,8.026,1.3479,0.601
2003-06-27,1.5026,1.3494,0.8754,119.72,1.7167,7.252,8.031,1.3508,0.6064
2003-06-30,1.4896,1.3558,0.8694,119.87,1.7047,7.2245,7.9985,1.3519,0.605
2003-07-01,1.4793,1.3492,0.8636,119.45,1.6815,7.141,7.966,1.3412,0.6015
2003-07-02,1.4686,1.3368,0.8678,118.63,1.6784,7.196,7.9795,1.3474,0.6007
2003-07-03,1.4656,1.3368,0.8693,118.24,1.6784,7.1918,7.9752,1.3465,0.5982
2003-07-07,1.4693,1.3486,0.8818,118.08,1.6689,7.3116,8.1336,1.3681,0.6055
2003-07-08,1.5221,1.3702,0.8877,118.58,1.7059,7.3226,8.126,1.3765,0.6125
2003-07-09,1.5279,1.3748,0.8841,117.85,1.7077,7.3236,8.089,1.3665,0.6133
2003-07-10,1.5181,1.3822,0.878,117.69,1.6958,7.3094,8.0286,1.3609,0.6125
2003-07-11,1.5135,1.3762,0.8846,117.8,1.6844,7.341,8.096,1.3724,0.6126
2003-07-14,1.5152,1.3739,0.8851,117.54,1.6941,7.3775,8.085,1.3722,0.6158
2003-07-15,1.5342,1.3927,0.8902,117.24,1.715,7.4293,8.15,1.3818,0.6255
2003-07-16,1.5232,1.3874,0.8921,118.24,1.7079,7.436,8.182,1.376,0.6269
2003-07-17,1.5344,1.3973,0.8957,118.87,1.7182,7.49,8.2675,1.3772,0.6292
2003-07-18,1.5494,1.4114,0.8898,118.4,1.7458,7.4024,8.2328,1.3673,0.6302
2003-07-21,1.5342,1.4052,0.8814,118.35,1.7409,7.36,8.175,1.3551,0.6246
2003-07-22,1.5373,1.4106,0.883,119.34,1.7391,7.37,8.195,1.3623,0.6259
2003-07-23,1.5158,1.399,0.8708,118.77,1.7209,7.222,8.024,1.346,0.6215
2003-07-24,1.5042,1.3964,0.874,119.25,1.7044,7.2245,8.0516,1.3517,0.6207
2003-07-25,1.5056,1.3813,0.8686,118.82,1.7001,7.1324,7.993,1.343,0.6174
2003-07-28,1.5063,1.3827,0.8698,119.42,1.703,7.1535,7.9865,1.3456,0.6146
2003-07-29,1.5031,1.3857,0.8721,119.78,1.6918,7.1903,8.0108,1.3497,0.6163
2003-07-30,1.5326,1.4002,0.8797,120.55,1.7141,7.2195,8.077,1.3642,0.6185
2003-07-31,1.5446,1.4074,0.8904,120.42,1.7274,7.288,8.22,1.3736,0.6215
2003-08-01,1.5295,1.396,0.8887,120,1.7074,7.2575,8.2235,1.3668,0.6232
2003-08-04,1.5451,1.4065,0.8821,120.47,1.7194,7.224,8.146,1.3505,0.6219
2003-08-05,1.5466,1.4045,0.8811,119.95,1.7221,7.2375,8.135,1.352,0.6217
2003-08-06,1.5468,1.406,0.8805,120.33,1.7224,7.1985,8.1075,1.3491,0.6219
2003-08-07,1.5361,1.3933,0.878,118.91,1.7197,7.153,8.085,1.3475,0.6184
2003-08-08,1.5302,1.3935,0.8833,119.02,1.7161,7.219,8.133,1.3573,0.6219
2003-08-11,1.5184,1.384,0.8811,118.36,1.701,7.252,8.16,1.359,0.6224
2003-08-12,1.5225,1.3852,0.8846,118.53,1.7024,7.2935,8.166,1.366,0.6239
2003-08-13,1.5216,1.3836,0.8836,119.07,1.7007,7.3475,8.1565,1.366,0.6218
2003-08-14,1.5239,1.3937,0.889,119.14,1.7056,7.378,8.188,1.3717,0.625
2003-08-15,1.5191,1.3873,0.8885,119.24,1.6955,7.383,8.206,1.3724,0.6266
2003-08-18,1.5239,1.3913,0.8978,119.43,1.7059,7.4266,8.3134,1.3928,0.6293
2003-08-19,1.5237,1.401,0.8995,119.26,1.7091,7.4855,8.3505,1.3922,0.63
2003-08-20,1.5168,1.4028,0.9006,118.23,1.6978,7.4742,8.3229,1.3904,0.6281
2003-08-21,1.5302,1.4067,0.9111,117.58,1.71,7.5644,8.3893,1.4058,0.6311
2003-08-22,1.537,1.41,0.9199,117.58,1.71,7.649,8.5095,1.4181,0.6347
2003-08-25,1.5354,1.3985,0.9181,117.43,1.7153,7.639,8.495,1.4141,0.6358
2003-08-26,1.5492,1.3933,0.918,117.49,1.7322,7.656,8.52,1.409,0.6356
2003-08-27,1.561,1.4022,0.9169,117.74,1.7498,7.646,8.483,1.4099,0.6351
2003-08-28,1.5649,1.3973,0.9178,117.44,1.7559,7.6102,8.4693,1.4125,0.6341
2003-08-29,1.5408,1.385,0.9102,116.71,1.7286,7.5065,8.3644,1.4005,0.634
2003-09-02,1.562,1.3876,0.9198,116.15,1.763,7.588,8.4345,1.4125,0.6353
2003-09-03,1.5613,1.3816,0.9221,116.04,1.7562,7.597,8.4065,1.4133,0.6356
2003-09-04,1.5637,1.3735,0.9175,116.77,1.7572,7.5423,8.3667,1.4125,0.6335
2003-09-05,1.5461,1.3714,0.9031,117.06,1.7413,7.4354,8.2312,1.389,0.6293
2003-09-08,1.538,1.371,0.899,116.48,1.7295,7.4185,8.204,1.3842,0.6306
2003-09-09,1.5198,1.3668,0.8937,116.33,1.7126,7.3855,8.1685,1.3825,0.6286
2003-09-10,1.5209,1.3659,0.8933,117.13,1.7194,7.405,8.165,1.3875,0.629
2003-09-11,1.5163,1.3709,0.894,117.07,1.7153,7.403,8.1245,1.3865,0.6275
2003-09-12,1.5065,1.363,0.8844,117.38,1.7144,7.309,8.04,1.3764,0.6226
2003-09-15,1.5004,1.366,0.8846,117.41,1.7059,7.328,8.097,1.378,0.6243
2003-09-16,1.511,1.369,0.8956,116.27,1.7123,7.3908,8.145,1.3941,0.6301
2003-09-17,1.5056,1.3667,0.8898,115.99,1.7203,7.294,8.062,1.3827,0.6233
2003-09-18,1.5017,1.3644,0.8897,115.27,1.7141,7.2527,8.0445,1.3843,0.619
2003-09-19,1.4865,1.3469,0.8814,113.99,1.6952,7.183,7.9875,1.371,0.6129
2003-09-22,1.4684,1.3474,0.872,111.95,1.6742,7.115,7.8875,1.3548,0.6071
2003-09-23,1.473,1.3561,0.8705,111.65,1.681,7.0425,7.78,1.3532,0.6039
2003-09-24,1.4741,1.3543,0.8717,111.7,1.6807,7.0069,7.7445,1.3547,0.6039
2003-09-25,1.4715,1.3477,0.8708,111.86,1.6835,7.025,7.7495,1.3463,0.6029
2003-09-26,1.4826,1.3547,0.8709,111.8,1.701,7.064,7.8017,1.344,0.6025
2003-09-29,1.4826,1.3552,0.8637,111.07,1.692,7,7.704,1.3312,0.6009
2003-09-30,1.4712,1.3507,0.8584,111.43,1.6807,7.0557,7.7502,1.3208,0.6017
2003-10-01,1.4641,1.3481,0.8541,110.61,1.672,7.02,7.7285,1.3148,0.6
2003-10-02,1.4607,1.3388,0.8535,110.59,1.6689,6.9725,7.67,1.314,0.597
2003-10-03,1.4676,1.3418,0.8624,110.9,1.6849,7.0802,7.7685,1.3353,0.6013
2003-10-06,1.4603,1.3413,0.8543,110.81,1.6832,6.9795,7.65,1.3215,0.5973
2003-10-07,1.4476,1.3295,0.8486,109.81,1.6722,6.9825,7.6175,1.314,0.6014
2003-10-08,1.4486,1.3332,0.8471,109.55,1.6742,6.973,7.597,1.3127,0.6025
2003-10-09,1.4535,1.3401,0.8551,109.34,1.6708,7.038,7.686,1.3239,0.6021
2003-10-10,1.4459,1.321,0.8466,108.57,1.6686,6.9715,7.635,1.3112,0.6005
2003-10-14,1.4516,1.3234,0.853,109.29,1.6787,7.05,7.6475,1.32,0.5975
2003-10-15,1.4497,1.3243,0.8582,109.56,1.6818,7.0925,7.689,1.3285,0.5989
2003-10-16,1.4468,1.3162,0.8573,109.36,1.6815,7.087,7.698,1.3278,0.5967
2003-10-17,1.4455,1.3145,0.8598,109.57,1.6787,7.105,7.723,1.3347,0.5981
2003-10-20,1.442,1.32,0.8568,110.22,1.6753,7.112,7.7676,1.3303,0.5971
2003-10-21,1.4294,1.316,0.8565,109.69,1.6603,7.0944,7.7315,1.3296,0.5972
2003-10-22,1.415,1.3043,0.8471,108.95,1.6474,6.967,7.625,1.3142,0.5905
2003-10-23,1.4288,1.3087,0.8478,109.59,1.6412,6.993,7.674,1.3124,0.5902
2003-10-24,1.4267,1.3072,0.8451,109.23,1.6388,6.9825,7.6753,1.3067,0.5892
2003-10-27,1.4209,1.3107,0.8502,108.38,1.6402,7.023,7.725,1.3159,0.5899
2003-10-28,1.4182,1.3108,0.8555,108.33,1.634,7.0364,7.7478,1.3287,0.5898
2003-10-29,1.419,1.3098,0.8567,108.18,1.6329,7.0534,7.7181,1.3293,0.5887
2003-10-30,1.4134,1.3069,0.8551,108.27,1.6308,7.024,7.718,1.325,0.5874
2003-10-31,1.413,1.3195,0.8614,110.1,1.6345,7.091,7.814,1.3382,0.5898
2003-11-03,1.4314,1.3323,0.8731,111.2,1.642,7.185,7.915,1.3607,0.5957
2003-11-04,1.4251,1.3321,0.8698,109.6,1.6361,7.182,7.855,1.3593,0.5952
2003-11-05,1.4085,1.3312,0.8716,109.91,1.6181,7.185,7.8675,1.3653,0.5959
2003-11-06,1.4134,1.3362,0.8759,110.15,1.6297,7.224,7.8865,1.3737,0.5991
2003-11-07,1.41,1.3237,0.8692,109.29,1.6231,7.159,7.7987,1.3635,0.5985
2003-11-10,1.3953,1.3108,0.8684,107.98,1.6088,7.1425,7.7875,1.3662,0.5975
2003-11-12,1.3928,1.3007,0.8586,108.55,1.5962,7.0295,7.7,1.3473,0.5963
2003-11-13,1.3897,1.3,0.8539,108.33,1.5881,7.0025,7.6475,1.3425,0.5924
2003-11-14,1.393,1.3034,0.8516,108.43,1.5881,6.9892,7.6279,1.3333,0.5938
2003-11-17,1.4075,1.3143,0.8515,108.98,1.5982,6.9874,7.6407,1.3245,0.5922
2003-11-18,1.3866,1.3025,0.8408,108.11,1.5775,6.893,7.54,1.3055,0.5883
2003-11-19,1.3833,1.304,0.8397,109.06,1.5662,6.8565,7.5385,1.3032,0.5889
2003-11-20,1.3816,1.3031,0.8407,108.99,1.5564,6.867,7.549,1.302,0.5874
2003-11-21,1.3837,1.3042,0.8394,108.87,1.561,6.851,7.52,1.2985,0.5874
2003-11-24,1.3935,1.321,0.8498,109.39,1.5676,6.9368,7.622,1.3198,0.59
2003-11-25,1.3916,1.3135,0.8485,109.72,1.5696,6.924,7.6125,1.3172,0.5888
2003-11-26,1.3818,1.3045,0.8391,109.11,1.5581,6.859,7.578,1.299,0.5851
2003-11-28,1.382,1.2973,0.8337,109.53,1.5637,6.824,7.551,1.2917,0.5808
2003-12-01,1.3765,1.3023,0.8364,109.61,1.5533,6.8285,7.542,1.3003,0.5811
2003-12-02,1.3665,1.2988,0.8275,108.82,1.5466,6.76,7.46,1.2875,0.5783
2003-12-03,1.3591,1.3,0.8269,108.17,1.5418,6.7145,7.419,1.2888,0.5798
2003-12-04,1.3631,1.3125,0.828,108.19,1.5499,6.695,7.43,1.2906,0.5814
2003-12-05,1.3591,1.3045,0.8226,107.78,1.5509,6.6515,7.3635,1.2755,0.579
2003-12-08,1.351,1.2967,0.8185,107.23,1.5449,6.65,7.314,1.2663,0.5769
2003-12-09,1.3517,1.3092,0.8177,107.3,1.5473,6.644,7.305,1.2664,0.5737
2003-12-10,1.3517,1.3078,0.8187,108.4,1.542,6.6663,7.3446,1.2657,0.5732
2003-12-11,1.3596,1.3272,0.8221,108.23,1.5516,6.7193,7.3848,1.2758,0.5732
2003-12-12,1.3468,1.315,0.8141,107.73,1.5427,6.664,7.302,1.2628,0.5725
2003-12-15,1.3461,1.3129,0.8137,107.52,1.5418,6.693,7.342,1.2635,0.5731
2003-12-16,1.3448,1.3185,0.8112,107.6,1.537,6.675,7.3275,1.2595,0.5711
2003-12-17,1.3499,1.325,0.8077,107.42,1.543,6.7125,7.285,1.2553,0.5677
2003-12-18,1.3561,1.3295,0.808,107.92,1.5504,6.7545,7.338,1.2555,0.5658
2003-12-19,1.3578,1.3405,0.8078,107.94,1.5528,6.711,7.326,1.2565,0.5658
2003-12-22,1.3624,1.332,0.8055,107.4,1.5564,6.717,7.325,1.254,0.5671
2003-12-23,1.3585,1.3244,0.8061,107.44,1.5601,6.757,7.315,1.2583,0.5666
2003-12-24,1.3459,1.3109,0.8023,107.29,1.5444,6.75,7.298,1.2466,0.5634
2003-12-26,1.3486,1.3067,0.8038,107.18,1.543,6.781,7.32,1.2523,0.5642
2003-12-29,1.3473,1.3103,0.801,106.93,1.5415,6.749,7.27,1.2493,0.5648
2003-12-30,1.3365,1.3036,0.7987,107,1.5302,6.7235,7.262,1.2452,0.5622
2003-12-31,1.3298,1.2923,0.7938,107.13,1.5251,6.666,7.195,1.238,0.5605
2004-01-02,1.32,1.29,0.7942,106.95,1.5179,6.659,7.1903,1.239,0.5586
2004-01-05,1.3017,1.2803,0.7887,106.1,1.4888,6.6586,7.1671,1.2322,0.5529
2004-01-06,1.2984,1.2824,0.7829,106.2,1.4888,6.6985,7.1347,1.2272,0.5481
2004-01-07,1.3012,1.2884,0.7896,106.19,1.4888,6.809,7.18,1.2385,0.5497
2004-01-08,1.2895,1.279,0.783,106.17,1.4791,6.8115,7.138,1.2253,0.5453
2004-01-09,1.2858,1.269,0.778,106.54,1.4661,6.718,7.085,1.219,0.5414
2004-01-12,1.284,1.2735,0.7811,106.48,1.4616,6.731,7.126,1.2225,0.5402
2004-01-13,1.2867,1.2729,0.7852,106.25,1.4652,6.7216,7.1761,1.2262,0.5425
2004-01-14,1.2855,1.2866,0.7858,106.06,1.4641,6.716,7.2175,1.2268,0.5432
2004-01-15,1.2984,1.299,0.7944,106.1,1.4859,6.826,7.291,1.2422,0.5493
2004-01-16,1.305,1.2975,0.8068,106.87,1.5006,6.9536,7.4085,1.2659,0.5557
2004-01-20,1.3002,1.2861,0.7947,107.17,1.4986,6.852,7.288,1.2468,0.5498
2004-01-21,1.2932,1.3018,0.7926,106.84,1.4908,6.794,7.216,1.2426,0.5466
2004-01-22,1.2835,1.297,0.7863,106.08,1.4773,6.7705,7.169,1.2338,0.5421
2004-01-23,1.2963,1.3115,0.793,106.21,1.4877,6.8282,7.257,1.243,0.5494
2004-01-26,1.2937,1.313,0.7967,106.15,1.4865,6.864,7.308,1.2484,0.5495
2004-01-27,1.2812,1.3048,0.791,105.56,1.4717,6.813,7.245,1.2389,0.5471
2004-01-28,1.284,1.3218,0.7924,105.52,1.4738,6.9197,7.249,1.243,0.5444
2004-01-29,1.3184,1.334,0.8072,106.09,1.4986,7.073,7.41,1.2621,0.5521
2004-01-30,1.3115,1.3265,0.8031,105.84,1.4914,7.0161,7.412,1.2593,0.549
2004-02-02,1.3217,1.3385,0.8048,105.59,1.4874,6.9836,7.3927,1.2628,0.55
2004-02-03,1.307,1.3374,0.7961,105.36,1.4695,6.954,7.319,1.2478,0.5441
2004-02-04,1.3116,1.333,0.7967,105.53,1.4611,6.97,7.322,1.2497,0.5454
2004-02-05,1.3063,1.3318,0.7933,105.52,1.4531,6.955,7.2985,1.2443,0.5441
2004-02-06,1.3023,1.3297,0.7878,105.57,1.4486,6.89,7.183,1.2343,0.5417
2004-02-09,1.2887,1.3304,0.7891,105.68,1.4378,6.8625,7.205,1.2373,0.5382
2004-02-10,1.2798,1.3289,0.7857,105.55,1.43,6.933,7.174,1.2331,0.5348
2004-02-11,1.2723,1.3178,0.7803,105.37,1.4298,6.916,7.1295,1.2293,0.5305
2004-02-12,1.2679,1.3188,0.7808,105.42,1.4292,6.9125,7.138,1.2305,0.5288
2004-02-13,1.2698,1.3148,0.7843,105.6,1.4284,6.921,7.161,1.2372,0.5311
2004-02-17,1.2533,1.3108,0.7783,105.8,1.413,6.8416,7.158,1.2269,0.5251
2004-02-18,1.261,1.3182,0.7805,106.37,1.4194,6.883,7.18,1.2299,0.5257
2004-02-19,1.2639,1.3283,0.7883,107.09,1.4269,6.9265,7.2265,1.2426,0.5285
2004-02-20,1.292,1.3442,0.796,108.83,1.4618,7.006,7.311,1.2572,0.5357
2004-02-23,1.2915,1.3363,0.7956,108.22,1.4639,6.998,7.314,1.2555,0.5352
2004-02-24,1.2807,1.3283,0.7879,108.11,1.448,6.945,7.2565,1.2401,0.5291
2004-02-25,1.295,1.337,0.7998,108.99,1.4541,7.0675,7.3845,1.2587,0.5331
2004-02-26,1.2982,1.3433,0.8036,109.59,1.4548,7.0535,7.411,1.2662,0.5374
2004-02-27,1.2958,1.3405,0.8038,109.26,1.4594,7.047,7.433,1.268,0.5384
2004-03-01,1.2945,1.3395,0.8044,108.93,1.451,6.986,7.439,1.2703,0.5353
2004-03-02,1.3141,1.3437,0.8189,110.27,1.4686,7.1325,7.5925,1.2963,0.5439
2004-03-03,1.347,1.348,0.8273,110.25,1.5072,7.1408,7.6435,1.3038,0.5497
2004-03-04,1.3282,1.3326,0.818,110.74,1.4934,7.093,7.533,1.2902,0.5479
2004-03-05,1.318,1.3191,0.8064,111.42,1.4832,6.999,7.3975,1.2726,0.5427
2004-03-08,1.324,1.3235,0.8083,112.12,1.483,6.986,7.408,1.2788,0.5414
2004-03-09,1.3098,1.3188,0.8046,111.2,1.4643,6.9225,7.366,1.2707,0.5436
2004-03-10,1.3358,1.3275,0.8179,111.04,1.5026,7.087,7.497,1.29,0.5556
2004-03-11,1.3585,1.3228,0.8151,110.89,1.5497,6.9925,7.5034,1.2784,0.5553
2004-03-12,1.3652,1.3385,0.8203,110.82,1.5535,6.9675,7.595,1.2865,0.5573
2004-03-15,1.3607,1.3322,0.8168,110.48,1.554,6.936,7.552,1.2785,0.5558
2004-03-16,1.3493,1.3333,0.815,108.95,1.5392,6.89,7.536,1.28,0.5523
2004-03-17,1.3528,1.3419,0.8199,108.18,1.5432,6.939,7.573,1.2836,0.5515
2004-03-18,1.3294,1.329,0.807,106.6,1.5202,6.8809,7.476,1.2572,0.5446
2004-03-19,1.3378,1.331,0.8151,106.97,1.5251,6.917,7.5244,1.271,0.5473
2004-03-22,1.3249,1.328,0.8085,106.84,1.5063,6.815,7.4475,1.256,0.541
2004-03-23,1.3287,1.332,0.8123,106.63,1.5124,6.855,7.4975,1.2603,0.5405
2004-03-24,1.3355,1.3385,0.8188,106.23,1.5251,6.8915,7.601,1.268,0.5449
2004-03-25,1.3501,1.3303,0.8217,106.06,1.5444,6.955,7.624,1.275,0.5525
2004-03-26,1.3463,1.3194,0.827,105.93,1.5427,6.985,7.662,1.2878,0.5524
2004-03-29,1.3362,1.3097,0.8237,105.52,1.5316,6.944,7.6305,1.2872,0.5506
2004-03-30,1.3278,1.308,0.8195,105.61,1.5225,6.901,7.592,1.279,0.547
2004-03-31,1.3123,1.31,0.8135,104.18,1.5038,6.86,7.55,1.2677,0.5435
2004-04-01,1.3036,1.3101,0.8092,103.7,1.4975,6.82,7.465,1.2627,0.5387
2004-04-02,1.3186,1.314,0.8258,104.55,1.5191,6.931,7.616,1.2932,0.5467
2004-04-05,1.3278,1.3152,0.8328,105.36,1.5392,6.97,7.654,1.3049,0.5513
2004-04-06,1.3132,1.3095,0.8272,105.9,1.5284,6.932,7.62,1.2928,0.5442
2004-04-07,1.3031,1.313,0.8216,105.2,1.5135,6.8675,7.53,1.2769,0.5432
2004-04-08,1.3141,1.326,0.8273,106.1,1.5198,6.9475,7.5825,1.2829,0.5457
2004-04-09,1.3118,1.3292,0.8263,106.45,1.5158,6.93,7.578,1.2819,0.5458
2004-04-12,1.3026,1.3377,0.8286,105.5,1.5092,6.98,7.605,1.284,0.5447
2004-04-13,1.325,1.3363,0.8387,106.96,1.5298,6.956,7.6825,1.3025,0.5507
2004-04-14,1.3626,1.3445,0.8375,108.53,1.5773,6.944,7.699,1.2992,0.5586
2004-04-15,1.3552,1.3485,0.8393,108.58,1.5716,6.945,7.7185,1.3036,0.5623
2004-04-16,1.3412,1.3445,0.8316,107.69,1.5608,6.8855,7.65,1.2912,0.5554
2004-04-19,1.3417,1.3467,0.832,108.5,1.5542,6.895,7.661,1.2908,0.5539
2004-04-20,1.3567,1.3534,0.8396,108.43,1.5785,6.956,7.702,1.308,0.5582
2004-04-21,1.3665,1.359,0.8437,109.55,1.6038,6.971,7.733,1.312,0.5643
2004-04-22,1.3693,1.359,0.8431,109.85,1.6,6.9475,7.71,1.3136,0.5655
2004-04-23,1.3723,1.3612,0.8473,109.38,1.5995,6.997,7.751,1.3202,0.5658
2004-04-26,1.3633,1.3559,0.8438,108.55,1.5883,6.965,7.696,1.3111,0.56
2004-04-27,1.3633,1.3517,0.8384,109.48,1.5868,6.902,7.6375,1.2968,0.5579
2004-04-28,1.3827,1.3672,0.8453,109.85,1.608,6.919,7.71,1.3095,0.5643
2004-04-29,1.3893,1.3697,0.8372,109.96,1.6088,6.844,7.648,1.2951,0.5633
2004-04-30,1.387,1.3711,0.8351,110.37,1.6021,6.8725,7.6425,1.2984,0.5636
2004-05-03,1.3893,1.374,0.8377,110.34,1.5977,6.894,7.66,1.301,0.5643
2004-05-04,1.3729,1.3702,0.8281,110.02,1.5803,6.804,7.57,1.283,0.5584
2004-05-05,1.363,1.3725,0.822,108.5,1.5733,6.7115,7.5085,1.2745,0.5577
2004-05-06,1.3816,1.3784,0.8271,109.58,1.5835,6.736,7.526,1.2833,0.5574
2004-05-07,1.4223,1.3858,0.8414,112.3,1.6213,6.809,7.654,1.302,0.5605
2004-05-10,1.4472,1.3934,0.845,114.03,1.6578,6.891,7.7526,1.303,0.5642
2004-05-11,1.4382,1.3866,0.8462,113.67,1.6548,6.969,7.7725,1.3045,0.57
2004-05-12,1.4364,1.3878,0.8396,113.21,1.6372,6.876,7.69,1.289,0.5636
2004-05-13,1.4531,1.397,0.8474,114.25,1.6611,6.9325,7.75,1.3076,0.5687
2004-05-14,1.4503,1.3928,0.8422,114.3,1.6556,6.906,7.7435,1.3005,0.5691
2004-05-17,1.452,1.3855,0.8327,114.1,1.6556,6.883,7.65,1.279,0.5651
2004-05-18,1.4565,1.3913,0.8354,114.06,1.6681,6.913,7.635,1.2824,0.5651
2004-05-19,1.4331,1.3769,0.8323,112.77,1.6447,6.888,7.576,1.2778,0.5609
2004-05-20,1.443,1.3705,0.8385,113.18,1.6562,6.921,7.607,1.288,0.5647
2004-05-21,1.4269,1.3734,0.8327,112.09,1.6361,6.845,7.555,1.2797,0.5593
2004-05-24,1.4323,1.3697,0.8349,112.66,1.642,6.8735,7.597,1.2821,0.5584
2004-05-25,1.4164,1.3763,0.826,112.21,1.6213,6.802,7.55,1.269,0.5514
2004-05-26,1.4166,1.3705,0.8263,111.7,1.6163,6.7745,7.5215,1.2724,0.5512
2004-05-27,1.393,1.358,0.8147,110.77,1.5743,6.7015,7.417,1.246,0.5444
2004-05-28,1.401,1.3666,0.8185,110.18,1.5911,6.7256,7.4579,1.2533,0.5456
2004-06-01,1.415,1.3687,0.819,110.45,1.5903,6.7055,7.4514,1.251,0.5447
2004-06-02,1.4347,1.3618,0.8163,110.28,1.6051,6.697,7.4525,1.2459,0.544
2004-06-03,1.4601,1.3606,0.8193,111.14,1.6236,6.719,7.497,1.252,0.5439
2004-06-04,1.4447,1.3505,0.8158,111.27,1.6147,6.679,7.4575,1.244,0.5445
2004-06-07,1.4198,1.345,0.8117,109.61,1.5878,6.6507,7.4123,1.2371,0.5439
2004-06-08,1.4265,1.3468,0.8148,109.77,1.5946,6.678,7.4225,1.2373,0.5446
2004-06-09,1.4451,1.3541,0.8267,109.74,1.6119,6.761,7.542,1.2526,0.5467
2004-06-10,1.432,1.3572,0.8258,109.33,1.576,6.825,7.555,1.2442,0.5441
2004-06-11,1.4468,1.3656,0.8326,110.09,1.5898,6.918,7.628,1.2597,0.5502
2004-06-14,1.4529,1.3682,0.8283,111.15,1.5987,6.895,7.605,1.257,0.551
2004-06-15,1.4368,1.3699,0.8238,109.59,1.5785,6.837,7.5448,1.2504,0.5471
2004-06-16,1.4556,1.3772,0.8329,110.15,1.5888,6.9355,7.621,1.2678,0.5476
2004-06-17,1.462,1.3752,0.8306,109.63,1.6021,6.93,7.6055,1.2565,0.5452
2004-06-18,1.4482,1.3645,0.8252,108.65,1.5944,6.888,7.556,1.2443,0.5444
2004-06-21,1.4482,1.364,0.8258,108.57,1.5936,6.906,7.551,1.2469,0.5461
2004-06-22,1.4588,1.3592,0.827,109,1.5954,6.891,7.5825,1.251,0.5489
2004-06-23,1.4567,1.3614,0.8271,108.64,1.5977,6.926,7.591,1.2536,0.5499
2004-06-24,1.4294,1.343,0.8217,107.1,1.578,6.873,7.532,1.2425,0.549
2004-06-25,1.4306,1.3489,0.8234,107.82,1.5711,6.839,7.546,1.2504,0.5489
2004-06-28,1.429,1.3435,0.8201,107.95,1.5596,6.819,7.499,1.2482,0.5466
2004-06-29,1.4476,1.3465,0.8248,108.18,1.581,6.9038,7.5325,1.2615,0.5528
2004-06-30,1.4384,1.3407,0.8211,109.43,1.5818,6.938,7.525,1.252,0.5517
2004-07-01,1.4213,1.3325,0.8225,108.24,1.5625,6.9715,7.546,1.2509,0.5507
2004-07-02,1.4035,1.3254,0.8125,108.6,1.5461,6.9218,7.466,1.2336,0.5464
2004-07-06,1.399,1.3261,0.8137,109.24,1.538,6.8754,7.4761,1.2345,0.5428
2004-07-07,1.3827,1.3196,0.8075,108.38,1.523,6.807,7.415,1.2264,0.5385
2004-07-08,1.3848,1.3164,0.8071,108.76,1.5221,6.843,7.413,1.2247,0.5386
2004-07-09,1.3839,1.3207,0.8072,108.21,1.5198,6.8325,7.4276,1.2258,0.5389
2004-07-12,1.3736,1.3188,0.8059,108.24,1.5124,6.816,7.421,1.2243,0.5365
2004-07-13,1.3858,1.3259,0.8129,109.37,1.5251,6.914,7.485,1.2391,0.5394
2004-07-14,1.3841,1.3225,0.8074,109.13,1.5333,6.855,7.44,1.2288,0.5387
2004-07-15,1.3822,1.324,0.8082,109.52,1.537,6.884,7.4281,1.234,0.5392
2004-07-16,1.368,1.3092,0.8041,108.77,1.5195,6.823,7.391,1.2267,0.5345
2004-07-19,1.3635,1.3082,0.8044,108.28,1.5172,6.825,7.399,1.2281,0.5338
2004-07-20,1.3674,1.3099,0.808,108.38,1.5218,6.866,7.439,1.2381,0.5389
2004-07-21,1.4023,1.3242,0.8181,110.1,1.5681,6.935,7.5175,1.2549,0.5448
2004-07-22,1.3982,1.3136,0.8148,109.68,1.5557,6.916,7.494,1.2461,0.5414
2004-07-23,1.4081,1.3219,0.8249,110.11,1.5723,7.0135,7.587,1.2632,0.5458
2004-07-26,1.4104,1.332,0.8241,110.08,1.5694,6.9825,7.5825,1.2634,0.5437
2004-07-27,1.4273,1.3353,0.8295,111.09,1.5936,7.052,7.637,1.275,0.5489
2004-07-28,1.4327,1.3309,0.8302,111.78,1.5931,7.006,7.656,1.2761,0.5488
2004-07-29,1.4298,1.3259,0.8285,111.88,1.578,7.016,7.6545,1.2754,0.5502
2004-07-30,1.4215,1.3296,0.8311,111.39,1.5723,7.009,7.6805,1.2796,0.55
2004-08-02,1.4201,1.3314,0.831,111.08,1.561,7.023,7.659,1.2784,0.5473
2004-08-03,1.4192,1.3185,0.8298,110.6,1.5504,7,7.6375,1.2789,0.5482
2004-08-04,1.4211,1.3152,0.8294,111.29,1.5501,6.9725,7.634,1.2748,0.548
2004-08-05,1.4209,1.3178,0.8299,111.53,1.5509,6.9325,7.6275,1.2764,0.5485
2004-08-06,1.399,1.31,0.8149,110.05,1.5295,6.809,7.486,1.2515,0.5417
2004-08-09,1.3943,1.3165,0.8156,110.57,1.5284,6.772,7.491,1.2549,0.5434
2004-08-10,1.3976,1.3139,0.8126,110.79,1.5267,6.774,7.472,1.2528,0.5439
2004-08-11,1.4021,1.324,0.8182,110.78,1.5291,6.824,7.5285,1.2605,0.547
2004-08-12,1.4031,1.3323,0.8181,111.14,1.5209,6.784,7.531,1.2587,0.5491
2004-08-13,1.3966,1.3092,0.8095,110.67,1.5035,6.701,7.465,1.2405,0.5425
2004-08-16,1.3949,1.3076,0.8108,110.64,1.5056,6.701,7.481,1.2438,0.5437
2004-08-17,1.399,1.308,0.8111,110.07,1.5042,6.727,7.486,1.2471,0.5468
2004-08-18,1.3996,1.3074,0.8131,109.71,1.5063,6.759,7.502,1.2496,0.5487
2004-08-19,1.3803,1.2964,0.8085,109.34,1.4894,6.692,7.449,1.242,0.5461
2004-08-20,1.3816,1.298,0.8114,109.32,1.4859,6.6955,7.464,1.2489,0.5491
2004-08-23,1.392,1.3065,0.8199,109.47,1.4981,6.779,7.525,1.265,0.5512
2004-08-24,1.4156,1.3048,0.8265,109.63,1.5328,6.866,7.574,1.2725,0.5576
2004-08-25,1.4162,1.3047,0.8271,110.38,1.5354,6.889,7.58,1.2734,0.5566
2004-08-26,1.4265,1.3123,0.8275,109.73,1.5411,6.9072,7.558,1.2746,0.5574
2004-08-27,1.4205,1.3104,0.8316,109.51,1.5279,6.9577,7.584,1.283,0.558
2004-08-30,1.4284,1.3174,0.8299,109.84,1.5361,6.9618,7.5694,1.279,0.5579
2004-08-31,1.4142,1.3166,0.8208,109,1.5235,6.8848,7.492,1.2641,0.5546
2004-09-01,1.4207,1.3071,0.8211,109.62,1.5225,6.856,7.4925,1.2615,0.5574
2004-09-02,1.4384,1.2995,0.8221,109.52,1.5432,6.835,7.5045,1.2615,0.5582
2004-09-03,1.4493,1.3005,0.8297,110.47,1.5492,6.904,7.574,1.2713,0.5631
2004-09-07,1.4424,1.2882,0.8269,109.32,1.5466,6.895,7.549,1.2701,0.5639
2004-09-08,1.4347,1.2905,0.8221,109.22,1.5389,6.853,7.491,1.2624,0.5592
2004-09-09,1.4535,1.2878,0.8204,109.69,1.5363,6.801,7.468,1.264,0.5601
2004-09-10,1.4351,1.288,0.8142,109.33,1.5223,6.785,7.406,1.256,0.5562
2004-09-13,1.437,1.3,0.8163,110.13,1.5253,6.816,7.424,1.2593,0.5569
2004-09-14,1.4225,1.292,0.8151,109.4,1.5088,6.841,7.422,1.2581,0.5555
2004-09-15,1.4399,1.2987,0.8235,110.34,1.5221,6.922,7.5235,1.2704,0.5627
2004-09-16,1.431,1.2914,0.8228,109.75,1.5158,6.9452,7.5026,1.2713,0.5584
2004-09-17,1.4345,1.3002,0.8214,109.97,1.5163,6.923,7.47,1.2706,0.558
2004-09-20,1.4273,1.2944,0.8216,109.87,1.5133,6.895,7.449,1.2729,0.5593
2004-09-21,1.4263,1.2886,0.8154,109.94,1.5122,6.8633,7.3827,1.2595,0.5572
2004-09-22,1.4134,1.2816,0.8156,110.53,1.5094,6.833,7.386,1.2608,0.5571
2004-09-23,1.4008,1.2782,0.8131,110.39,1.4975,6.773,7.344,1.2584,0.5555
2004-09-24,1.4008,1.2763,0.8159,110.72,1.4972,6.833,7.3849,1.2638,0.5546
2004-09-27,1.4019,1.2738,0.8125,111.13,1.5004,6.8076,7.3595,1.2589,0.5532
2004-09-28,1.3966,1.2754,0.8126,111.48,1.499,6.78,7.365,1.2613,0.5523
2004-09-29,1.399,1.273,0.8125,110.9,1.4943,6.786,7.36,1.262,0.5565
2004-09-30,1.3805,1.2648,0.8053,110.2,1.4804,6.727,7.289,1.2471,0.5528
2004-10-01,1.3827,1.2629,0.8065,110.45,1.4852,6.692,7.275,1.2496,0.5563
2004-10-04,1.3875,1.2726,0.8147,111.13,1.4937,6.7657,7.381,1.2663,0.5609
2004-10-05,1.3827,1.2625,0.812,111.21,1.4854,6.7268,7.3412,1.262,0.5609
2004-10-06,1.382,1.2592,0.8131,111.34,1.4804,6.7325,7.3475,1.2638,0.5621
2004-10-07,1.3761,1.2577,0.8139,111.15,1.4804,6.74,7.36,1.2645,0.5611
2004-10-08,1.3602,1.2512,0.8053,109.44,1.4635,6.6825,7.303,1.2488,0.5576
2004-10-12,1.3689,1.2575,0.8117,109.79,1.4728,6.666,7.368,1.2564,0.5593
2004-10-13,1.3822,1.264,0.8149,109.78,1.483,6.68,7.3825,1.26,0.559
2004-10-14,1.3671,1.2528,0.8069,109.6,1.4663,6.61,7.34,1.2452,0.5564
2004-10-15,1.3667,1.252,0.8014,109.14,1.455,6.569,7.29,1.2327,0.5541
2004-10-18,1.3761,1.255,0.7987,109.23,1.4571,6.565,7.25,1.2296,0.5552
2004-10-19,1.3727,1.2542,0.799,108.36,1.4545,6.59,7.2572,1.2298,0.5544
2004-10-20,1.3574,1.2432,0.792,108.16,1.444,6.5172,7.1776,1.2181,0.5498
2004-10-21,1.3532,1.2426,0.7923,107.43,1.4395,6.5197,7.2,1.2168,0.5465
2004-10-22,1.3521,1.2379,0.7912,107.42,1.4401,6.4946,7.1968,1.2163,0.5471
2004-10-25,1.3376,1.2232,0.7823,106.61,1.4251,6.4369,7.0953,1.1982,0.5434
2004-10-26,1.3405,1.2246,0.7838,106.63,1.4335,6.435,7.0723,1.2015,0.5444
2004-10-27,1.3405,1.2253,0.7859,106.67,1.4378,6.4146,7.088,1.2053,0.5458
2004-10-28,1.3373,1.2194,0.7838,106.09,1.4588,6.3892,7.0839,1.1962,0.5459
2004-10-29,1.339,1.2209,0.7846,106.04,1.4633,6.3908,7.0974,1.1988,0.5451
2004-11-01,1.3405,1.2229,0.7849,106.41,1.4624,6.388,7.0997,1.2028,0.5458
2004-11-02,1.3428,1.2263,0.7872,106.29,1.4605,6.4443,7.1406,1.2075,0.5439
2004-11-03,1.3264,1.2121,0.782,106.2,1.4545,6.385,7.088,1.1968,0.5422
2004-11-04,1.3184,1.2053,0.7762,106.02,1.4447,6.3283,7.0536,1.1858,0.5423
2004-11-05,1.3123,1.1981,0.7729,105.6,1.4393,6.325,7.0236,1.1806,0.5393
2004-11-08,1.3196,1.1925,0.773,105.57,1.4438,6.3615,7.0252,1.1798,0.5387
2004-11-09,1.3127,1.195,0.7734,105.57,1.4405,6.3533,7.0393,1.1808,0.538
2004-11-10,1.3172,1.1977,0.7737,106.91,1.4609,6.3359,7.0139,1.1792,0.5412
2004-11-12,1.3012,1.1919,0.7708,105.53,1.4438,6.251,6.914,1.1728,0.539
2004-11-15,1.2955,1.2032,0.7726,105.53,1.4314,6.2543,6.9166,1.1787,0.5411
2004-11-16,1.294,1.1932,0.7705,105.35,1.4263,6.231,6.8948,1.1743,0.5393
2004-11-17,1.2767,1.1925,0.7674,104.18,1.4112,6.2269,6.8858,1.165,0.5382
2004-11-18,1.2844,1.207,0.7703,104.23,1.4112,6.2644,6.9108,1.1691,0.5401
2004-11-19,1.2736,1.1928,0.7658,102.8,1.4049,6.2371,6.8557,1.1585,0.5376
2004-11-22,1.2757,1.1848,0.7664,103.2,1.4088,6.25,6.8708,1.1624,0.5379
2004-11-23,1.2723,1.1865,0.7639,103.42,1.4025,6.2387,6.8497,1.1581,0.5344
2004-11-24,1.2718,1.1813,0.7598,102.94,1.4083,6.1923,6.783,1.1495,0.5315
2004-11-26,1.2653,1.1775,0.7526,102.58,1.391,6.1007,6.7119,1.1389,0.5273
2004-11-29,1.2736,1.1846,0.7527,102.61,1.3957,6.0927,6.7007,1.1401,0.5278
2004-11-30,1.2948,1.1902,0.7542,103.04,1.4,6.1391,6.7363,1.1421,0.5243
2004-12-01,1.2897,1.1856,0.7514,102.78,1.3949,6.1189,6.7168,1.144,0.5182
2004-12-02,1.2872,1.1899,0.7537,103.11,1.3928,6.1595,6.7638,1.1512,0.5202
2004-12-03,1.2857,1.1976,0.7468,102.56,1.3918,6.0867,6.6522,1.1391,0.5161
2004-12-06,1.2907,1.2012,0.7445,102.68,1.3883,6.0624,6.6343,1.1381,0.5149
2004-12-07,1.2897,1.2088,0.7442,102.74,1.3875,6.075,6.6315,1.1385,0.5139
2004-12-08,1.3254,1.2248,0.7546,104.74,1.4176,6.1993,6.7733,1.1585,0.5186
2004-12-09,1.3277,1.2253,0.7534,104.93,1.4124,6.2225,6.7723,1.1545,0.5212
2004-12-10,1.3342,1.2273,0.7562,105.45,1.4215,6.2118,6.8043,1.1613,0.5226
2004-12-13,1.3172,1.2286,0.7514,104.67,1.4079,6.1733,6.7221,1.1534,0.5199
2004-12-14,1.3217,1.2377,0.753,105.59,1.41,6.2005,6.7593,1.1566,0.5198
2004-12-15,1.3068,1.2229,0.7447,104.02,1.3906,6.115,6.6827,1.1393,0.5142
2004-12-16,1.3222,1.2363,0.7526,104.36,1.4069,6.166,6.758,1.1555,0.5161
2004-12-17,1.3146,1.2257,0.7522,104.28,1.4008,6.1729,6.746,1.1571,0.5157
2004-12-20,1.3082,1.2297,0.7465,104.01,1.3943,6.1681,6.6773,1.1482,0.5133
2004-12-21,1.3055,1.2271,0.7476,104.33,1.4063,6.176,6.717,1.1526,0.5191
2004-12-22,1.3062,1.2401,0.7468,103.95,1.4031,6.186,6.738,1.1525,0.5229
2004-12-23,1.3065,1.2358,0.7412,103.71,1.4021,6.1352,6.6972,1.1444,0.521
2004-12-24,1.3006,1.2291,0.7388,103.65,1.3937,6.1167,6.6685,1.1423,0.5199
2004-12-27,1.2858,1.216,0.7339,102.97,1.3854,6.0693,6.608,1.1351,0.5163
2004-12-28,1.2842,1.2185,0.7342,103.13,1.3822,6.0731,6.5939,1.1338,0.5177
2004-12-29,1.2972,1.2165,0.737,104.19,1.4035,6.094,6.6216,1.137,0.522
2004-12-30,1.2845,1.2064,0.7341,103.11,1.3926,6.0551,6.6215,1.1342,0.5203
2004-12-31,1.2812,1.2034,0.7387,102.68,1.3883,6.0794,6.6687,1.1412,0.5219
2005-01-03,1.2837,1.2108,0.7421,102.83,1.399,6.1035,6.6855,1.1466,0.5247
2005-01-04,1.3041,1.2248,0.7522,104.27,1.4146,6.2407,6.8144,1.1674,0.531
2005-01-05,1.3024,1.2236,0.7523,103.95,1.4225,6.2135,6.7911,1.1673,0.5298
2005-01-06,1.3137,1.2371,0.7583,104.87,1.4329,6.2665,6.8655,1.1733,0.5333
2005-01-07,1.3193,1.2333,0.7656,104.93,1.4378,6.2971,6.92,1.1859,0.5347
2005-01-10,1.3165,1.2194,0.7628,104.32,1.4391,6.2675,6.8856,1.1792,0.5333
2005-01-11,1.3086,1.2142,0.7598,103.42,1.4282,6.2278,6.8616,1.1758,0.532
2005-01-12,1.3021,1.1982,0.753,102.26,1.4144,6.1726,6.8179,1.1649,0.5282
2005-01-13,1.3038,1.2005,0.7572,102.55,1.4154,6.1952,6.8465,1.1726,0.531
2005-01-14,1.3182,1.2188,0.763,102.5,1.4325,6.2558,6.905,1.1821,0.5349
2005-01-18,1.3196,1.2217,0.7667,102.36,1.4327,6.2568,6.9254,1.1839,0.535
2005-01-19,1.3148,1.2268,0.7671,102.52,1.4225,6.2718,6.922,1.1833,0.5336
2005-01-20,1.3137,1.2334,0.7717,103.31,1.4172,6.3257,6.9711,1.1904,0.5342
2005-01-21,1.2967,1.2211,0.7663,102.85,1.3994,6.2929,6.9414,1.1853,0.5336
2005-01-24,1.3004,1.2258,0.7668,102.67,1.399,6.2894,6.9516,1.1856,0.5325
2005-01-25,1.3072,1.2381,0.772,104.16,1.4104,6.3355,7.0069,1.196,0.5363
2005-01-26,1.2902,1.2307,0.7645,102.9,1.3902,6.3116,6.938,1.1828,0.531
2005-01-27,1.2893,1.2366,0.7673,103.15,1.3974,6.3313,6.9725,1.1859,0.5301
2005-01-28,1.2902,1.2422,0.7673,103.45,1.4021,6.3325,6.9816,1.1876,0.5305
2005-01-31,1.2888,1.2396,0.7663,103.55,1.4061,6.3558,6.9779,1.1877,0.5305
2005-02-01,1.2948,1.2405,0.7682,103.93,1.4057,6.354,6.9838,1.1937,0.5321
2005-02-02,1.2925,1.2408,0.7683,104.05,1.4055,6.3399,6.9673,1.1949,0.5312
2005-02-03,1.2982,1.2424,0.7717,104.55,1.4069,6.3876,7.008,1.2029,0.5318
2005-02-04,1.2945,1.2495,0.7736,103.7,1.4033,6.4153,7.0223,1.2059,0.5305
2005-02-07,1.2965,1.2562,0.7829,104.68,1.4196,6.5427,7.1114,1.2222,0.5374
2005-02-08,1.304,1.2476,0.7823,105.65,1.4271,6.5602,7.1048,1.2203,0.5385
2005-02-09,1.3014,1.2511,0.7814,105.84,1.4237,6.5412,7.087,1.217,0.5382
2005-02-10,1.2778,1.2406,0.7763,105.69,1.4035,6.5462,7.0565,1.2087,0.5345
2005-02-11,1.2734,1.238,0.7774,105.75,1.4023,6.5494,7.0702,1.2095,0.5359
2005-02-14,1.2671,1.2342,0.7704,104.94,1.3972,6.4707,6.9948,1.1975,0.5286
2005-02-15,1.2718,1.2336,0.7701,104.47,1.3951,6.453,6.9858,1.1938,0.5293
2005-02-16,1.2789,1.2421,0.7696,105.62,1.4011,6.434,6.988,1.1911,0.5325
2005-02-17,1.2686,1.231,0.7644,105.4,1.3914,6.4,6.9557,1.1825,0.5277
2005-02-18,1.2694,1.2294,0.7648,105.69,1.3799,6.3386,6.967,1.1822,0.5277
2005-02-22,1.2594,1.2301,0.7559,104.15,1.3691,6.242,6.8697,1.1617,0.5238
2005-02-23,1.2723,1.2402,0.7571,104.96,1.3818,6.2425,6.8783,1.1638,0.5245
2005-02-24,1.2705,1.2435,0.7573,105.41,1.3841,6.2467,6.8724,1.1691,0.5235
2005-02-25,1.2734,1.2407,0.7579,105.21,1.3885,6.2591,6.8701,1.1686,0.5222
2005-02-28,1.2594,1.2295,0.7534,104.25,1.3721,6.2009,6.8275,1.1585,0.5195
2005-03-01,1.2744,1.2425,0.7582,104.37,1.3755,6.2148,6.8621,1.1654,0.5207
2005-03-02,1.2765,1.2395,0.7618,104.71,1.3761,6.2583,6.9105,1.1755,0.5229
2005-03-03,1.2752,1.2463,0.7616,105.02,1.3731,6.2628,6.8863,1.1787,0.5236
2005-03-04,1.2628,1.2324,0.7551,104.46,1.3605,6.2102,6.822,1.168,0.5197
2005-03-07,1.2618,1.23,0.7574,105.22,1.3596,6.2075,6.8333,1.1757,0.5219
2005-03-08,1.2541,1.2163,0.7495,104.51,1.3517,6.1386,6.7716,1.1607,0.5183
2005-03-09,1.261,1.2064,0.7472,103.87,1.3591,6.1245,6.7648,1.1608,0.5198
2005-03-10,1.2657,1.205,0.7458,104.15,1.3537,6.0925,6.7627,1.1546,0.5199
2005-03-11,1.2601,1.2041,0.7427,103.93,1.3515,6.0667,6.7312,1.1501,0.5192
2005-03-14,1.2713,1.2087,0.7493,105.01,1.3559,6.1182,6.814,1.1621,0.5231
2005-03-15,1.2668,1.2064,0.751,104.54,1.3503,6.145,6.8264,1.1651,0.5226
2005-03-16,1.2585,1.2038,0.745,104.1,1.3423,6.0888,6.7722,1.1522,0.5191
2005-03-17,1.2602,1.2028,0.7478,104.57,1.3444,6.0802,6.8021,1.1563,0.5198
2005-03-18,1.2599,1.2027,0.7513,104.7,1.3428,6.1102,6.8504,1.1649,0.5211
2005-03-21,1.2713,1.211,0.7596,105.1,1.3569,6.1889,6.9274,1.1785,0.527
2005-03-22,1.2629,1.2017,0.757,104.99,1.3499,6.187,6.9055,1.1757,0.5264
2005-03-23,1.2908,1.2133,0.7689,105.76,1.3866,6.2982,7.0185,1.1953,0.5344
2005-03-24,1.2968,1.215,0.7718,106.26,1.3994,6.3273,7.0308,1.199,0.5345
2005-03-25,1.2955,1.218,0.772,106.32,1.4019,6.3352,7.0451,1.1998,0.5352
2005-03-28,1.3012,1.2234,0.7766,107.22,1.4094,6.3888,7.0716,1.206,0.536
2005-03-29,1.2962,1.2135,0.7744,107.49,1.4049,6.3516,7.0682,1.2034,0.5333
2005-03-30,1.2958,1.2164,0.7726,107.33,1.4069,6.3259,7.0528,1.1964,0.5315
2005-03-31,1.2938,1.2094,0.7711,107.22,1.4033,6.3451,7.064,1.1952,0.5294
2005-04-01,1.2992,1.2146,0.7754,107.57,1.4104,6.3463,7.1093,1.2042,0.5322
2005-04-04,1.3038,1.2202,0.7789,108.28,1.4142,6.377,7.1477,1.2108,0.5338
2005-04-05,1.3031,1.2198,0.7787,108.43,1.4126,6.3538,7.1438,1.208,0.5327
2005-04-06,1.3058,1.2216,0.7771,108.67,1.4043,6.3491,7.1145,1.2061,0.5323
2005-04-07,1.3014,1.2205,0.7748,108.44,1.3978,6.3269,7.0919,1.2012,0.5328
2005-04-08,1.2943,1.2252,0.7745,108.26,1.3943,6.3303,7.0986,1.1985,0.5312
2005-04-11,1.2895,1.233,0.7709,107.79,1.386,6.3134,7.0564,1.1935,0.5289
2005-04-12,1.293,1.2408,0.7768,108.26,1.3904,6.3521,7.1018,1.2037,0.5307
2005-04-13,1.2825,1.2365,0.7741,107.32,1.3797,6.3592,7.0796,1.2,0.5283
2005-04-14,1.2962,1.2417,0.7801,108.18,1.3866,6.4235,7.1627,1.2135,0.5317
2005-04-15,1.2982,1.242,0.7735,107.65,1.3937,6.3658,7.096,1.2011,0.5283
2005-04-18,1.3048,1.2482,0.767,107.39,1.3945,6.2959,7.0513,1.1857,0.5249
2005-04-19,1.298,1.2409,0.7672,107.02,1.3862,6.2946,7.0525,1.1843,0.5218
2005-04-20,1.2895,1.2388,0.7645,106.82,1.3742,6.2495,7.0194,1.1797,0.5209
2005-04-21,1.2873,1.2384,0.7638,106.85,1.3725,6.231,7.014,1.1788,0.5235
2005-04-22,1.2789,1.2342,0.7652,105.85,1.3659,6.237,7.0118,1.1821,0.5222
2005-04-25,1.2822,1.2372,0.7702,105.67,1.3712,6.269,7.0368,1.1885,0.5231
2005-04-26,1.2834,1.2462,0.7714,106.03,1.3795,6.2743,7.0567,1.1894,0.5252
2005-04-27,1.288,1.2465,0.7729,105.98,1.3856,6.2771,7.0646,1.192,0.525
2005-04-28,1.2829,1.2508,0.7742,105.97,1.3716,6.305,7.0886,1.1918,0.5236
2005-04-29,1.2765,1.2568,0.7741,104.64,1.3615,6.2788,7.1123,1.1898,0.523
2005-05-02,1.2827,1.2552,0.7778,105.07,1.3708,6.3235,7.158,1.198,0.5275
2005-05-03,1.2925,1.2541,0.7759,105.16,1.377,6.2982,7.1289,1.1972,0.5288
2005-05-04,1.2858,1.2502,0.773,104.77,1.3665,6.2619,7.09,1.1927,0.5263
2005-05-05,1.2804,1.2448,0.773,104.41,1.3594,6.2635,7.085,1.1969,0.525
2005-05-06,1.2882,1.2429,0.7793,104.93,1.3652,6.3314,7.1411,1.2058,0.5285
2005-05-09,1.2935,1.2377,0.7789,105.54,1.368,6.3238,7.1405,1.2057,0.5309
2005-05-10,1.2892,1.2373,0.7766,105.53,1.3671,6.2878,7.1499,1.201,0.5311
2005-05-11,1.2912,1.2474,0.7811,105.74,1.368,6.3145,7.2029,1.2067,0.5338
2005-05-12,1.3023,1.2493,0.787,106.68,1.3899,6.3671,7.2549,1.2152,0.5362
2005-05-13,1.3139,1.2625,0.7908,107.14,1.4041,6.3934,7.2789,1.2227,0.5397
2005-05-16,1.3219,1.2703,0.7918,107.02,1.4124,6.4099,7.3081,1.2223,0.5444
2005-05-17,1.3201,1.2664,0.7909,107.15,1.4085,6.402,7.2754,1.2205,0.5434
2005-05-18,1.3161,1.2618,0.7899,107.05,1.4041,6.4025,7.2561,1.2189,0.544
2005-05-19,1.3184,1.2627,0.7919,107.43,1.4035,6.4189,7.2884,1.2235,0.5445
2005-05-20,1.3245,1.2627,0.7966,108.17,1.412,6.4656,7.3069,1.2335,0.5481
2005-05-23,1.3187,1.2578,0.7952,107.72,1.4098,6.4444,7.2914,1.2311,0.5468
2005-05-24,1.3118,1.2612,0.7944,107.46,1.4021,6.4245,7.2841,1.2293,0.5468
2005-05-25,1.3113,1.2641,0.7935,107.73,1.401,6.3865,7.2887,1.2264,0.5461
2005-05-26,1.3151,1.268,0.7989,107.95,1.4055,6.3789,7.348,1.2359,0.5493
2005-05-27,1.3118,1.2585,0.7957,107.88,1.4002,6.3522,7.3144,1.2324,0.5486
2005-05-31,1.3173,1.2512,0.8098,107.97,1.4154,6.4272,7.4108,1.2447,0.5485
2005-06-01,1.3337,1.2471,0.8175,108.42,1.4298,6.4572,7.4735,1.2529,0.5519
2005-06-02,1.327,1.2473,0.8153,108.31,1.4296,6.4579,7.446,1.2515,0.5508
2005-06-03,1.3249,1.2483,0.8179,107.84,1.4288,6.4588,7.469,1.2545,0.5519
2005-06-06,1.3074,1.2447,0.8151,106.86,1.4094,6.412,7.4463,1.2489,0.5492
2005-06-07,1.2995,1.2471,0.8145,106.64,1.3986,6.3968,7.4373,1.2464,0.5459
2005-06-08,1.3007,1.244,0.8117,106.89,1.3966,6.4241,7.4542,1.2456,0.5444
2005-06-09,1.3029,1.2549,0.8186,107.52,1.4021,6.4672,7.5313,1.2552,0.5492
2005-06-10,1.3115,1.2492,0.8246,108.45,1.4144,6.4607,7.6037,1.2688,0.5516
2005-06-13,1.3172,1.2578,0.8309,109.58,1.4205,6.5241,7.7112,1.2778,0.5552
2005-06-14,1.3063,1.2554,0.8307,109.38,1.41,6.538,7.701,1.2776,0.5536
2005-06-15,1.3021,1.2397,0.826,109.34,1.4031,6.5062,7.6619,1.271,0.5489
2005-06-16,1.2952,1.2376,0.8272,109.08,1.3978,6.5103,7.6663,1.2742,0.5493
2005-06-17,1.286,1.235,0.817,108.83,1.3937,6.4471,7.527,1.2631,0.5475
2005-06-20,1.2875,1.2319,0.8237,109.42,1.3976,6.4789,7.6047,1.2722,0.5485
2005-06-21,1.2849,1.231,0.8241,108.52,1.3961,6.4737,7.621,1.2702,0.5482
2005-06-22,1.2834,1.2351,0.8244,108.89,1.3953,6.4968,7.6708,1.2711,0.5489
2005-06-23,1.293,1.2311,0.8296,108.79,1.413,6.5962,7.7893,1.2776,0.5501
2005-06-24,1.3014,1.2329,0.8273,109.22,1.4168,6.5634,7.7652,1.2749,0.5488
2005-06-27,1.3011,1.2307,0.8229,109.39,1.414,6.5382,7.7291,1.2694,0.5479
2005-06-28,1.3082,1.231,0.828,109.89,1.4259,6.5809,7.781,1.2791,0.5508
2005-06-29,1.3115,1.2263,0.8264,110.27,1.431,6.5327,7.8114,1.2786,0.5531
2005-06-30,1.3127,1.2256,0.8266,110.91,1.437,6.5381,7.8024,1.2827,0.5577
2005-07-01,1.3305,1.2418,0.8363,111.68,1.4626,6.6032,7.9218,1.2965,0.5647
2005-07-05,1.3481,1.2437,0.8391,111.61,1.4778,6.6311,7.9021,1.3036,0.5692
2005-07-06,1.3493,1.2365,0.8391,112.07,1.4804,6.6411,7.8774,1.3041,0.5687
2005-07-07,1.3508,1.2288,0.8384,112.08,1.4859,6.6083,7.8837,1.2978,0.5741
2005-07-08,1.3495,1.2207,0.8379,112.17,1.4865,6.5945,7.9145,1.302,0.576
2005-07-11,1.3373,1.2115,0.8288,111.76,1.473,6.5475,7.8465,1.2886,0.5694
2005-07-12,1.3229,1.2048,0.8197,110.94,1.4605,6.4774,7.7225,1.2754,0.5633
2005-07-13,1.3373,1.2073,0.8271,112.08,1.4894,6.528,7.7584,1.29,0.5697
2005-07-14,1.3301,1.2071,0.8272,112.14,1.4793,6.5554,7.7762,1.2899,0.5687
2005-07-15,1.3355,1.2206,0.8308,112.32,1.4843,6.6003,7.8077,1.2962,0.5704
2005-07-18,1.3261,1.2154,0.828,111.62,1.4738,6.6129,7.7829,1.2916,0.5707
2005-07-19,1.3348,1.2186,0.8333,112.95,1.4837,6.6738,7.8437,1.3035,0.5759
2005-07-20,1.3263,1.2218,0.8302,113.42,1.483,6.6158,7.8461,1.2971,0.5779
2005-07-21,1.3106,1.2177,0.8256,110.47,1.4609,6.5706,7.807,1.2887,0.5724
2005-07-22,1.3053,1.218,0.8279,110.98,1.4556,6.5831,7.8187,1.2951,0.5743
2005-07-25,1.3101,1.2194,0.8296,111.59,1.4624,6.563,7.803,1.2965,0.5729
2005-07-26,1.3184,1.2291,0.8328,112.3,1.4643,6.5816,7.8618,1.3007,0.5742
2005-07-27,1.3235,1.2341,0.83,112.3,1.4695,6.5742,7.8371,1.2986,0.5735
2005-07-28,1.3208,1.2345,0.825,112.34,1.4641,6.5255,7.7526,1.288,0.5699
2005-07-29,1.3168,1.2257,0.8245,112.25,1.4633,6.4785,7.7614,1.287,0.5684
2005-08-01,1.3127,1.2136,0.82,112.12,1.4607,6.4322,7.7058,1.278,0.5651
2005-08-02,1.3074,1.2122,0.8191,111.28,1.4539,6.4277,7.6748,1.2753,0.5641
2005-08-03,1.2957,1.2128,0.8106,111.05,1.4461,6.3596,7.6073,1.2616,0.5615
2005-08-04,1.2922,1.2119,0.8076,111.17,1.4443,6.3477,7.5354,1.2584,0.5619
2005-08-05,1.3036,1.2185,0.8112,112.09,1.4503,6.413,7.5716,1.2663,0.5634
2005-08-08,1.3068,1.2132,0.809,111.87,1.4426,6.404,7.557,1.2607,0.5598
2005-08-09,1.3156,1.214,0.8099,112.07,1.4461,6.4043,7.567,1.2618,0.5604
2005-08-10,1.3089,1.2113,0.81,110.67,1.4407,6.3915,7.5637,1.2608,0.558
2005-08-11,1.2925,1.2025,0.8042,109.92,1.418,6.3369,7.4762,1.2487,0.5534
2005-08-12,1.2948,1.1946,0.8046,109.55,1.413,6.3568,7.4879,1.249,0.551
2005-08-15,1.3016,1.1968,0.8089,109.4,1.4184,6.4335,7.5165,1.2553,0.5529
2005-08-16,1.3007,1.198,0.8102,109.37,1.4205,6.443,7.5485,1.2573,0.5526
2005-08-17,1.3118,1.207,0.8137,109.63,1.4227,6.4427,7.5935,1.2598,0.5532
2005-08-18,1.3268,1.2178,0.8212,110.54,1.438,6.5239,7.6548,1.2705,0.5571
2005-08-19,1.3324,1.2152,0.8232,110.68,1.4428,6.5731,7.7121,1.2756,0.5576
2005-08-22,1.3249,1.204,0.8173,109.75,1.4349,6.5194,7.6502,1.2692,0.5549
2005-08-23,1.3243,1.1981,0.8188,109.83,1.4341,6.531,7.6475,1.2722,0.5557
2005-08-24,1.3242,1.1956,0.8171,110.35,1.4331,6.5045,7.6251,1.2684,0.5566
2005-08-25,1.3158,1.1888,0.8123,109.9,1.4343,6.44,7.5806,1.2556,0.5542
2005-08-26,1.3186,1.1949,0.8114,109.85,1.4343,6.4397,7.5757,1.2541,0.5535
2005-08-29,1.3294,1.1965,0.8165,110.53,1.4418,6.4646,7.6241,1.2642,0.5554
2005-08-30,1.3389,1.1919,0.8194,111.49,1.4537,6.4824,7.6512,1.2703,0.5605
2005-08-31,1.3308,1.1893,0.811,110.84,1.4426,6.3725,7.5599,1.2546,0.5552
2005-09-01,1.3142,1.1855,0.8034,110.16,1.4239,6.289,7.4869,1.24,0.5471
2005-09-02,1.3074,1.188,0.7976,109.66,1.4176,6.2125,7.3936,1.2287,0.5434
2005-09-06,1.3041,1.1867,0.8011,109.67,1.414,6.2652,7.448,1.2366,0.5429
2005-09-07,1.3014,1.1855,0.8039,110.06,1.417,6.2615,7.4859,1.2399,0.5437
2005-09-08,1.2967,1.1822,0.8065,110.49,1.4178,6.2889,7.5163,1.2442,0.5438
2005-09-09,1.2935,1.1749,0.8043,109.69,1.4144,6.2674,7.4954,1.2413,0.5435
2005-09-12,1.2955,1.1854,0.8138,109.91,1.4174,6.3563,7.5615,1.257,0.5484
2005-09-13,1.3026,1.18,0.8155,110.85,1.4245,6.3726,7.6085,1.2625,0.549
2005-09-14,1.297,1.1823,0.8142,110.27,1.4134,6.353,7.5869,1.2579,0.5481
2005-09-15,1.3051,1.1863,0.8186,110.48,1.4176,6.3754,7.6399,1.2673,0.5534
2005-09-16,1.3045,1.1826,0.8187,111.38,1.4209,6.3772,7.6509,1.271,0.5545
2005-09-19,1.3036,1.1691,0.8228,111.3,1.4265,6.4105,7.683,1.2761,0.5543
2005-09-20,1.2999,1.1704,0.8212,111.54,1.4259,6.3961,7.6667,1.2757,0.5541
2005-09-21,1.2977,1.1682,0.8191,111.33,1.4308,6.3881,7.6468,1.271,0.5526
2005-09-22,1.3101,1.1668,0.8228,111.63,1.4405,6.4087,7.6949,1.2787,0.5581
2005-09-23,1.3203,1.1713,0.828,112.17,1.4567,6.4547,7.7628,1.2887,0.5622
2005-09-26,1.3215,1.177,0.8308,112.41,1.4601,6.4978,7.7876,1.2935,0.5635
2005-09-27,1.3268,1.1777,0.8326,113.32,1.4734,6.5164,7.8136,1.2967,0.5657
2005-09-28,1.3207,1.1782,0.8322,113.27,1.4599,6.505,7.8074,1.2961,0.5669
2005-09-29,1.317,1.1725,0.8319,113.14,1.4451,6.5133,7.7639,1.2964,0.5675
2005-09-30,1.3084,1.1607,0.8293,113.29,1.4413,6.5331,7.729,1.289,0.5651
2005-10-03,1.311,1.1657,0.8393,114.17,1.4468,6.6041,7.8087,1.3022,0.5695
2005-10-04,1.3106,1.172,0.8391,114.33,1.4393,6.6155,7.8054,1.3018,0.5686
2005-10-05,1.3215,1.1793,0.8344,113.72,1.4376,6.575,7.7641,1.2923,0.5664
2005-10-06,1.3207,1.1815,0.8242,113.54,1.4358,6.508,7.687,1.2747,0.5641
2005-10-07,1.3214,1.1746,0.8254,113.82,1.4368,6.524,7.7048,1.2796,0.5682
2005-10-11,1.3273,1.1754,0.8323,114.21,1.4422,6.519,7.7675,1.288,0.5718
2005-10-12,1.3252,1.1706,0.8306,114.36,1.4347,6.4837,7.759,1.285,0.5704
2005-10-13,1.339,1.1836,0.8377,114.97,1.452,6.5573,7.8836,1.2984,0.572
2005-10-14,1.327,1.1854,0.8283,114.03,1.4341,6.452,7.8148,1.2842,0.5657
2005-10-17,1.3328,1.1801,0.8306,114.86,1.4351,6.4815,7.8574,1.291,0.5697
2005-10-18,1.338,1.1802,0.8376,115.71,1.4384,6.534,7.9127,1.302,0.5719
2005-10-19,1.3362,1.1776,0.8342,115.47,1.4294,6.5106,7.8818,1.2944,0.5673
2005-10-20,1.3266,1.1763,0.8346,115.48,1.4241,6.4938,7.9157,1.2915,0.5646
2005-10-21,1.3382,1.1842,0.8363,115.93,1.4306,6.5222,7.9695,1.2916,0.5652
2005-10-24,1.3319,1.1887,0.8335,115.18,1.4219,6.525,7.9511,1.2857,0.5646
2005-10-25,1.3231,1.1768,0.8265,114.78,1.4178,6.4572,7.8476,1.2762,0.5601
2005-10-26,1.3257,1.1703,0.8277,115.81,1.4241,6.4562,7.865,1.281,0.5629
2005-10-27,1.3193,1.1695,0.8232,115.14,1.4116,6.4307,7.8422,1.2731,0.5607
2005-10-28,1.3332,1.1769,0.8272,115.52,1.4213,6.4602,7.8794,1.2767,0.5624
2005-10-31,1.3369,1.1796,0.8337,116.36,1.428,6.4951,7.9489,1.29,0.5653
2005-11-01,1.3421,1.1765,0.8335,116.63,1.4325,6.4862,7.9958,1.2903,0.5672
2005-11-02,1.3488,1.1806,0.8287,116.76,1.4453,6.4591,7.9749,1.278,0.5632
2005-11-03,1.3514,1.1817,0.8354,117.21,1.4514,6.5165,8.0252,1.2893,0.5643
2005-11-04,1.3665,1.1815,0.8455,118.2,1.4654,6.5811,8.1153,1.3055,0.5711
2005-11-07,1.3657,1.1898,0.8478,117.57,1.4732,6.6053,8.1391,1.3081,0.5734
2005-11-08,1.3591,1.1885,0.8494,117.1,1.4635,6.6098,8.1027,1.3102,0.5742
2005-11-09,1.3639,1.1857,0.8512,117.51,1.4631,6.5839,8.1609,1.3115,0.5742
2005-11-10,1.3682,1.1876,0.8518,118.05,1.4545,6.5839,8.1959,1.31,0.5727
2005-11-14,1.3761,1.196,0.8571,118.88,1.4708,6.6532,8.2037,1.3202,0.5764
2005-11-15,1.3654,1.1942,0.8551,118.93,1.459,6.6729,8.2296,1.3197,0.5758
2005-11-16,1.3686,1.1918,0.8568,119.17,1.4603,6.6814,8.2434,1.3255,0.5825
2005-11-17,1.3628,1.1864,0.8543,118.81,1.4543,6.7141,8.2101,1.322,0.5817
2005-11-18,1.3684,1.1907,0.8517,119.21,1.4562,6.6973,8.1667,1.3188,0.5832
2005-11-21,1.3576,1.182,0.8522,119.03,1.451,6.713,8.1421,1.319,0.5826
2005-11-22,1.3598,1.1771,0.852,119.22,1.4512,6.6936,8.1248,1.3195,0.5835
2005-11-23,1.3545,1.172,0.8475,118.76,1.4413,6.6765,8.054,1.3144,0.5809
2005-11-25,1.3604,1.1691,0.853,119.65,1.4347,6.7118,8.0683,1.3197,0.5829
2005-11-28,1.3554,1.1656,0.8472,119.25,1.4267,6.688,8.0139,1.311,0.5807
2005-11-29,1.3532,1.1671,0.8485,119.48,1.4247,6.7304,8.0736,1.3133,0.5813
2005-11-30,1.3524,1.167,0.8482,119.66,1.4231,6.7393,8.0733,1.3148,0.5773
2005-12-01,1.3495,1.1682,0.8546,120.62,1.4211,6.7915,8.1162,1.321,0.5784
2005-12-02,1.339,1.1627,0.8548,120.77,1.4035,6.761,8.05,1.3198,0.5779
2005-12-05,1.3307,1.1565,0.8484,120.83,1.3891,6.6771,8.0071,1.3083,0.5748
2005-12-06,1.3261,1.1563,0.8486,120.82,1.3945,6.7487,7.9569,1.3066,0.5746
2005-12-07,1.339,1.1582,0.8531,120.93,1.4164,6.762,8.02,1.3134,0.5764
2005-12-08,1.3321,1.1572,0.8453,120.27,1.4257,6.7032,7.9729,1.2997,0.571
2005-12-09,1.3296,1.158,0.8457,120.54,1.4201,6.7058,7.9674,1.3024,0.5697
2005-12-12,1.3238,1.1507,0.8355,119.9,1.4053,6.6435,7.8748,1.288,0.5637
2005-12-13,1.3254,1.1516,0.8385,120.11,1.4158,6.6578,7.9164,1.2952,0.5658
2005-12-14,1.3215,1.1531,0.8305,116.81,1.4142,6.5944,7.8323,1.2788,0.5637
2005-12-15,1.3387,1.158,0.8358,116.55,1.4472,6.6361,7.9072,1.2889,0.5666
2005-12-16,1.3459,1.156,0.8325,115.78,1.452,6.6467,7.8679,1.2897,0.5645
2005-12-19,1.347,1.1633,0.8336,116.01,1.4489,6.6788,7.8424,1.2932,0.5669
2005-12-20,1.3646,1.1733,0.844,117.01,1.4665,6.7966,7.9606,1.311,0.57
2005-12-21,1.3659,1.1691,0.8463,117.4,1.4749,6.8023,7.9716,1.3153,0.5746
2005-12-22,1.3672,1.1665,0.8415,116.55,1.4881,6.771,7.9618,1.3103,0.5749
2005-12-23,1.3738,1.1654,0.8434,116.38,1.4859,6.7854,7.9807,1.314,0.5772
2005-12-27,1.3772,1.1736,0.8435,117.07,1.4819,6.7583,7.971,1.3142,0.5778
2005-12-28,1.3697,1.1636,0.8421,117.62,1.4656,6.7753,7.9226,1.3129,0.5805
2005-12-29,1.3661,1.1642,0.8442,117.86,1.4663,6.7691,7.9501,1.3143,0.5793
2005-12-30,1.362,1.1656,0.8445,117.88,1.4609,6.7444,7.937,1.3148,0.5818
2006-01-03,1.3552,1.1565,0.8347,116.34,1.4674,6.6412,7.8097,1.2938,0.5746
2006-01-04,1.3396,1.1515,0.8271,116.31,1.4529,6.5522,7.7249,1.2801,0.5686
2006-01-05,1.3365,1.1619,0.8264,115.96,1.4545,6.5583,7.7092,1.277,0.5693
2006-01-06,1.3284,1.165,0.8232,114.45,1.4474,6.5242,7.6629,1.2695,0.5651
2006-01-09,1.3303,1.1691,0.8289,114.66,1.4447,6.5742,7.7165,1.2794,0.5667
2006-01-10,1.3351,1.1628,0.829,114.64,1.4422,6.6249,7.7525,1.2805,0.5667
2006-01-11,1.3231,1.1579,0.8241,113.96,1.4343,6.6183,7.6956,1.2734,0.5668
2006-01-12,1.3312,1.1624,0.8309,114.31,1.4426,6.6932,7.7304,1.2859,0.5678
2006-01-13,1.3271,1.1612,0.8262,114.43,1.4335,6.6413,7.6967,1.2799,0.5645
2006-01-17,1.3303,1.1642,0.8283,115.83,1.4486,6.7049,7.7103,1.2833,0.5673
2006-01-18,1.3355,1.1726,0.8276,115.35,1.4556,6.7483,7.7155,1.2823,0.5675
2006-01-19,1.3389,1.1662,0.8258,115.07,1.4738,6.7119,7.7157,1.2822,0.5676
2006-01-20,1.3387,1.1531,0.8264,115.42,1.4741,6.6739,7.6893,1.2826,0.5662
2006-01-23,1.3293,1.1511,0.8146,114.67,1.4622,6.5539,7.5385,1.2605,0.5605
2006-01-24,1.3305,1.1547,0.8139,114.54,1.4665,6.5412,7.5429,1.2595,0.5591
2006-01-25,1.3271,1.148,0.8162,115.73,1.4599,6.5635,7.5668,1.2636,0.5595
2006-01-26,1.3277,1.1502,0.8177,116.27,1.4601,6.6031,7.5645,1.2684,0.5609
2006-01-27,1.3301,1.147,0.8244,117.16,1.4624,6.6627,7.6098,1.2798,0.5639
2006-01-30,1.3339,1.1443,0.8271,117.55,1.4663,6.7286,7.64,1.2864,0.5654
2006-01-31,1.3207,1.1436,0.8225,116.88,1.4584,6.6537,7.6029,1.2784,0.5612
2006-02-01,1.3259,1.1401,0.827,117.85,1.4588,6.6775,7.6487,1.2841,0.5624
2006-02-02,1.3249,1.1432,0.8264,118.26,1.4507,6.6416,7.6718,1.2845,0.5616
2006-02-03,1.3349,1.147,0.8319,118.95,1.4558,6.6906,7.7128,1.2944,0.5673
2006-02-06,1.3466,1.1455,0.8354,118.94,1.4676,6.7237,7.77,1.3011,0.5727
2006-02-07,1.3448,1.149,0.8351,118.01,1.4652,6.714,7.7684,1.2982,0.5733
2006-02-08,1.3526,1.1535,0.8379,118.69,1.4751,6.7335,7.768,1.3032,0.5745
2006-02-09,1.3521,1.1455,0.8359,118.66,1.476,6.7057,7.7445,1.301,0.5743
2006-02-10,1.3552,1.1543,0.8389,117.64,1.4721,6.7765,7.7873,1.3049,0.5729
2006-02-13,1.3521,1.1548,0.84,117.63,1.471,6.8107,7.8533,1.3074,0.5735
2006-02-14,1.3534,1.1546,0.8407,117.43,1.4843,6.849,7.8439,1.3097,0.5766
2006-02-15,1.3508,1.1541,0.8415,117.93,1.4789,6.847,7.8432,1.3107,0.5747
2006-02-16,1.355,1.1577,0.8416,117.91,1.4948,6.8071,7.903,1.3127,0.5762
2006-02-17,1.3541,1.1522,0.8399,118.43,1.4984,6.7697,7.8654,1.3123,0.5746
2006-02-21,1.3524,1.1464,0.8395,118.85,1.5099,6.7533,7.8816,1.3082,0.5732
2006-02-22,1.3581,1.1482,0.84,118.51,1.5179,6.7763,7.875,1.3114,0.5739
2006-02-23,1.3519,1.1512,0.8387,117,1.5097,6.7412,7.89,1.3083,0.5707
2006-02-24,1.3515,1.152,0.8416,116.87,1.5083,6.7685,7.9213,1.3158,0.5731
2006-02-27,1.3537,1.1418,0.8432,115.97,1.5129,6.7655,7.9656,1.3201,0.5744
2006-02-28,1.3459,1.1379,0.8386,115.82,1.5074,6.7474,7.9154,1.3111,0.5702
2006-03-01,1.3461,1.1365,0.8404,116.18,1.5078,6.7287,7.9455,1.3165,0.5723
2006-03-02,1.3408,1.132,0.8331,116.07,1.5035,6.6878,7.889,1.3041,0.5717
2006-03-03,1.3441,1.1352,0.8314,116.46,1.502,6.653,7.8605,1.299,0.5704
2006-03-06,1.3497,1.1401,0.8332,117.46,1.5218,6.6446,7.8709,1.3002,0.5717
2006-03-07,1.3631,1.1468,0.8412,117.76,1.5427,6.7163,7.9604,1.3126,0.576
2006-03-08,1.3663,1.1575,0.8393,117.9,1.5408,6.7333,7.9299,1.3088,0.5761
2006-03-09,1.3598,1.1593,0.8389,117.96,1.5423,6.734,7.8913,1.3136,0.5758
2006-03-10,1.368,1.1605,0.8413,119.07,1.5586,6.7073,7.8836,1.3201,0.5795
2006-03-13,1.365,1.1616,0.8374,119.01,1.5605,6.6732,7.8531,1.3141,0.5777
2006-03-14,1.3583,1.1548,0.8316,117.36,1.5659,6.6183,7.796,1.3008,0.5721
2006-03-15,1.355,1.1553,0.8302,117.3,1.5504,6.6231,7.7855,1.2999,0.5727
2006-03-16,1.3605,1.154,0.823,117.13,1.5681,6.5869,7.697,1.2931,0.5697
2006-03-17,1.3716,1.1587,0.8199,115.89,1.5768,6.539,7.6491,1.2893,0.5692
2006-03-20,1.3845,1.1627,0.8218,116.25,1.5985,6.5276,7.6703,1.2911,0.5694
2006-03-21,1.3966,1.1647,0.8279,117.23,1.6064,6.5838,7.7559,1.3038,0.5728
2006-03-22,1.3881,1.1651,0.8268,116.72,1.5924,6.5732,7.7406,1.3024,0.572
2006-03-23,1.3996,1.1657,0.8344,117.6,1.6023,6.6488,7.8028,1.3159,0.5758
2006-03-24,1.4071,1.1675,0.831,117.5,1.6345,6.6237,7.773,1.3099,0.5738
2006-03-27,1.4172,1.1685,0.8323,116.62,1.6493,6.6231,7.7819,1.3092,0.5724
2006-03-28,1.4112,1.1696,0.828,117.23,1.6559,6.5691,7.7599,1.3005,0.5715
2006-03-29,1.4168,1.1722,0.8313,117.8,1.657,6.6262,7.8385,1.3091,0.5762
2006-03-30,1.4006,1.1628,0.8243,117.41,1.6383,6.5625,7.7509,1.2989,0.5731
2006-03-31,1.3957,1.167,0.8238,117.48,1.6223,6.546,7.7653,1.3025,0.5749
2006-04-03,1.3933,1.1718,0.8248,117.82,1.6265,6.5142,7.758,1.3044,0.5751
2006-04-04,1.3883,1.1662,0.8158,117.44,1.6437,6.419,7.6444,1.2898,0.5695
2006-04-05,1.3768,1.1619,0.8149,117.59,1.6289,6.434,7.6213,1.2857,0.5715
2006-04-06,1.3671,1.1532,0.8186,117.72,1.6271,6.457,7.6323,1.2913,0.5713
2006-04-07,1.3738,1.1464,0.8258,118.31,1.6383,6.495,7.7111,1.3029,0.5745
2006-04-10,1.3732,1.1466,0.8271,118.66,1.6437,6.489,7.7476,1.3043,0.5745
2006-04-11,1.3648,1.1457,0.8247,118.61,1.638,6.4533,7.6819,1.2997,0.5725
2006-04-12,1.3671,1.1479,0.826,118.47,1.6265,6.4843,7.7091,1.2995,0.5712
2006-04-13,1.3727,1.1514,0.826,118.42,1.6108,6.4893,7.6969,1.2979,0.5705
2006-04-14,1.3719,1.1513,0.826,118.65,1.6181,6.4998,7.6934,1.299,0.5711
2006-04-17,1.3559,1.1452,0.8152,117.68,1.6015,6.416,7.579,1.2776,0.5645
2006-04-18,1.3541,1.1421,0.8147,117.75,1.5929,6.4048,7.5842,1.2759,0.563
2006-04-19,1.3396,1.1367,0.81,117.58,1.5788,6.3109,7.5257,1.2705,0.5588
2006-04-20,1.3557,1.1386,0.8113,117.49,1.5946,6.3291,7.5335,1.2776,0.5618
2006-04-21,1.3434,1.1372,0.8104,116.91,1.578,6.354,7.5575,1.2751,0.5613
2006-04-24,1.3434,1.1373,0.8082,114.93,1.584,6.3438,7.55,1.2701,0.5606
2006-04-25,1.3412,1.1317,0.8057,114.83,1.6,6.3243,7.5177,1.2687,0.5594
2006-04-26,1.3271,1.1271,0.8023,114.72,1.5805,6.2507,7.4795,1.2675,0.5588
2006-04-27,1.3221,1.1235,0.7984,114.02,1.5803,6.2116,7.4291,1.2611,0.5552
2006-04-28,1.317,1.1203,0.7921,113.79,1.5704,6.1645,7.3579,1.2411,0.5488
2006-05-01,1.3146,1.113,0.7932,113.06,1.5681,6.1642,7.361,1.2386,0.5469
2006-05-02,1.3104,1.1069,0.7909,113.26,1.5601,6.1455,7.3929,1.2345,0.5436
2006-05-03,1.2968,1.1072,0.7912,113.44,1.5564,6.1265,7.3632,1.2351,0.5421
2006-05-04,1.2943,1.1066,0.7884,113.46,1.5559,6.118,7.3434,1.2297,0.541
2006-05-05,1.2975,1.1071,0.7854,112.45,1.5593,6.1182,7.3156,1.2257,0.538
2006-05-08,1.2992,1.1116,0.7862,111.55,1.58,6.1249,7.321,1.2276,0.5381
2006-05-09,1.2947,1.1022,0.7845,111.31,1.5924,6.1129,7.3002,1.2223,0.5367
2006-05-10,1.2882,1.1005,0.7813,110.55,1.5931,6.0712,7.2867,1.2186,0.5363
2006-05-11,1.2852,1.0989,0.7779,110.26,1.5833,6.0266,7.2857,1.2106,0.5307
2006-05-12,1.294,1.1085,0.7759,110.49,1.5896,6.0142,7.2632,1.202,0.5288
2006-05-15,1.3111,1.1142,0.7797,110.21,1.6062,6.0672,7.3148,1.2087,0.5309
2006-05-16,1.3062,1.1112,0.7802,110.07,1.6023,6.1125,7.3308,1.2118,0.5314
2006-05-17,1.3168,1.1116,0.786,110.6,1.6163,6.1402,7.3748,1.2178,0.5313
2006-05-18,1.3068,1.1209,0.7816,110.89,1.6044,6.1034,7.3134,1.2123,0.5297
2006-05-19,1.3212,1.1232,0.7843,111.76,1.6082,6.1073,7.3264,1.2182,0.5332
2006-05-22,1.3317,1.1194,0.7782,111.62,1.6176,6.0923,7.2656,1.2049,0.5302
2006-05-23,1.3252,1.1174,0.7786,111.35,1.6026,6.101,7.256,1.2083,0.5317
2006-05-24,1.3287,1.1228,0.7845,112.8,1.5865,6.1304,7.3028,1.2188,0.5354
2006-05-25,1.3184,1.1072,0.7827,111.92,1.5681,6.118,7.2847,1.2184,0.5342
2006-05-26,1.3198,1.1072,0.785,112.58,1.58,6.1455,7.2949,1.2265,0.5386
2006-05-30,1.3125,1.0995,0.7771,112.18,1.5652,6.0784,7.1975,1.211,0.5312
2006-05-31,1.33,1.1027,0.7792,112.26,1.5708,6.0687,7.2143,1.2159,0.5338
2006-06-01,1.3369,1.1003,0.7798,112.43,1.5828,6.0709,7.2139,1.2197,0.5352
2006-06-02,1.3316,1.1001,0.7745,111.66,1.5855,6.0207,7.1416,1.2083,0.5314
2006-06-05,1.3286,1.1011,0.772,111.7,1.5783,5.9869,7.0917,1.2027,0.5323
2006-06-06,1.3473,1.115,0.7795,113.26,1.5911,6.0621,7.1848,1.2155,0.5374
2006-06-07,1.3473,1.1117,0.7813,113.35,1.5964,6.1013,7.1917,1.2208,0.5381
2006-06-08,1.3459,1.1233,0.7906,114.22,1.5952,6.1937,7.306,1.233,0.5427
2006-06-09,1.3335,1.1071,0.7914,113.89,1.578,6.1655,7.2937,1.2322,0.5427
2006-06-12,1.3394,1.0991,0.7945,114.17,1.5863,6.1885,7.3298,1.2345,0.5423
2006-06-13,1.3499,1.1077,0.7953,115.06,1.6046,6.2245,7.3645,1.2356,0.5435
2006-06-14,1.3521,1.1121,0.7917,114.85,1.6013,6.2255,7.3351,1.2271,0.5408
2006-06-15,1.3556,1.1172,0.7926,115.06,1.608,6.2167,7.3545,1.2317,0.5412
2006-06-16,1.3534,1.1223,0.7922,115.12,1.62,6.2152,7.3446,1.2326,0.541
2006-06-19,1.3559,1.1232,0.7951,115.26,1.62,6.244,7.3864,1.2413,0.5434
2006-06-20,1.3565,1.1163,0.7957,115.02,1.6113,6.2839,7.3371,1.2402,0.5435
2006-06-21,1.3567,1.1042,0.7896,114.76,1.6134,6.2746,7.2666,1.2329,0.5417
2006-06-22,1.3607,1.1175,0.7948,115.94,1.6359,6.3252,7.3363,1.2421,0.5463
2006-06-23,1.3671,1.1241,0.7986,116.26,1.6496,6.3227,7.3688,1.2469,0.5493
2006-06-26,1.3697,1.1241,0.7966,116.38,1.6551,6.3076,7.3378,1.2455,0.5498
2006-06-27,1.3624,1.121,0.7943,116.26,1.6491,6.2925,7.3477,1.2424,0.5483
2006-06-28,1.3729,1.124,0.798,116.42,1.677,6.3016,7.3679,1.2479,0.5507
2006-06-29,1.3669,1.1156,0.7978,116.17,1.6784,6.3073,7.3731,1.249,0.5522
2006-06-30,1.3472,1.115,0.7825,114.51,1.638,6.222,7.2135,1.2247,0.5408
2006-07-03,1.3448,1.1112,0.7817,114.92,1.6447,6.2385,7.1949,1.2253,0.5432
2006-07-05,1.3501,1.1115,0.7858,115.65,1.6521,6.2512,7.2146,1.2336,0.5452
2006-07-06,1.3407,1.1116,0.7839,115.18,1.6543,6.2318,7.1883,1.2299,0.5442
2006-07-07,1.3308,1.1132,0.7799,113.98,1.6407,6.2244,7.1401,1.2223,0.5402
2006-07-10,1.3362,1.1246,0.7843,113.97,1.6369,6.2666,7.1922,1.2294,0.5429
2006-07-11,1.3287,1.1339,0.7841,114.15,1.6268,6.2563,7.1824,1.2286,0.5426
2006-07-12,1.327,1.1353,0.787,115.41,1.625,6.2617,7.2207,1.2344,0.545
2006-07-13,1.3264,1.1319,0.7891,115.45,1.6155,6.2518,7.2498,1.2326,0.5434
2006-07-14,1.3261,1.1274,0.7911,116.33,1.6111,6.257,7.2698,1.2358,0.5445
2006-07-17,1.3346,1.1322,0.7981,117.08,1.6067,6.319,7.3709,1.2476,0.5494
2006-07-18,1.3398,1.1335,0.8,117.44,1.5977,6.3425,7.4136,1.2529,0.5473
2006-07-19,1.336,1.1353,0.7962,117.08,1.6051,6.3477,7.357,1.2497,0.5442
2006-07-20,1.3305,1.1344,0.7912,116.83,1.6044,6.2779,7.301,1.2435,0.5407
2006-07-21,1.3282,1.1373,0.7884,116.34,1.5987,6.2484,7.2883,1.2373,0.538
2006-07-24,1.327,1.1414,0.7918,116.65,1.6051,6.3078,7.3338,1.2464,0.5408
2006-07-25,1.3282,1.1415,0.7952,117.3,1.6005,6.3239,7.3529,1.2534,0.5433
2006-07-26,1.3168,1.1375,0.7919,116.85,1.6,6.2793,7.328,1.2488,0.5413
2006-07-27,1.3087,1.1346,0.7854,115.55,1.6113,6.197,7.2489,1.2354,0.5369
2006-07-28,1.305,1.1297,0.7844,114.74,1.6197,6.1915,7.2453,1.2333,0.5363
2006-07-31,1.3048,1.1309,0.7835,114.44,1.6221,6.1592,7.2147,1.2311,0.5352
2006-08-01,1.3103,1.1312,0.7826,114.96,1.6158,6.1547,7.2085,1.2317,0.5344
2006-08-02,1.3091,1.1258,0.7814,114.54,1.6119,6.1499,7.1795,1.2293,0.5325
2006-08-03,1.3158,1.1262,0.7825,115.27,1.616,6.154,7.2061,1.2332,0.5306
2006-08-04,1.3058,1.1269,0.7756,114.21,1.6015,6.1174,7.1386,1.2209,0.5236
2006-08-07,1.3094,1.1182,0.7772,114.85,1.6018,6.129,7.1388,1.2223,0.5235
2006-08-08,1.3142,1.1203,0.7789,115.01,1.5977,6.1645,7.1534,1.2261,0.5242
2006-08-09,1.3043,1.1197,0.7759,115.14,1.585,6.1555,7.1194,1.2228,0.5239
2006-08-10,1.3036,1.1262,0.7834,115.59,1.5785,6.2298,7.2051,1.2373,0.5294
2006-08-11,1.3033,1.1206,0.7839,116.18,1.5748,6.2496,7.2161,1.2388,0.5276
2006-08-14,1.316,1.124,0.7852,116.53,1.5835,6.2995,7.2419,1.2403,0.529
2006-08-15,1.3074,1.1225,0.782,115.96,1.5765,6.2601,7.2095,1.2372,0.5278
2006-08-16,1.2989,1.116,0.7774,115.71,1.5555,6.2673,7.1434,1.2272,0.5263
2006-08-17,1.3091,1.116,0.777,115.44,1.5569,6.2698,7.1414,1.2276,0.528
2006-08-18,1.3194,1.1234,0.7806,115.79,1.564,6.2958,7.1915,1.2339,0.5317
2006-08-21,1.3089,1.1183,0.7744,115.86,1.5586,6.2253,7.1226,1.2226,0.5272
2006-08-22,1.3115,1.1153,0.781,116.61,1.5669,6.2838,7.1816,1.2341,0.5296
2006-08-23,1.311,1.11,0.7816,116.43,1.5613,6.2898,7.1833,1.2357,0.5283
2006-08-24,1.3103,1.111,0.7837,116.38,1.5694,6.343,7.2015,1.2381,0.5295
2006-08-25,1.3214,1.1078,0.7833,117.31,1.5728,6.302,7.2448,1.2375,0.5295
2006-08-28,1.3182,1.112,0.7822,117.15,1.5657,6.2843,7.2387,1.2358,0.5272
2006-08-29,1.3146,1.111,0.7832,116.92,1.5588,6.3147,7.2302,1.2356,0.5287
2006-08-30,1.308,1.1099,0.7797,117.07,1.538,6.315,7.2076,1.2293,0.5252
2006-08-31,1.3106,1.1066,0.7817,117.35,1.5279,6.3186,7.2428,1.2336,0.5257
2006-09-01,1.305,1.1056,0.7792,117.21,1.5267,6.335,7.2666,1.2308,0.5249
2006-09-05,1.298,1.1111,0.7806,116.04,1.5458,6.3423,7.2601,1.2347,0.5284
2006-09-06,1.3057,1.1052,0.782,116.73,1.542,6.3843,7.2894,1.2378,0.5316
2006-09-07,1.3158,1.1099,0.7839,116.3,1.5425,6.4653,7.3242,1.2405,0.533
2006-09-08,1.3263,1.1191,0.7891,116.89,1.5699,6.509,7.345,1.248,0.536
2006-09-11,1.3316,1.1216,0.7875,117.57,1.5649,6.5573,7.3009,1.2451,0.5368
2006-09-12,1.3284,1.1186,0.7878,117.82,1.554,6.5292,7.2867,1.2482,0.5334
2006-09-13,1.3268,1.1191,0.7869,117.47,1.5485,6.6007,7.2738,1.2491,0.5329
2006-09-14,1.3249,1.1158,0.7852,117.47,1.5131,6.5212,7.241,1.2499,0.5295
2006-09-15,1.3303,1.1192,0.7906,117.72,1.5085,6.537,7.282,1.258,0.5324
2006-09-18,1.3268,1.1169,0.7892,118.02,1.5026,6.5655,7.2541,1.2541,0.5327
2006-09-19,1.3264,1.1229,0.7885,117.6,1.5078,6.5057,7.2501,1.2512,0.5311
2006-09-20,1.3256,1.1272,0.7873,117.29,1.5106,6.5248,7.2632,1.2498,0.5293
2006-09-21,1.3228,1.12,0.7855,116.76,1.511,6.5296,7.2746,1.2519,0.5271
2006-09-22,1.331,1.1171,0.7815,116.45,1.5161,6.5466,7.2411,1.2349,0.526
2006-09-25,1.3303,1.1163,0.7845,116.43,1.4957,6.5547,7.3,1.2385,0.5263
2006-09-26,1.331,1.1159,0.7882,117.16,1.5002,6.5322,7.3286,1.2436,0.5276
2006-09-27,1.3342,1.115,0.7875,117.53,1.5209,6.5072,7.3028,1.2451,0.5301
2006-09-28,1.3356,1.1108,0.7876,117.84,1.5244,6.4625,7.2905,1.2474,0.5334
2006-09-29,1.3403,1.1151,0.7882,117.99,1.5314,6.5053,7.3127,1.2504,0.5343
2006-10-02,1.3362,1.1154,0.7847,117.66,1.5211,6.5549,7.3226,1.2426,0.5302
2006-10-03,1.3437,1.121,0.7857,117.84,1.5161,6.5847,7.3251,1.2453,0.5299
2006-10-04,1.3446,1.1286,0.7882,118.02,1.5106,6.637,7.3502,1.2517,0.5308
2006-10-05,1.3425,1.1269,0.7882,117.69,1.5069,6.618,7.3072,1.2529,0.5327
2006-10-06,1.3452,1.1261,0.7937,118.89,1.5158,6.6875,7.3537,1.2607,0.5344
2006-10-10,1.3437,1.1318,0.7974,119.68,1.5152,6.687,7.394,1.2691,0.5391
2006-10-11,1.3434,1.1357,0.797,119.49,1.5124,6.7234,7.375,1.2702,0.5386
2006-10-12,1.3321,1.1356,0.7976,119.53,1.5147,6.743,7.3918,1.2708,0.5389
2006-10-13,1.3323,1.1367,0.7999,119.81,1.5214,6.735,7.42,1.2752,0.5391
2006-10-16,1.3268,1.1384,0.7988,119.25,1.5191,6.7749,7.3957,1.2715,0.5375
2006-10-17,1.3263,1.1379,0.7959,118.63,1.502,6.7486,7.3662,1.2645,0.5338
2006-10-18,1.3266,1.1375,0.799,119.09,1.5067,6.7802,7.3988,1.2721,0.5355
2006-10-19,1.3182,1.1325,0.794,118.35,1.4977,6.7124,7.3429,1.2621,0.533
2006-10-20,1.3193,1.125,0.7928,118.73,1.4979,6.6789,7.3079,1.2587,0.5311
2006-10-23,1.32,1.1281,0.7972,119.32,1.5085,6.7108,7.3382,1.268,0.5345
2006-10-24,1.3186,1.1271,0.7959,119.25,1.5088,6.671,7.322,1.2658,0.5335
2006-10-25,1.3153,1.1249,0.7942,119.13,1.5131,6.6074,7.3238,1.2648,0.5327
2006-10-26,1.3122,1.1254,0.7893,118.62,1.5267,6.5475,7.281,1.2567,0.5298
2006-10-27,1.3012,1.1185,0.7859,117.61,1.5106,6.5442,7.2421,1.2496,0.5272
2006-10-30,1.3001,1.1235,0.7863,117.38,1.5026,6.5626,7.24,1.2488,0.5256
2006-10-31,1.2915,1.1227,0.7829,116.82,1.491,6.532,7.2111,1.2424,0.524
2006-11-01,1.29,1.1313,0.783,117.01,1.4852,6.4761,7.205,1.2433,0.5238
2006-11-02,1.2918,1.1361,0.7825,117.12,1.4837,6.4527,7.1945,1.2443,0.5239
2006-11-03,1.2989,1.129,0.7871,118.06,1.4925,6.4873,7.2096,1.2549,0.526
2006-11-06,1.2975,1.129,0.7865,118.4,1.4963,6.5019,7.1954,1.2566,0.5272
2006-11-07,1.2887,1.1276,0.7809,117.44,1.4883,6.4347,7.1381,1.246,0.5236
2006-11-08,1.2975,1.1275,0.7828,117.74,1.4968,6.4518,7.1451,1.2494,0.5247
2006-11-09,1.3007,1.1291,0.7791,117.92,1.5035,6.4197,7.0765,1.2421,0.5245
2006-11-10,1.3033,1.1306,0.7775,117.47,1.5011,6.3659,7.0647,1.2388,0.523
2006-11-13,1.3108,1.1377,0.7806,118.14,1.5161,6.4157,7.0922,1.2441,0.5257
2006-11-14,1.3062,1.1393,0.7805,117.72,1.5152,6.4269,7.0704,1.2449,0.5278
2006-11-15,1.3084,1.1389,0.7808,118.06,1.5168,6.436,7.0867,1.2472,0.5296
2006-11-16,1.3016,1.1401,0.7808,118.12,1.5031,6.4218,7.0709,1.2467,0.529
2006-11-17,1.3011,1.1458,0.7798,117.73,1.5065,6.4541,7.0764,1.2443,0.5281
2006-11-20,1.3017,1.1472,0.7806,118.16,1.4968,6.4568,7.0928,1.2434,0.5273
2006-11-21,1.2999,1.1474,0.7798,118,1.4948,6.4485,7.1004,1.2419,0.5268
2006-11-22,1.289,1.1414,0.7735,116.61,1.4883,6.3832,7.0201,1.2276,0.5223
2006-11-24,1.285,1.1346,0.7645,115.93,1.4899,6.3123,6.9128,1.2114,0.5177
2006-11-27,1.2845,1.133,0.7622,116.12,1.493,6.3098,6.8906,1.2083,0.5163
2006-11-28,1.278,1.131,0.7598,116.14,1.4786,6.3053,6.8977,1.2062,0.5133
2006-11-29,1.2762,1.1356,0.7607,116.29,1.4719,6.2675,6.9131,1.2098,0.513
2006-11-30,1.2665,1.1413,0.7541,115.55,1.4599,6.1522,6.8331,1.1966,0.5078
2006-12-01,1.2636,1.1445,0.751,115.33,1.4613,6.1337,6.7674,1.1947,0.5052
2006-12-04,1.2668,1.1454,0.7504,115.37,1.448,6.1375,6.7719,1.1947,0.5054
2006-12-05,1.2718,1.1415,0.7504,114.98,1.4569,6.1005,6.7883,1.1911,0.5064
2006-12-06,1.2697,1.1468,0.7515,115.07,1.4601,6.1004,6.8134,1.1933,0.5078
2006-12-07,1.2644,1.1482,0.7521,115.13,1.4478,6.0932,6.7951,1.1953,0.5095
2006-12-08,1.2721,1.1499,0.7567,116.23,1.4495,6.145,6.8525,1.2039,0.5111
2006-12-11,1.2753,1.1474,0.7563,117.02,1.4529,6.1416,6.8617,1.2036,0.5115
2006-12-12,1.2745,1.1546,0.7557,117.15,1.4484,6.1551,6.8172,1.203,0.5088
2006-12-13,1.2711,1.1544,0.7567,117.43,1.4482,6.1756,6.8475,1.2063,0.5086
2006-12-14,1.2755,1.1565,0.7591,117.61,1.4484,6.1918,6.8722,1.2126,0.509
2006-12-15,1.2778,1.1574,0.7637,117.84,1.4478,6.236,6.9058,1.2207,0.5118
2006-12-18,1.2829,1.1571,0.7649,118.14,1.4495,6.2325,6.9204,1.2243,0.5139
2006-12-19,1.275,1.1557,0.7579,117.93,1.4393,6.174,6.8297,1.2141,0.5085
2006-12-20,1.2724,1.1483,0.7586,118.39,1.4378,6.1868,6.8318,1.2169,0.509
2006-12-21,1.2736,1.1538,0.759,118.26,1.4358,6.1926,6.8066,1.2165,0.5096
2006-12-22,1.2771,1.1575,0.7616,118.9,1.4296,6.2443,6.8423,1.2207,0.511
2006-12-26,1.2773,1.1596,0.7615,118.93,1.4278,6.2447,6.8725,1.22,0.511
2006-12-27,1.2753,1.161,0.7619,118.76,1.4235,6.276,6.8892,1.2253,0.5111
2006-12-28,1.2689,1.1599,0.76,118.95,1.417,6.262,6.8755,1.2207,0.5097
2006-12-29,1.2684,1.1652,0.7577,119.02,1.4192,6.2287,6.8342,1.2195,0.5106
2007-01-02,1.2563,1.1647,0.7527,118.83,1.4116,6.1809,6.7818,1.2125,0.5067
2007-01-03,1.2636,1.1699,0.7594,119.58,1.418,6.2598,6.8539,1.2263,0.5129
2007-01-04,1.2724,1.1766,0.7637,119.28,1.4325,6.3229,6.9335,1.2314,0.5143
2007-01-05,1.2825,1.1753,0.7689,118.77,1.4548,6.3513,6.9744,1.2366,0.518
2007-01-08,1.2799,1.1777,0.7679,118.49,1.4535,6.3592,6.9972,1.2357,0.5159
2007-01-09,1.2829,1.1782,0.7695,119.45,1.4501,6.3536,7.0232,1.2417,0.5155
2007-01-10,1.2877,1.177,0.7728,119.52,1.4548,6.4363,7.0542,1.2459,0.5172
2007-01-11,1.2783,1.1761,0.775,120.49,1.4434,6.4728,7.0829,1.2482,0.5144
2007-01-12,1.2778,1.1706,0.7736,120.36,1.4461,6.4623,7.033,1.2485,0.5108
2007-01-16,1.2778,1.1748,0.7741,120.64,1.4399,6.4348,7.0117,1.248,0.5101
2007-01-17,1.2715,1.1737,0.7723,120.54,1.4472,6.439,7.0183,1.2456,0.5071
2007-01-18,1.2681,1.1752,0.7727,121.32,1.4399,6.4693,7.0442,1.2496,0.5072
2007-01-19,1.2671,1.1722,0.7711,121.22,1.4378,6.4446,7.0231,1.2479,0.5061
2007-01-22,1.2669,1.1758,0.7718,121.56,1.4298,6.4476,7.0368,1.2484,0.5058
2007-01-23,1.2625,1.1813,0.7678,121.54,1.4241,6.4026,6.9686,1.2404,0.5039
2007-01-24,1.2791,1.1824,0.7714,120.77,1.4355,6.3514,6.989,1.2481,0.5083
2007-01-25,1.2863,1.1781,0.7704,120.97,1.4292,6.3108,6.9935,1.2439,0.5075
2007-01-26,1.2947,1.1798,0.7747,121.53,1.4386,6.3304,7.0418,1.2534,0.5103
2007-01-29,1.2943,1.1815,0.7723,121.81,1.4337,6.3007,6.9933,1.2528,0.5104
2007-01-30,1.2947,1.1814,0.772,121.7,1.4514,6.2857,6.972,1.253,0.5098
2007-01-31,1.292,1.1792,0.7693,121.02,1.4586,6.2606,6.9653,1.247,0.5099
2007-02-01,1.291,1.1756,0.768,120.67,1.4674,6.2376,6.9436,1.2427,0.508
2007-02-02,1.2908,1.1838,0.7716,121.02,1.471,6.2674,6.9889,1.2476,0.5086
2007-02-05,1.2872,1.1816,0.7732,120.34,1.4628,6.275,7.0564,1.2481,0.5102
2007-02-06,1.2872,1.1819,0.7711,120.35,1.4708,6.2474,7.0393,1.2414,0.5078
2007-02-07,1.2844,1.1851,0.768,120.65,1.4594,6.216,6.9993,1.2398,0.5076
2007-02-08,1.2801,1.1852,0.7672,121.19,1.4571,6.2269,6.9653,1.2471,0.5106
2007-02-09,1.2878,1.1736,0.7689,121.59,1.4626,6.255,6.995,1.2484,0.5125
2007-02-12,1.2943,1.1746,0.7715,121.77,1.459,6.2455,7.0409,1.2532,0.5135
2007-02-13,1.2863,1.1686,0.7678,121.24,1.4516,6.2146,7.0316,1.2489,0.5143
2007-02-14,1.2767,1.166,0.7618,120.8,1.4399,6.1614,6.9595,1.2399,0.5095
2007-02-15,1.2744,1.1642,0.761,119.49,1.4409,6.1651,7.031,1.2362,0.512
2007-02-16,1.271,1.1638,0.7612,119.23,1.4337,6.1173,7.0379,1.2341,0.5128
2007-02-20,1.2736,1.1697,0.7614,120.1,1.4276,6.1365,7.051,1.2369,0.5116
2007-02-21,1.266,1.1609,0.7618,120.99,1.416,6.1427,7.0839,1.2393,0.5122
2007-02-22,1.2666,1.1616,0.7614,121.3,1.4174,6.1414,7.0823,1.2383,0.511
2007-02-23,1.2626,1.1586,0.7596,121.1,1.415,6.1246,7.0572,1.2332,0.5092
2007-02-26,1.2609,1.1601,0.7599,120.76,1.4086,6.1161,7.0481,1.2327,0.5094
2007-02-27,1.2606,1.1639,0.7549,118.67,1.4196,6.1115,6.9711,1.2205,0.5086
2007-02-28,1.2671,1.17,0.7559,118.33,1.4261,6.1316,6.998,1.2189,0.5099
2007-03-01,1.2718,1.1711,0.7591,117.53,1.4403,6.1551,7.0502,1.2226,0.5108
2007-03-02,1.2765,1.1752,0.7586,116.82,1.4524,6.1607,7.0407,1.2173,0.5139
2007-03-05,1.294,1.181,0.7637,116.01,1.4745,6.25,7.106,1.2218,0.5199
2007-03-06,1.2925,1.1759,0.7629,116.5,1.4691,6.2226,7.0618,1.2241,0.5189
2007-03-07,1.2878,1.1785,0.7606,116.41,1.4622,6.1983,7.0432,1.2208,0.5177
2007-03-08,1.289,1.1802,0.7617,117.35,1.4599,6.201,7.0768,1.2287,0.5181
2007-03-09,1.2811,1.1712,0.7623,118.15,1.4461,6.178,7.0928,1.2332,0.5177
2007-03-12,1.2757,1.1689,0.7584,117.51,1.4426,6.1347,7.0471,1.225,0.5184
2007-03-13,1.2705,1.1687,0.7576,116.96,1.4337,6.129,7.0311,1.2218,0.5175
2007-03-14,1.2723,1.1755,0.756,116.33,1.4489,6.1404,7.0294,1.2139,0.5171
2007-03-15,1.2684,1.1757,0.7548,117.26,1.4393,6.1263,6.9889,1.2142,0.5164
2007-03-16,1.2582,1.1738,0.7515,116.77,1.4333,6.1113,6.9674,1.2079,0.5149
2007-03-19,1.2506,1.175,0.7519,117.58,1.4243,6.1271,6.986,1.2125,0.5139
2007-03-20,1.2475,1.1638,0.7524,117.32,1.4198,6.1573,6.9862,1.2137,0.5107
2007-03-21,1.2477,1.1578,0.7516,117.83,1.4194,6.1586,6.985,1.2151,0.5103
2007-03-22,1.2372,1.1574,0.7486,117.79,1.3994,6.0967,6.9622,1.2115,0.5083
2007-03-23,1.2404,1.1601,0.7518,117.82,1.4037,6.1007,6.9821,1.2169,0.5094
2007-03-26,1.235,1.1627,0.7499,117.84,1.3963,6.0864,6.9786,1.2144,0.5078
2007-03-27,1.2362,1.1584,0.7487,117.8,1.392,6.0994,6.9776,1.213,0.5085
2007-03-28,1.2401,1.1579,0.7501,116.83,1.4071,6.0802,7.0101,1.2147,0.5099
2007-03-29,1.2379,1.1577,0.7499,117.75,1.3996,6.091,6.9898,1.2166,0.5095
2007-03-30,1.234,1.153,0.7477,117.56,1.397,6.0774,6.9837,1.2126,0.508
2007-04-02,1.2246,1.1556,0.7477,117.69,1.3862,6.0992,7.0057,1.2139,0.5054
2007-04-03,1.2299,1.1573,0.7483,118.83,1.3872,6.1114,7.0035,1.2192,0.5055
2007-04-04,1.2225,1.1583,0.7483,118.72,1.3879,6.1178,6.96,1.2194,0.5062
2007-04-05,1.2206,1.1509,0.7448,118.66,1.3831,6.0698,6.9073,1.2145,0.5074
2007-04-06,1.2229,1.1511,0.7474,119.33,1.3848,6.093,6.9355,1.2215,0.5088
2007-04-09,1.2244,1.1522,0.7481,119.28,1.3879,6.1007,6.9452,1.225,0.51
2007-04-10,1.2121,1.1479,0.7443,119.07,1.3716,6.0259,6.9003,1.2165,0.5072
2007-04-11,1.2108,1.1449,0.7443,119.36,1.3731,6.0259,6.9027,1.2194,0.5054
2007-04-12,1.2083,1.1362,0.7416,118.99,1.3725,5.9994,6.8731,1.2157,0.5058
2007-04-13,1.2011,1.1379,0.7398,119.27,1.3559,5.9914,6.8735,1.2154,0.5043
2007-04-16,1.2009,1.1309,0.738,119.84,1.3497,5.9551,6.7987,1.2132,0.5023
2007-04-17,1.1952,1.1293,0.737,118.96,1.3434,5.9554,6.7873,1.2092,0.4985
2007-04-18,1.1972,1.1288,0.7367,118.27,1.3455,5.9725,6.7845,1.2056,0.499
2007-04-19,1.1967,1.1286,0.735,118.36,1.3443,5.9622,6.766,1.2044,0.4993
2007-04-20,1.1957,1.1227,0.7352,118.81,1.3401,5.956,6.759,1.2081,0.4988
2007-04-23,1.1992,1.1225,0.7364,118.47,1.3401,5.9664,6.7681,1.2088,0.4996
2007-04-24,1.2071,1.1228,0.7341,118.52,1.3466,5.949,6.7512,1.2031,0.4993
2007-04-25,1.2,1.1146,0.7328,118.62,1.3419,5.9612,6.7149,1.203,0.499
2007-04-26,1.2115,1.1202,0.7358,119.5,1.3563,5.9823,6.7339,1.2092,0.5024
2007-04-27,1.2032,1.1152,0.7339,119.59,1.3495,5.9676,6.7119,1.2081,0.5004
2007-04-30,1.2011,1.1068,0.7321,119.44,1.3468,5.9441,6.6975,1.2064,0.5
2007-05-01,1.2067,1.1088,0.7353,119.77,1.3483,5.9702,6.7123,1.2151,0.5002
2007-05-02,1.2126,1.1087,0.7354,120.05,1.3537,5.9682,6.7093,1.2138,0.5023
2007-05-03,1.2134,1.1069,0.7371,120.33,1.3581,5.9823,6.7323,1.2151,0.5031
2007-05-04,1.2185,1.1069,0.736,120.16,1.36,5.9695,6.7496,1.2115,0.5017
2007-05-07,1.2115,1.1024,0.7344,119.96,1.3556,5.97,6.7306,1.2096,0.5014
2007-05-08,1.2082,1.1048,0.739,119.89,1.3565,6.0115,6.7878,1.2182,0.5025
2007-05-09,1.207,1.1063,0.7381,119.8,1.3615,6.0076,6.7976,1.2165,0.5009
2007-05-10,1.2019,1.1073,0.7401,120.37,1.365,6.0512,6.8199,1.2192,0.5042
2007-05-11,1.2011,1.1136,0.7397,120.19,1.362,6.0475,6.8309,1.2188,0.5044
2007-05-14,1.2,1.1067,0.7383,120.37,1.3543,6.0524,6.8094,1.2194,0.505
2007-05-15,1.1979,1.0976,0.7351,120.22,1.3537,6.0101,6.7539,1.2135,0.5035
2007-05-16,1.2124,1.1028,0.7395,120.74,1.3637,6.045,6.8095,1.222,0.5057
2007-05-17,1.2167,1.0976,0.7411,121.3,1.3689,6.0592,6.8377,1.2268,0.5064
2007-05-18,1.2121,1.0883,0.7401,121.09,1.368,6.0468,6.8194,1.2267,0.5062
2007-05-21,1.2195,1.0854,0.7431,121.57,1.371,6.0669,6.8519,1.2306,0.5077
2007-05-22,1.2176,1.0854,0.7427,121.47,1.3746,6.0385,6.8199,1.23,0.5059
2007-05-23,1.2127,1.0816,0.7417,121.52,1.3676,6.0157,6.8231,1.2266,0.503
2007-05-24,1.2185,1.0841,0.7447,121.46,1.3791,6.0318,6.8416,1.2294,0.5037
2007-05-25,1.221,1.0794,0.7434,121.72,1.3761,6.0159,6.8346,1.2281,0.5039
2007-05-29,1.2192,1.0719,0.7417,121.79,1.3719,6.0114,6.8779,1.2227,0.5047
2007-05-30,1.2165,1.0753,0.7452,121.48,1.3691,6.0716,6.9376,1.2259,0.5064
2007-05-31,1.2089,1.0701,0.7433,121.76,1.3578,6.0403,6.9191,1.2252,0.5051
2007-06-01,1.2029,1.0602,0.744,122.1,1.3452,6.0253,6.9293,1.2299,0.5049
2007-06-04,1.1989,1.0579,0.7414,121.72,1.3382,5.9847,6.9161,1.2231,0.502
2007-06-05,1.1946,1.0605,0.7393,121.49,1.3305,5.9705,6.8872,1.2187,0.5015
2007-06-06,1.1893,1.0586,0.7412,121.08,1.3323,5.9887,6.9225,1.2176,0.5021
2007-06-07,1.1839,1.0611,0.7432,121.34,1.3238,5.9889,6.928,1.2243,0.5051
2007-06-08,1.1867,1.0622,0.7486,121.62,1.3219,6.0677,6.9992,1.2345,0.5087
2007-06-11,1.1868,1.0614,0.7486,121.78,1.3346,6.0615,6.9962,1.2386,0.508
2007-06-12,1.185,1.0636,0.7505,121.76,1.3298,6.0862,7.0644,1.2424,0.5063
2007-06-13,1.1902,1.0668,0.7522,122.37,1.3326,6.094,7.0708,1.2447,0.5069
2007-06-14,1.1977,1.0684,0.7513,122.97,1.333,6.0874,7.0794,1.2452,0.5077
2007-06-15,1.1905,1.0678,0.7482,123.55,1.3275,6.04,7.0405,1.2428,0.5059
2007-06-18,1.1875,1.072,0.7462,123.67,1.3263,6.0249,7.038,1.2409,0.5045
2007-06-19,1.182,1.0638,0.7454,123.39,1.3194,6.0227,7.0116,1.2402,0.5029
2007-06-20,1.1823,1.0646,0.7448,123.6,1.3111,5.9881,6.8968,1.2374,0.5016
2007-06-21,1.1809,1.0727,0.7463,123.68,1.3122,5.9697,6.9052,1.2404,0.5019
2007-06-22,1.179,1.0676,0.7442,124.09,1.3038,5.9397,6.8791,1.2316,0.5006
2007-06-25,1.1792,1.0712,0.7435,123.84,1.305,5.9476,6.8768,1.2305,0.501
2007-06-26,1.1801,1.0692,0.7425,123.49,1.3041,5.9522,6.8845,1.2284,0.5001
2007-06-27,1.194,1.0716,0.7444,122.52,1.3177,5.925,6.891,1.2291,0.5009
2007-06-28,1.1819,1.0626,0.7426,123.01,1.2999,5.8985,6.8555,1.2286,0.4995
2007-06-29,1.1777,1.0634,0.7396,123.39,1.2937,5.8942,6.8455,1.224,0.4984
2007-07-02,1.1633,1.0553,0.7338,122.32,1.2771,5.813,6.7934,1.2112,0.496
2007-07-03,1.1705,1.0593,0.7345,122.4,1.2798,5.8183,6.7678,1.2152,0.4958
2007-07-05,1.1681,1.0567,0.7357,122.82,1.2773,5.83,6.7394,1.2178,0.4972
2007-07-06,1.167,1.0478,0.7339,123.27,1.2783,5.8054,6.7316,1.2181,0.497
2007-07-09,1.1621,1.0479,0.7341,123.34,1.2806,5.8073,6.7468,1.217,0.4959
2007-07-10,1.1598,1.052,0.7292,122.19,1.283,5.8096,6.6919,1.2074,0.4939
2007-07-11,1.1609,1.0557,0.7269,122.13,1.2832,5.7906,6.6634,1.2044,0.4921
2007-07-12,1.1577,1.0467,0.7259,122.5,1.2789,5.738,6.6416,1.2033,0.4929
2007-07-13,1.151,1.0476,0.7253,121.99,1.2724,5.7368,6.6331,1.2019,0.4915
2007-07-16,1.1465,1.043,0.7254,121.9,1.2623,5.7263,6.637,1.2018,0.4908
2007-07-17,1.1452,1.0435,0.7256,122.36,1.2642,5.7247,6.6519,1.203,0.4889
2007-07-18,1.1392,1.0435,0.7242,121.83,1.2594,5.7205,6.6468,1.1997,0.487
2007-07-19,1.1369,1.0425,0.7241,122.06,1.2621,5.7276,6.6413,1.2023,0.488
2007-07-20,1.1369,1.044,0.723,121.15,1.2555,5.716,6.6263,1.1998,0.4862
2007-07-23,1.1319,1.045,0.7237,121.31,1.2441,5.7244,6.6526,1.2054,0.4858
2007-07-24,1.1311,1.0372,0.7234,120.57,1.2362,5.7427,6.657,1.205,0.4848
2007-07-25,1.1328,1.0423,0.7293,120.33,1.245,5.8038,6.7223,1.214,0.4875
2007-07-26,1.139,1.0504,0.7283,119.14,1.2642,5.8166,6.7333,1.2068,0.4881
2007-07-27,1.1682,1.059,0.7328,118.56,1.3067,5.8858,6.7417,1.2073,0.4929
2007-07-30,1.1752,1.0689,0.7309,118.41,1.3115,5.8483,6.7249,1.2015,0.4941
2007-07-31,1.1636,1.0656,0.7293,119.13,1.2962,5.8086,6.7147,1.2021,0.4911
2007-08-01,1.1714,1.0565,0.7309,118.71,1.3116,5.8268,6.7607,1.2013,0.4924
2007-08-02,1.1635,1.0528,0.7303,119.35,1.2992,5.8024,6.7344,1.206,0.4915
2007-08-03,1.1665,1.0526,0.7254,118.43,1.3084,5.7582,6.6979,1.1933,0.4896
2007-08-06,1.1666,1.0513,0.7252,118.04,1.3116,5.7741,6.695,1.1873,0.4928
2007-08-07,1.1705,1.0553,0.7274,118.48,1.3139,5.8158,6.727,1.1954,0.495
2007-08-08,1.1604,1.0497,0.7242,119.76,1.3016,5.7625,6.6954,1.1946,0.491
2007-08-09,1.1707,1.0566,0.7299,118.69,1.3196,5.7968,6.7548,1.1967,0.4933
2007-08-10,1.1827,1.0538,0.7307,118,1.3401,5.8376,6.7744,1.1969,0.4946
2007-08-13,1.1862,1.0508,0.734,118.47,1.351,5.8595,6.8409,1.2057,0.4969
2007-08-14,1.1927,1.0635,0.7363,118.21,1.3689,5.877,6.8653,1.2095,0.5
2007-08-15,1.2132,1.0746,0.7419,117.19,1.3968,5.8934,6.9495,1.2181,0.5019
2007-08-16,1.2723,1.0754,0.7462,114.03,1.4756,5.9846,6.998,1.2175,0.5043
2007-08-17,1.2679,1.0635,0.7412,113.81,1.4514,5.9405,6.9111,1.2043,0.5043
2007-08-20,1.2492,1.058,0.7425,114.49,1.4372,5.9226,6.9417,1.2066,0.5043
2007-08-21,1.25,1.0601,0.7417,114.42,1.4364,5.9457,6.9626,1.2033,0.5047
2007-08-22,1.2433,1.062,0.7388,114.95,1.4273,5.9055,6.9261,1.2062,0.5021
2007-08-23,1.2294,1.0566,0.7375,115.81,1.411,5.8707,6.9147,1.2061,0.4991
2007-08-24,1.2133,1.0525,0.7329,116.12,1.3922,5.8264,6.8671,1.2015,0.4975
2007-08-27,1.2066,1.0515,0.7329,116.05,1.3924,5.8251,6.8675,1.2032,0.4967
2007-08-28,1.2185,1.0616,0.7339,114.7,1.4221,5.8353,6.8894,1.2006,0.4984
2007-08-29,1.221,1.0592,0.7313,115.52,1.4231,5.8231,6.8584,1.1986,0.4955
2007-08-30,1.222,1.0567,0.7327,115.81,1.4196,5.8262,6.8724,1.2032,0.496
2007-08-31,1.2259,1.056,0.7331,115.83,1.4235,5.821,6.8822,1.2071,0.4959
2007-09-03,1.2259,1.056,0.7331,115.83,1.4235,5.821,6.8822,1.2071,0.4959
2007-09-04,1.2129,1.0493,0.735,116.21,1.4312,5.8154,6.8946,1.2109,0.4973
2007-09-05,1.2129,1.0508,0.7316,115.15,1.4493,5.7812,6.8662,1.2025,0.4945
2007-09-06,1.2085,1.0534,0.7301,115.33,1.4457,5.7645,6.8188,1.2008,0.494
2007-09-07,1.2108,1.0546,0.7261,113.57,1.4516,5.7481,6.7865,1.1882,0.493
2007-09-10,1.2139,1.0532,0.725,113.43,1.4413,5.7058,6.7768,1.186,0.4929
2007-09-11,1.2034,1.043,0.7227,113.97,1.4253,5.677,6.7414,1.1864,0.4922
2007-09-12,1.1903,1.0372,0.7192,114.24,1.4006,5.6236,6.6684,1.1844,0.4923
2007-09-13,1.1912,1.0324,0.7202,115.37,1.3945,5.6372,6.666,1.187,0.4931
2007-09-14,1.1884,1.0292,0.7221,115.31,1.4035,5.6324,6.696,1.1914,0.4983
2007-09-17,1.2008,1.0307,0.7215,114.93,1.4196,5.6205,6.6935,1.1874,0.502
2007-09-18,1.1957,1.0234,0.721,115.75,1.4086,5.6427,6.6884,1.1891,0.5007
2007-09-19,1.1689,1.0147,0.7168,116.21,1.3646,5.581,6.6251,1.1856,0.5004
2007-09-20,1.1573,1.0011,0.7096,114.18,1.3464,5.5259,6.5347,1.1697,0.4967
2007-09-21,1.1561,1.0008,0.7104,115.6,1.3486,5.5318,6.5284,1.1735,0.4949
2007-09-24,1.1535,1.0011,0.7099,114.92,1.3423,5.5162,6.5133,1.1739,0.4945
2007-09-25,1.1506,1.0005,0.7078,114.48,1.3528,5.5105,6.5151,1.1681,0.4958
2007-09-26,1.143,1.0045,0.7079,115.66,1.3432,5.5046,6.535,1.171,0.4961
2007-09-27,1.1395,1.0031,0.7073,115.76,1.3371,5.4632,6.5211,1.1735,0.4942
2007-09-28,1.1293,0.9959,0.7033,114.97,1.3214,5.4095,6.4745,1.1672,0.4905
2007-10-01,1.1197,0.9929,0.7028,115.91,1.3051,5.3674,6.447,1.1683,0.4893
2007-10-02,1.1305,1.0002,0.7061,115.83,1.3144,5.4234,6.5023,1.175,0.4898
2007-10-03,1.1259,0.9961,0.7075,116.74,1.3154,5.4267,6.4982,1.1791,0.4909
2007-10-04,1.1257,0.998,0.7078,116.59,1.324,5.4462,6.5118,1.1752,0.4904
2007-10-05,1.1114,0.9815,0.7065,116.83,1.3111,5.4051,6.4713,1.176,0.4893
2007-10-08,1.1114,0.9815,0.7065,116.83,1.3111,5.4051,6.4713,1.176,0.4893
2007-10-09,1.1142,0.9846,0.7096,116.98,1.312,5.4469,6.4976,1.1838,0.4919
2007-10-10,1.1121,0.9813,0.7064,117.17,1.3092,5.4294,6.4517,1.1808,0.4894
2007-10-11,1.1058,0.9744,0.7028,117.71,1.2923,5.3688,6.4025,1.1801,0.4916
2007-10-12,1.106,0.9737,0.7058,117.5,1.2895,5.42,6.4243,1.1852,0.4916
2007-10-15,1.1096,0.9756,0.7034,117.37,1.3067,5.3761,6.4107,1.1799,0.4897
2007-10-16,1.1287,0.9778,0.706,116.61,1.3416,5.4089,6.4607,1.1831,0.492
2007-10-17,1.1183,0.9736,0.7038,116.62,1.3266,5.3894,6.446,1.1816,0.4905
2007-10-18,1.1177,0.9733,0.6997,115.64,1.3284,5.373,6.4132,1.1697,0.4888
2007-10-19,1.1192,0.9637,0.7011,115.15,1.33,5.3694,6.428,1.1718,0.4882
2007-10-22,1.1383,0.9811,0.7073,114.07,1.3493,5.4738,6.5156,1.1777,0.4931
2007-10-23,1.1182,0.9673,0.7019,114.65,1.3287,5.407,6.4515,1.1727,0.4879
2007-10-24,1.1115,0.971,0.7024,113.94,1.331,5.4539,6.4792,1.1726,0.488
2007-10-25,1.1039,0.9673,0.6993,114.09,1.3144,5.411,6.4345,1.1671,0.4882
2007-10-26,1.0913,0.9619,0.6949,114.01,1.3074,5.3603,6.3817,1.1627,0.4875
2007-10-29,1.0857,0.9547,0.6942,114.69,1.3016,5.3554,6.3836,1.1654,0.4852
2007-10-30,1.0887,0.9534,0.6933,114.72,1.3051,5.3487,6.3654,1.1615,0.4838
2007-10-31,1.0786,0.9496,0.6912,115.27,1.2999,5.3867,6.3608,1.1589,0.4813
2007-11-01,1.0886,0.9497,0.6928,114.87,1.3113,5.422,6.4111,1.1591,0.4804
2007-11-02,1.0893,0.936,0.6906,114.74,1.3137,5.4142,6.4015,1.1543,0.4803
2007-11-05,1.0874,0.9337,0.6911,114.54,1.304,5.3785,6.407,1.1536,0.4808
2007-11-06,1.0807,0.9243,0.687,114.51,1.2885,5.3483,6.3523,1.1453,0.4794
2007-11-07,1.0673,0.9168,0.6818,113.29,1.2757,5.2903,6.2989,1.1335,0.4752
2007-11-08,1.0792,0.9303,0.6807,112.66,1.2882,5.2619,6.2978,1.1265,0.4738
2007-11-09,1.0935,0.9385,0.6819,110.9,1.3038,5.3177,6.326,1.1232,0.4782
2007-11-13,1.1245,0.9639,0.685,110.31,1.3256,5.4354,6.3451,1.1256,0.4824
2007-11-14,1.1109,0.9608,0.6817,111.38,1.3079,5.4054,6.2813,1.1222,0.4858
2007-11-15,1.121,0.9804,0.6831,110.78,1.3187,5.4609,6.31,1.1224,0.4882
2007-11-16,1.1225,0.9727,0.6825,111.05,1.3229,5.4783,6.3244,1.117,0.4883
2007-11-19,1.1319,0.9839,0.6822,110.05,1.325,5.5061,6.3258,1.1163,0.4883
2007-11-20,1.1269,0.9848,0.6763,110.05,1.3118,5.3971,6.2809,1.1099,0.4842
2007-11-21,1.1497,0.9894,0.6744,108.54,1.3321,5.4217,6.2921,1.1037,0.4858
2007-11-22,1.1497,0.9894,0.6744,108.54,1.3321,5.4217,6.2921,1.1037,0.4858
2007-11-23,1.1436,0.9887,0.6745,108.17,1.3231,5.3986,6.2701,1.1026,0.4863
2007-11-26,1.1392,0.9877,0.6729,108.17,1.3231,5.4028,6.2356,1.1005,0.4835
2007-11-27,1.1436,0.9968,0.6749,108.64,1.3196,5.4564,6.2915,1.1054,0.4842
2007-11-28,1.1342,0.9907,0.678,110.38,1.2984,5.4828,6.334,1.1186,0.4834
2007-11-29,1.1325,0.9928,0.6772,109.94,1.295,5.5025,6.3503,1.1177,0.4844
2007-11-30,1.1302,1.0007,0.6808,111.02,1.3036,5.5255,6.3806,1.1287,0.4862
2007-12-03,1.1328,1,0.6823,110.44,1.3043,5.5258,6.4022,1.1291,0.4841
2007-12-04,1.146,1.0106,0.6776,109.68,1.3111,5.4932,6.3636,1.1172,0.486
2007-12-05,1.1482,1.0127,0.6818,110.85,1.3012,5.483,6.405,1.1249,0.4929
2007-12-06,1.1453,1.0125,0.6832,111.05,1.2933,5.4779,6.4169,1.1276,0.4929
2007-12-07,1.1355,1.0051,0.6819,111.72,1.2829,5.4666,6.3984,1.1296,0.4929
2007-12-10,1.1326,1.0103,0.6796,111.6,1.2834,5.4333,6.3889,1.1276,0.4888
2007-12-11,1.1278,1.0107,0.6802,111.77,1.2775,5.4439,6.3991,1.133,0.4905
2007-12-12,1.1291,1.0107,0.6802,112.36,1.2663,5.4079,6.4069,1.1355,0.4879
2007-12-13,1.1435,1.0216,0.6854,112.26,1.2789,5.4555,6.4681,1.1432,0.4903
2007-12-14,1.1601,1.0135,0.6929,113.35,1.3029,5.518,6.5069,1.1536,0.4951
2007-12-17,1.1669,1.0072,0.6959,113.2,1.327,5.5635,6.5705,1.1522,0.4958
2007-12-18,1.1686,1.0105,0.6948,113.17,1.331,5.5843,6.5681,1.1529,0.4965
2007-12-19,1.1673,1.0056,0.6972,113.44,1.3233,5.5929,6.6089,1.1563,0.5017
2007-12-20,1.1659,0.9983,0.6967,112.97,1.3228,5.5944,6.584,1.1563,0.5045
2007-12-21,1.1551,0.9943,0.6963,113.95,1.3079,5.59,6.5911,1.1566,0.5042
2007-12-24,1.1488,0.9871,0.694,114.45,1.3033,5.5548,6.5808,1.1567,0.5057
2007-12-26,1.145,0.9834,0.6897,114.08,1.3017,5.5221,6.5187,1.1504,0.5042
2007-12-27,1.1399,0.9808,0.6849,114,1.299,5.4567,6.4854,1.1409,0.5023
2007-12-28,1.1442,0.9784,0.6794,112.93,1.2937,5.4047,6.4086,1.1275,0.5018
2007-12-31,1.1395,0.9881,0.6848,111.71,1.3024,5.431,6.4568,1.1329,0.504
2008-01-02,1.1348,0.9922,0.6785,109.7,1.2933,5.4034,6.3966,1.1174,0.5044
2008-01-03,1.1339,0.9905,0.6786,109.58,1.29,5.346,6.3547,1.1134,0.5068
2008-01-04,1.1413,0.9988,0.6763,108.38,1.2967,5.3221,6.3352,1.1064,0.5061
2008-01-07,1.1478,1.005,0.681,109.1,1.3046,5.3819,6.3821,1.1176,0.5075
2008-01-08,1.1348,0.9985,0.6795,109.29,1.2957,5.357,6.3752,1.1138,0.5068
2008-01-09,1.1362,1.0083,0.682,109.4,1.2965,5.3828,6.421,1.1151,0.5111
2008-01-10,1.1247,1.0139,0.6784,109.38,1.2791,5.2998,6.3521,1.1069,0.5111
2008-01-11,1.1202,1.0198,0.6763,109.11,1.2742,5.2818,6.3435,1.1026,0.5104
2008-01-14,1.1135,1.021,0.6722,108.18,1.2658,5.2637,6.308,1.0928,0.5106
2008-01-15,1.1268,1.0167,0.6738,107.07,1.2802,5.2964,6.3341,1.0917,0.5084
2008-01-16,1.139,1.0238,0.6829,107.27,1.2989,5.415,6.4398,1.1008,0.5092
2008-01-17,1.1329,1.029,0.6807,107.01,1.2997,5.4368,6.4161,1.0993,0.5065
2008-01-18,1.1417,1.0294,0.6842,106.82,1.32,5.4701,6.4475,1.101,0.5121
2008-01-22,1.1515,1.0248,0.6845,106.76,1.3089,5.5006,6.5015,1.0986,0.5108
2008-01-23,1.1555,1.0282,0.6862,105.42,1.3186,5.5487,6.5289,1.0898,0.5124
2008-01-24,1.1377,1.0071,0.6786,106.68,1.2928,5.4463,6.4207,1.0869,0.5068
2008-01-25,1.1342,1.0044,0.6815,107.31,1.2975,5.4772,6.4562,1.0986,0.505
2008-01-28,1.1321,1.0042,0.6762,106.65,1.2907,5.4639,6.3968,1.0878,0.5036
2008-01-29,1.1242,0.9978,0.6772,107.08,1.2849,5.4326,6.396,1.094,0.5036
2008-01-30,1.1245,0.9936,0.6765,107.25,1.2798,5.4458,6.3714,1.0927,0.503
2008-01-31,1.1151,1.0018,0.6738,106.74,1.2684,5.4126,6.3758,1.0845,0.5026
2008-02-01,1.1068,0.9939,0.6734,106.3,1.2582,5.4046,6.3512,1.0821,0.5079
2008-02-04,1.1,0.9927,0.6742,106.73,1.258,5.397,6.3268,1.0892,0.5056
2008-02-05,1.1115,1.0043,0.6832,106.94,1.2736,5.4943,6.4433,1.1005,0.5095
2008-02-06,1.1132,1.0023,0.6827,106.75,1.2734,5.5103,6.4218,1.0977,0.5101
2008-02-07,1.1183,1.0115,0.6899,106.82,1.2658,5.5546,6.5116,1.1049,0.5149
2008-02-08,1.1179,0.9994,0.6894,107.34,1.2689,5.5345,6.4903,1.1038,0.5135
2008-02-11,1.1078,1.0018,0.6894,106.64,1.2687,5.5216,6.5012,1.1023,0.5132
2008-02-12,1.104,0.9963,0.6853,107.42,1.2588,5.4782,6.4343,1.1006,0.5096
2008-02-13,1.1193,0.9992,0.6864,108.15,1.2776,5.476,6.4116,1.1074,0.5097
2008-02-14,1.1069,0.9967,0.6833,107.97,1.2666,5.4228,6.3771,1.0984,0.5074
2008-02-15,1.1027,1.0013,0.6815,107.67,1.2676,5.3876,6.3418,1.0913,0.5099
2008-02-19,1.0866,1.0159,0.6783,107.5,1.2509,5.3307,6.3093,1.093,0.5125
2008-02-20,1.0931,1.0188,0.682,107.97,1.2587,5.3724,6.3517,1.1003,0.5153
2008-02-21,1.0862,1.0083,0.6751,107.6,1.2488,5.3097,6.285,1.0916,0.5098
2008-02-22,1.0864,1.0155,0.6745,106.98,1.2407,5.3171,6.2909,1.0856,0.5084
2008-02-25,1.0832,0.9982,0.6747,107.88,1.2373,5.3122,6.2909,1.0856,0.5084
2008-02-26,1.0762,0.9861,0.6716,107.73,1.2303,5.2933,6.2503,1.0849,0.5064
2008-02-27,1.0619,0.9776,0.6609,106.38,1.2232,5.1898,6.1643,1.0637,0.5019
2008-02-28,1.0567,0.9717,0.6591,105.64,1.2276,5.1899,6.1741,1.0533,0.503
2008-02-29,1.0672,0.9796,0.6585,104.19,1.2458,5.2061,6.1716,1.0435,0.5034
2008-03-03,1.0628,0.9867,0.6581,103.57,1.2392,5.1784,6.1562,1.0431,0.5038
2008-03-04,1.0838,0.9954,0.6575,102.67,1.2542,5.1707,6.1598,1.0354,0.5037
2008-03-05,1.0731,0.9897,0.6544,103.99,1.2495,5.1375,6.1232,1.0364,0.5015
2008-03-06,1.0733,0.9847,0.6512,103.1,1.2494,5.121,6.102,1.0291,0.4982
2008-03-07,1.0772,0.9916,0.6522,102.69,1.259,5.1637,6.1337,1.025,0.4968
2008-03-10,1.0897,0.9975,0.6507,101.8,1.2644,5.1449,6.1191,1.0192,0.4959
2008-03-11,1.0812,0.9953,0.6524,102.87,1.2508,5.1419,6.1279,1.0292,0.499
2008-03-12,1.0727,0.9895,0.6454,102.38,1.2402,5.1091,6.0762,1.0217,0.4948
2008-03-13,1.0626,0.9841,0.6417,100.58,1.2294,5.1066,6.0559,1.0116,0.4923
2008-03-14,1.0671,0.9867,0.6409,100.2,1.2271,5.1321,6.0541,1.0072,0.4928
2008-03-17,1.0889,0.9977,0.6343,96.88,1.2516,5.1153,6.0058,0.986,0.4998
2008-03-18,1.0786,0.9938,0.6336,98.23,1.2355,5.113,5.9863,0.9899,0.4947
2008-03-19,1.0853,1.0027,0.6393,99.34,1.2447,5.1457,6.0065,1.0006,0.5036
2008-03-20,1.1163,1.0265,0.6486,98.79,1.2689,5.278,6.1176,1.0107,0.5045
2008-03-21,1.1091,1.0239,0.6474,99.4,1.2626,5.2572,6.098,1.0085,0.5044
2008-03-24,1.1035,1.0203,0.6496,100.77,1.255,5.2778,6.1328,1.023,0.5037
2008-03-25,1.0946,1.0176,0.6412,100.07,1.2444,5.1824,6.0231,1.0088,0.5001
2008-03-26,1.0874,1.018,0.6345,99.12,1.2455,5.0919,5.9696,0.9955,0.4995
2008-03-27,1.0867,1.0146,0.633,99.87,1.2436,5.08,5.9498,0.9932,0.4976
2008-03-28,1.0884,1.018,0.6346,99.71,1.2528,5.1102,5.954,0.9981,0.5028
2008-03-31,1.0951,1.0275,0.6327,99.85,1.2723,5.0827,5.936,0.9921,0.5037
2008-04-01,1.1029,1.0268,0.6404,101.77,1.2798,5.1876,6.0079,1.0108,0.5057
2008-04-02,1.0948,1.0173,0.6403,102.77,1.265,5.1477,5.992,1.0148,0.5044
2008-04-03,1.0927,1.0079,0.6383,102.21,1.2718,5.1089,5.9678,1.0079,0.501
2008-04-04,1.0853,1.0088,0.6355,101.75,1.2684,5.0685,5.9543,1.0052,0.5013
2008-04-07,1.0783,1.0108,0.6364,102.62,1.255,5.0561,5.957,1.0144,0.5037
2008-04-08,1.0778,1.0151,0.6367,102.55,1.2552,5.0579,5.961,1.014,0.5079
2008-04-09,1.0772,1.0192,0.6328,101.83,1.256,5.0255,5.9338,1.0019,0.5069
2008-04-10,1.0725,1.0178,0.6352,101.71,1.2523,5.0448,5.962,1.0051,0.5065
2008-04-11,1.0764,1.0216,0.6331,101.09,1.2591,5.0283,5.9586,1.0016,0.5074
2008-04-14,1.0835,1.0207,0.6318,100.87,1.2697,5.011,5.94,0.9975,0.5046
2008-04-15,1.0817,1.0181,0.6329,101.33,1.2752,5.0054,5.9512,1.0019,0.5095
2008-04-16,1.0643,1.0021,0.6259,101.4,1.2641,4.9467,5.8751,0.9979,0.5062
2008-04-17,1.0672,1.0107,0.628,102.22,1.2687,4.9645,5.9066,1.0025,0.5023
2008-04-18,1.076,1.0084,0.6352,104.56,1.2706,5.0615,5.9732,1.0253,0.5009
2008-04-21,1.0618,1.0066,0.6297,103.38,1.2601,5.0052,5.8976,1.0121,0.5047
2008-04-22,1.0573,1.0033,0.6246,102.7,1.2533,4.9474,5.8346,1.0004,0.5002
2008-04-23,1.054,1.0194,0.629,103.55,1.2517,4.9934,5.873,1.0146,0.5054
2008-04-24,1.0644,1.0131,0.6382,104.2,1.2674,5.0895,5.946,1.0341,0.5072
2008-04-25,1.0718,1.0163,0.6396,104.17,1.2778,5.1119,5.9758,1.0335,0.5042
2008-04-28,1.0644,1.0158,0.6391,104.3,1.2708,5.0878,5.9758,1.0339,0.5023
2008-04-29,1.0699,1.0128,0.6409,103.4,1.2885,5.1236,5.9991,1.0329,0.5064
2008-04-30,1.0617,1.0092,0.6423,104.53,1.2804,5.1175,5.991,1.0422,0.5039
2008-05-01,1.0709,1.0187,0.6469,104.04,1.2868,5.1463,6.0513,1.0478,0.5064
2008-05-02,1.0677,1.0182,0.648,105.33,1.278,5.1243,6.0685,1.0562,0.5062
2008-05-05,1.0578,1.0125,0.6455,105.12,1.2728,5.0821,6.0386,1.0539,0.5082
2008-05-06,1.0547,1.0036,0.6432,104.54,1.2634,5.0479,6.0022,1.0485,0.5064
2008-05-07,1.0609,1.002,0.6506,105.28,1.278,5.123,6.0595,1.0583,0.5122
2008-05-08,1.0604,1.0149,0.649,103.87,1.2933,5.116,6.0295,1.051,0.5117
2008-05-09,1.0619,1.0062,0.6474,103.01,1.3041,5.0887,6.0035,1.0432,0.5132
2008-05-12,1.0563,1.0037,0.6437,103.83,1.2972,5.0367,5.9753,1.0443,0.5098
2008-05-13,1.0616,0.9996,0.6448,104.41,1.3023,5.0521,5.9924,1.049,0.5136
2008-05-14,1.0697,1.0018,0.6465,105.2,1.3115,5.0704,6.0158,1.0558,0.5141
2008-05-15,1.0621,0.9996,0.6455,104.61,1.3163,5.0712,6.0302,1.0531,0.5131
2008-05-16,1.0482,0.9966,0.6414,103.86,1.2923,5.0145,5.9696,1.0448,0.5107
2008-05-19,1.0491,0.9914,0.6445,104.55,1.2937,5.0305,5.9827,1.0545,0.5136
2008-05-20,1.0418,0.9928,0.6383,103.66,1.2888,4.9952,5.9288,1.0376,0.5075
2008-05-21,1.0369,0.984,0.634,103.34,1.2812,4.9861,5.9094,1.0297,0.5084
2008-05-22,1.0469,0.9861,0.6368,104.03,1.2744,5.0091,5.9313,1.0324,0.5054
2008-05-23,1.0408,0.9883,0.6336,103.22,1.2697,5.0093,5.8934,1.0235,0.5046
2008-05-27,1.043,0.9932,0.6357,103.98,1.2661,4.9945,5.9096,1.0284,0.5063
2008-05-28,1.0399,0.9913,0.6399,104.69,1.2755,5.0403,5.9784,1.0382,0.5049
2008-05-29,1.0477,0.9871,0.644,105.52,1.2847,5.0728,5.9965,1.048,0.5061
2008-05-30,1.047,0.9938,0.6427,105.46,1.2758,5.0872,5.9959,1.0426,0.5052
2008-06-02,1.0473,1.0011,0.6431,104.41,1.2739,5.117,6.026,1.0379,0.5085
2008-06-03,1.0477,1.0051,0.6471,105.29,1.276,5.1525,6.0382,1.0437,0.5089
2008-06-04,1.0411,1.0145,0.6471,104.99,1.2781,5.159,6.0405,1.0408,0.5116
2008-06-05,1.0453,1.0195,0.6427,106,1.3067,5.116,5.9867,1.0398,0.5112
2008-06-06,1.0413,1.0187,0.6357,105.33,1.3043,5.0327,5.9242,1.0237,0.5077
2008-06-09,1.0501,1.0223,0.6362,106.06,1.312,5.05,5.947,1.0237,0.5061
2008-06-10,1.0584,1.0241,0.6463,107.19,1.3319,5.1622,6.0457,1.0404,0.5117
2008-06-11,1.0541,1.017,0.6426,106.77,1.3221,5.1361,6.0168,1.0328,0.509
2008-06-12,1.0704,1.023,0.6486,107.94,1.333,5.21,6.088,1.0441,0.5137
2008-06-13,1.065,1.0282,0.6507,107.92,1.3326,5.238,6.0954,1.0485,0.5129
2008-06-16,1.0634,1.021,0.6463,108.19,1.3284,5.1813,6.0387,1.0435,0.5092
2008-06-17,1.0607,1.0201,0.6444,108.03,1.3261,5.1859,6.03,1.0428,0.5117
2008-06-18,1.0592,1.0186,0.6451,108.05,1.3224,5.1812,6.0506,1.0413,0.511
2008-06-19,1.0527,1.013,0.6451,107.95,1.3125,5.182,6.0588,1.0457,0.5069
2008-06-20,1.0482,1.0173,0.64,107.42,1.311,5.1433,6.0162,1.0345,0.5067
2008-06-23,1.0519,1.0161,0.6455,107.89,1.3221,5.1665,6.0654,1.0474,0.51
2008-06-24,1.0446,1.0135,0.6414,107.76,1.3168,5.1061,6.0363,1.0384,0.5074
2008-06-25,1.0482,1.0134,0.6423,108.29,1.3222,5.1072,6.0393,1.0424,0.5083
2008-06-26,1.0446,1.0121,0.6354,107.29,1.3212,5.0558,5.9777,1.0274,0.5032
2008-06-27,1.0406,1.012,0.635,106.28,1.312,5.0653,5.9813,1.0205,0.5016
2008-06-30,1.0458,1.0185,0.635,106.17,1.3142,5.0899,6.0208,1.0202,0.5024
2008-07-01,1.0488,1.022,0.6338,105.73,1.3215,5.0695,5.9874,1.0183,0.5018
2008-07-02,1.038,1.0127,0.6302,105.87,1.3129,5.0604,5.969,1.0151,0.5019
2008-07-03,1.0412,1.0204,0.6366,106.79,1.3221,5.0957,5.9876,1.0273,0.5044
2008-07-07,1.0492,1.0174,0.6391,107.55,1.3298,5.1008,6.0087,1.0328,0.5077
2008-07-08,1.049,1.0205,0.6389,107.35,1.3307,5.1357,6.028,1.0324,0.508
2008-07-09,1.0433,1.0108,0.6352,107.12,1.3137,5.1044,6.0026,1.0301,0.5047
2008-07-10,1.0394,1.0103,0.6341,107.03,1.3196,5.1137,5.9991,1.0282,0.5056
2008-07-11,1.0337,1.0093,0.629,106.14,1.3139,5.0649,5.956,1.0179,0.5026
2008-07-14,1.0287,1.006,0.6284,106.18,1.3094,5.0565,5.96,1.0162,0.5019
2008-07-15,1.0207,1.0015,0.628,104.78,1.2952,5.051,5.9611,1.0089,0.4991
2008-07-16,1.0245,1.002,0.631,104.64,1.2955,5.092,6.0066,1.0148,0.5001
2008-07-17,1.0256,1.0018,0.6305,105.82,1.3055,5.0734,5.9636,1.0197,0.4991
2008-07-18,1.028,1.0053,0.6307,106.75,1.3113,5.0802,5.9584,1.0207,0.5004
2008-07-21,1.0257,1.0019,0.6298,106.74,1.3161,5.0687,5.9532,1.0207,0.5005
2008-07-22,1.0293,1.0083,0.6325,107.11,1.3149,5.096,5.9905,1.0283,0.5015
2008-07-23,1.0378,1.0088,0.6366,107.68,1.3303,5.1548,6.0233,1.0372,0.4995
2008-07-24,1.0449,1.0114,0.6387,107.62,1.3483,5.1719,6.04,1.039,0.5042
2008-07-25,1.0458,1.0167,0.6375,107.89,1.3479,5.1427,6.0375,1.0386,0.503
2008-07-28,1.0448,1.022,0.635,107.49,1.3421,5.1289,6.0056,1.0332,0.5014
2008-07-29,1.0517,1.026,0.6415,108.19,1.358,5.1779,6.0793,1.0454,0.5049
2008-07-30,1.06,1.024,0.6427,108.17,1.3613,5.1562,6.0615,1.0484,0.5048
2008-07-31,1.0621,1.0261,0.6415,108.1,1.3624,5.1323,6.0532,1.0489,0.5049
2008-08-01,1.0733,1.0251,0.6424,107.59,1.3759,5.1374,6.078,1.048,0.5065
2008-08-04,1.0754,1.0355,0.6423,108.23,1.3708,5.136,6.0757,1.0492,0.51
2008-08-05,1.0921,1.0425,0.6465,108.2,1.378,5.1903,6.1048,1.0548,0.512
2008-08-06,1.1016,1.047,0.649,109.39,1.393,5.208,6.109,1.0602,0.5134
2008-08-07,1.1014,1.051,0.6518,109.44,1.3986,5.2134,6.1147,1.0617,0.5144
2008-08-08,1.1217,1.0677,0.6646,110.09,1.4184,5.348,6.2419,1.0801,0.521
2008-08-11,1.1275,1.0673,0.6685,110.08,1.4261,5.35,6.279,1.0828,0.5224
2008-08-12,1.1419,1.0641,0.6709,109.78,1.4308,5.3792,6.2987,1.088,0.5262
2008-08-13,1.1527,1.0658,0.6714,108.71,1.4353,5.389,6.2883,1.0855,0.5353
2008-08-14,1.1482,1.0621,0.6731,109.75,1.4296,5.3707,6.303,1.0911,0.5343
2008-08-15,1.1526,1.0609,0.6805,110.48,1.4174,5.4214,6.3661,1.096,0.5362
2008-08-18,1.1478,1.0603,0.6789,110.07,1.4037,5.4079,6.3458,1.0959,0.5355
2008-08-19,1.1481,1.0606,0.6782,109.68,1.4039,5.3911,6.3784,1.0927,0.536
2008-08-20,1.1478,1.0627,0.6802,109.98,1.4061,5.4084,6.387,1.1008,0.5375
2008-08-21,1.1383,1.0454,0.6723,108.35,1.3922,5.3281,6.2983,1.0862,0.5331
2008-08-22,1.1509,1.0456,0.6757,109.88,1.4073,5.3614,6.32,1.097,0.5393
2008-08-25,1.1526,1.0463,0.6755,109.11,1.4102,5.352,6.3244,1.0926,0.538
2008-08-26,1.1681,1.0486,0.6821,109.83,1.4351,5.409,6.3914,1.1004,0.5439
2008-08-27,1.1692,1.0483,0.681,109.72,1.4323,5.3835,6.408,1.1009,0.5459
2008-08-28,1.1604,1.0527,0.681,109.56,1.4247,5.3871,6.4212,1.0994,0.5475
2008-08-29,1.1678,1.0631,0.6817,108.69,1.4304,5.4241,6.4399,1.1019,0.5498
2008-09-02,1.1962,1.0698,0.6886,108.85,1.4573,5.4948,6.5066,1.107,0.5601
2008-09-03,1.1973,1.061,0.6902,108.18,1.4607,5.528,6.54,1.1055,0.562
2008-09-04,1.2051,1.064,0.6964,107.76,1.4719,5.5657,6.5897,1.1094,0.5653
2008-09-05,1.2335,1.0637,0.7006,106.96,1.5008,5.6066,6.6271,1.111,0.5654
2008-09-08,1.2268,1.0694,0.7079,107.91,1.4928,5.6719,6.7067,1.1306,0.57
2008-09-09,1.2375,1.0677,0.7056,107.1,1.4883,5.6755,6.7109,1.125,0.5659
2008-09-10,1.2444,1.0735,0.7133,107.86,1.5011,5.7416,6.7817,1.136,0.5699
2008-09-11,1.2534,1.0797,0.7174,106.66,1.5368,5.8295,6.8395,1.1395,0.5715
2008-09-12,1.224,1.0606,0.7056,107.51,1.5072,5.7256,6.7162,1.1335,0.5588
2008-09-15,1.2376,1.067,0.7055,105.67,1.5152,5.7794,6.7555,1.1194,0.5594
2008-09-16,1.2596,1.0737,0.7065,105.11,1.5188,5.8516,6.7932,1.1199,0.5617
2008-09-17,1.277,1.0788,0.7035,104.71,1.5291,5.9307,6.818,1.1208,0.5588
2008-09-18,1.2517,1.0696,0.6953,104.85,1.4885,5.7752,6.6796,1.0988,0.5499
2008-09-19,1.2066,1.0469,0.6952,107.18,1.4558,5.7074,6.6435,1.1107,0.5465
2008-09-22,1.1847,1.0383,0.6804,106.35,1.4411,5.5464,6.5123,1.0834,0.541
2008-09-23,1.1926,1.0355,0.6786,105.8,1.4599,5.5754,6.5391,1.0813,0.5389
2008-09-24,1.1953,1.0351,0.6824,106.03,1.4573,5.6212,6.6,1.0889,0.5405
2008-09-25,1.1962,1.0338,0.6829,106.48,1.4631,5.6408,6.5897,1.0883,0.5433
2008-09-26,1.206,1.0352,0.6851,106.06,1.4582,5.6583,6.635,1.089,0.5435
2008-09-29,1.2308,1.0393,0.6954,105.1,1.4745,5.798,6.7837,1.0964,0.5542
2008-09-30,1.2652,1.0597,0.7102,105.94,1.4948,5.889,6.9459,1.1189,0.5617
2008-10-01,1.2599,1.0607,0.7113,106.06,1.4738,5.8833,6.9107,1.1209,0.5617
2008-10-02,1.287,1.0769,0.7218,105.3,1.5051,5.977,7.0058,1.1339,0.5664
2008-10-03,1.2903,1.0815,0.7238,105.76,1.5092,5.9957,7.0341,1.1295,0.5637
2008-10-06,1.4008,1.1027,0.7403,101.26,1.5964,6.2428,7.2172,1.1456,0.5754
2008-10-07,1.3858,1.1055,0.7327,102.3,1.5718,6.1447,7.0776,1.1399,0.5684
2008-10-08,1.4948,1.1246,0.731,99.73,1.662,6.1485,7.0807,1.1272,0.5777
2008-10-09,1.4255,1.1483,0.7328,100.67,1.6205,6.1489,7.0828,1.1311,0.5806
2008-10-10,1.5312,1.19,0.7423,99.44,1.6779,6.2937,7.1693,1.1221,0.587
2008-10-14,1.4176,1.1599,0.7322,102.17,1.6008,6.2477,7.1399,1.1347,0.572
2008-10-15,1.4635,1.1804,0.7371,101.47,1.6171,6.3717,7.341,1.1346,0.5737
2008-10-16,1.4908,1.1953,0.7454,100.46,1.6388,6.5835,7.4486,1.1332,0.5799
2008-10-17,1.4478,1.182,0.7428,101.4,1.6252,6.5144,7.398,1.1339,0.5778
2008-10-20,1.4349,1.1977,0.7511,101.74,1.6142,6.621,7.4801,1.1511,0.5836
2008-10-21,1.4678,1.2208,0.7632,100.43,1.6335,6.8251,7.6665,1.1581,0.5939
2008-10-22,1.493,1.2496,0.7791,98.63,1.6844,7.068,7.8291,1.1656,0.6183
2008-10-23,1.5022,1.2573,0.7765,97.6,1.6972,6.9755,7.7268,1.1625,0.618
2008-10-24,1.6221,1.2735,0.7912,92.64,1.8054,6.8532,7.8615,1.1526,0.6398
2008-10-27,1.6466,1.2935,0.8035,93.28,1.8484,7.0261,8.0805,1.1581,0.6463
2008-10-28,1.5995,1.2942,0.8015,95.68,1.809,6.909,8.0404,1.1612,0.6414
2008-10-29,1.4963,1.2302,0.7781,97.48,1.7079,6.7077,7.6814,1.1371,0.6136
2008-10-30,1.4937,1.2229,0.7782,97.47,1.7015,6.6932,7.7044,1.145,0.6146
2008-10-31,1.5211,1.2158,0.7885,98.28,1.7197,6.7089,7.7816,1.1669,0.6186
2008-11-03,1.4656,1.1866,0.7862,98.95,1.6736,6.6857,7.74,1.1681,0.6307
2008-11-04,1.4276,1.1502,0.768,100.48,1.6327,6.593,7.5957,1.1627,0.6213
2008-11-05,1.4343,1.159,0.7669,98.95,1.6461,6.6858,7.6839,1.1606,0.619
2008-11-06,1.4728,1.1816,0.7839,98.04,1.6767,6.8572,7.8598,1.1745,0.6324
2008-11-07,1.4868,1.183,0.7827,98.15,1.6955,6.851,7.8538,1.1761,0.6334
2008-11-10,1.4804,1.1948,0.7837,97.96,1.7033,6.7969,7.8183,1.1784,0.6394
2008-11-12,1.5506,1.2296,0.7963,95.54,1.773,7.0577,8.0426,1.179,0.6661
2008-11-13,1.562,1.2311,0.7983,95.95,1.7979,7.0456,8.0239,1.1995,0.6757
2008-11-14,1.509,1.2241,0.7855,96.66,1.7781,6.8736,7.8552,1.187,0.6729
2008-11-17,1.5239,1.2213,0.7858,97.03,1.7854,6.9724,7.9335,1.1954,0.6653
2008-11-18,1.5209,1.2237,0.788,97.38,1.8018,6.9966,7.9931,1.1976,0.6648
2008-11-19,1.5382,1.237,0.794,96.75,1.8162,7.0089,8.1123,1.2103,0.6625
2008-11-20,1.6152,1.285,0.7984,94.98,1.8825,7.1412,8.2498,1.2197,0.6762
2008-11-21,1.599,1.2849,0.798,95.42,1.8822,7.2169,8.438,1.2237,0.6749
2008-11-24,1.5382,1.2246,0.7758,96.69,1.8278,6.958,8.045,1.1968,0.6589
2008-11-25,1.5413,1.2214,0.7675,95.53,1.8285,6.929,7.861,1.1863,0.6515
2008-11-26,1.5456,1.2338,0.7795,95.46,1.8208,7.0506,8.075,1.2064,0.6571
2008-11-28,1.5277,1.236,0.7878,95.46,1.8182,7.0021,8.1199,1.2165,0.6516
2008-12-01,1.5511,1.237,0.7915,93.71,1.8674,7.0855,8.2834,1.2076,0.6739
2008-12-02,1.5521,1.2422,0.7859,93.64,1.8801,7.0191,8.1561,1.2062,0.6689
2008-12-03,1.5427,1.2573,0.7893,93.25,1.8741,7.0938,8.1945,1.2142,0.6765
2008-12-04,1.5321,1.254,0.7788,92.78,1.858,7.0742,8.1949,1.1971,0.6761
2008-12-05,1.5765,1.2971,0.7903,92.18,1.9055,7.2848,8.4858,1.2238,0.6847
2008-12-08,1.5051,1.257,0.7727,92.77,1.8352,7.0518,8.0502,1.2036,0.6743
2008-12-09,1.5152,1.2602,0.773,92.44,1.8403,7.0615,8.1599,1.2062,0.6768
2008-12-10,1.5117,1.2553,0.7678,92.94,1.8258,7.0128,8.1049,1.1949,0.6743
2008-12-11,1.4751,1.2181,0.7522,91.96,1.7995,6.8937,7.9622,1.1872,0.6688
2008-12-12,1.5198,1.2453,0.7491,91.26,1.8355,6.9255,8.0778,1.1796,0.6723
2008-12-15,1.4896,1.235,0.7319,90.68,1.7999,6.8904,8.0302,1.159,0.6545
2008-12-16,1.476,1.2238,0.7241,89.98,1.7693,6.9767,8.0933,1.1406,0.6527
2008-12-17,1.4353,1.2058,0.6965,87.84,1.6972,6.6216,7.6754,1.0852,0.647
2008-12-18,1.4316,1.1962,0.6994,89.81,1.6846,6.7846,7.68,1.0775,0.6621
2008-12-19,1.4693,1.2273,0.7207,89.48,1.7367,7.084,7.8465,1.1105,0.6732
2008-12-22,1.4637,1.2188,0.7167,90.07,1.7416,7.0936,7.8612,1.0949,0.6754
2008-12-23,1.4697,1.216,0.716,90.57,1.764,7.1168,7.9736,1.0856,0.6775
2008-12-24,1.465,1.2125,0.7161,90.68,1.7406,7.1513,8.0357,1.0788,0.6815
2008-12-26,1.4676,1.2207,0.7111,90.65,1.7361,7.1438,8.0072,1.07,0.6803
2008-12-29,1.4388,1.2162,0.7026,90.2,1.7167,7.0047,7.7354,1.0414,0.6854
2008-12-30,1.448,1.2215,0.71,90.37,1.7331,7.003,7.7875,1.0567,0.6947
2008-12-31,1.432,1.224,0.7184,90.79,1.7197,6.9756,7.877,1.0673,0.684
2009-01-02,1.4118,1.2101,0.7171,91.12,1.7094,6.8773,7.7836,1.0685,0.6887
2009-01-05,1.3994,1.192,0.7366,93.2,1.7007,6.9639,7.9217,1.1077,0.6848
2009-01-06,1.3914,1.1822,0.7438,94.2,1.6821,6.9918,7.8715,1.1212,0.6767
2009-01-07,1.3866,1.185,0.729,92.7,1.665,6.851,7.7658,1.0941,0.6556
2009-01-08,1.4142,1.189,0.7292,91.15,1.6866,6.977,7.8404,1.0925,0.6583
2009-01-09,1.4158,1.192,0.741,90.25,1.6855,6.9949,7.9293,1.1096,0.6562
2009-01-12,1.4676,1.2075,0.7492,88.92,1.728,7.0107,8.0622,1.1139,0.6744
2009-01-13,1.4981,1.2255,0.7577,89.65,1.8106,7.141,8.2419,1.1212,0.6883
2009-01-14,1.506,1.2373,0.7591,89.28,1.842,7.2087,8.3951,1.1179,0.6841
2009-01-15,1.5249,1.2623,0.7637,89.59,1.885,7.1847,8.3587,1.1232,0.6848
2009-01-16,1.5015,1.254,0.7551,90.29,1.8467,6.9514,8.201,1.1177,0.6786
2009-01-20,1.5211,1.2604,0.7724,90.19,1.8965,7.1228,8.3929,1.1432,0.7131
2009-01-21,1.5396,1.2749,0.777,87.8,1.9175,6.984,8.3394,1.1473,0.7284
2009-01-22,1.5281,1.2624,0.7719,88.64,1.8993,6.968,8.2329,1.1538,0.7225
2009-01-23,1.5333,1.2478,0.7783,88.72,1.8975,6.9955,8.2494,1.1629,0.7322
2009-01-26,1.5129,1.22,0.762,89.25,1.8847,6.718,7.9832,1.1437,0.7163
2009-01-27,1.5147,1.2292,0.7599,88.99,1.8925,6.7894,8.0804,1.1388,0.7068
2009-01-28,1.4928,1.2096,0.7551,88.87,1.8709,6.6827,7.954,1.1442,0.6985
2009-01-29,1.5267,1.2187,0.7699,89.77,1.9376,6.8038,8.1204,1.1507,0.7012
2009-01-30,1.5674,1.2365,0.781,89.83,1.967,6.9158,8.3647,1.1612,0.6938
2009-02-02,1.5823,1.2408,0.7808,89.86,1.9897,7.0415,8.3831,1.164,0.7028
2009-02-03,1.5442,1.2334,0.7686,89.09,1.9558,6.9201,8.2575,1.1419,0.6947
2009-02-04,1.5387,1.2268,0.7778,89.53,1.9543,6.9149,8.2768,1.1579,0.691
2009-02-05,1.5293,1.2307,0.7789,91.01,1.9399,6.8297,8.2685,1.1654,0.6834
2009-02-06,1.4892,1.2388,0.7768,91.95,1.8868,6.7927,8.1745,1.1694,0.6768
2009-02-09,1.4633,1.219,0.7655,91.47,1.8376,6.6179,7.9905,1.1566,0.6695
2009-02-10,1.5177,1.2332,0.7712,90.65,1.8918,6.7063,8.1988,1.1535,0.6847
2009-02-11,1.527,1.2418,0.7756,90.66,1.9011,6.7646,8.3834,1.1599,0.696
2009-02-12,1.5368,1.2478,0.7799,90.55,1.922,6.8709,8.43,1.1634,0.7019
2009-02-13,1.5163,1.2435,0.7765,91.84,1.899,6.7705,8.35,1.1581,0.6934
2009-02-17,1.5659,1.2606,0.7955,92.17,1.9569,7.0329,8.8196,1.1744,0.703
2009-02-18,1.5662,1.2592,0.797,93.81,1.9581,7.0319,8.7568,1.1813,0.7025
2009-02-19,1.5504,1.259,0.789,94.09,1.952,6.8926,8.727,1.1742,0.699
2009-02-20,1.5579,1.2543,0.788,93.87,1.9708,6.8542,8.8018,1.1681,0.6977
2009-02-23,1.5489,1.2508,0.7845,94.63,1.96,6.827,8.7602,1.1633,0.6871
2009-02-24,1.5555,1.2468,0.7848,96.6,1.9612,6.8533,8.922,1.167,0.6941
2009-02-25,1.5442,1.2558,0.7855,97.33,1.9543,6.871,8.9177,1.1646,0.701
2009-02-26,1.53,1.2455,0.7835,98.55,1.9558,6.909,8.923,1.1647,0.6973
2009-02-27,1.5579,1.271,0.7898,97.74,1.9881,7.0474,9.024,1.1672,0.7005
2009-03-02,1.587,1.2891,0.7949,97.17,2.03,7.1486,9.1955,1.1723,0.7148
2009-03-03,1.5654,1.2937,0.7969,98.16,2.0194,7.2778,9.273,1.1755,0.7126
2009-03-04,1.5387,1.2768,0.7932,99.34,1.9763,7.0479,9.0759,1.1762,0.7071
2009-03-05,1.5605,1.2875,0.7959,98.32,1.994,7.0921,9.2863,1.1727,0.708
2009-03-06,1.5605,1.2865,0.789,97.88,1.9837,7.0612,9.2012,1.1525,0.7087
2009-03-09,1.5845,1.2995,0.7914,98.87,2.0296,7.0635,9.11,1.1634,0.7269
2009-03-10,1.5449,1.2796,0.7842,98.39,1.9877,6.9795,8.8852,1.154,0.7225
2009-03-11,1.5392,1.2808,0.7828,97.74,1.9747,6.938,8.7906,1.1585,0.7257
2009-03-12,1.5449,1.2909,0.7813,97.86,1.9455,6.9605,8.7407,1.1893,0.7241
2009-03-13,1.5207,1.2752,0.7757,98.04,1.9069,6.8437,8.6372,1.188,0.7157
2009-03-16,1.5126,1.2723,0.7694,98.17,1.8797,6.7682,8.4445,1.1819,0.7097
2009-03-17,1.5172,1.2717,0.7709,98.85,1.8925,6.7717,8.5039,1.1826,0.7134
2009-03-18,1.5177,1.2715,0.7628,98.08,1.8921,6.7332,8.3778,1.1667,0.7156
2009-03-19,1.4436,1.2336,0.7283,93.85,1.7832,6.313,7.9558,1.1184,0.6857
2009-03-20,1.451,1.237,0.7371,96.18,1.7841,6.3795,8.1644,1.1243,0.6928
2009-03-23,1.4298,1.2322,0.737,97.3,1.7562,6.3271,8.047,1.129,0.6898
2009-03-24,1.4251,1.2263,0.7394,97.86,1.7596,6.3512,8.0927,1.1285,0.6789
2009-03-25,1.4267,1.2245,0.7386,97.7,1.7581,6.5093,8.07,1.1239,0.6856
2009-03-26,1.4241,1.2327,0.7375,98.47,1.7256,6.507,8.0113,1.1272,0.6898
2009-03-27,1.4397,1.2392,0.7515,97.99,1.7504,6.6407,8.1513,1.1435,0.6981
2009-03-30,1.4732,1.2582,0.7607,97.44,1.7797,6.8243,8.3327,1.1532,0.7068
2009-03-31,1.444,1.2606,0.7541,99.15,1.7569,6.7437,8.2522,1.1395,0.6993
2009-04-01,1.4407,1.264,0.7563,98.93,1.7746,6.7311,8.2182,1.1465,0.6943
2009-04-02,1.3949,1.238,0.7431,99.48,1.7188,6.5398,8.0222,1.1349,0.6803
2009-04-03,1.4079,1.2335,0.7437,99.94,1.7241,6.5469,7.9945,1.1321,0.6756
2009-04-06,1.4083,1.2427,0.7483,100.65,1.7033,6.5893,8.0541,1.1388,0.6797
2009-04-07,1.3966,1.2339,0.7529,100.71,1.7247,6.672,8.169,1.1443,0.6782
2009-04-08,1.4065,1.2353,0.7526,99.95,1.728,6.6627,8.2267,1.1459,0.6806
2009-04-09,1.3951,1.2273,0.7605,100.43,1.7218,6.6734,8.3114,1.1583,0.6839
2009-04-10,1.391,1.2273,0.7609,100.3,1.7156,6.6775,8.271,1.1575,0.6833
2009-04-13,1.3721,1.221,0.7488,100.12,1.6989,6.5787,8.1683,1.1356,0.6743
2009-04-14,1.3725,1.2093,0.7532,99.08,1.7074,6.604,8.1536,1.1387,0.6708
2009-04-15,1.3835,1.204,0.7586,99.37,1.7364,6.7311,8.309,1.1453,0.6671
2009-04-16,1.3887,1.2062,0.7577,99.29,1.7516,6.6698,8.308,1.1471,0.6707
2009-04-17,1.3881,1.2146,0.7675,99.21,1.7624,6.6945,8.4525,1.1674,0.6767
2009-04-20,1.4245,1.2338,0.775,98.29,1.7989,6.838,8.6763,1.1713,0.6881
2009-04-21,1.4094,1.2373,0.7705,98.6,1.7768,6.777,8.5214,1.1654,0.6808
2009-04-22,1.4067,1.2361,0.7685,98.14,1.7889,6.7118,8.4171,1.1634,0.6898
2009-04-23,1.4075,1.2291,0.7664,97.88,1.7924,6.6456,8.3676,1.1581,0.6833
2009-04-24,1.385,1.2095,0.7532,97.08,1.7476,6.5504,8.083,1.1368,0.6804
2009-04-27,1.3972,1.2106,0.7613,96.57,1.7562,6.6989,8.1212,1.1472,0.6813
2009-04-28,1.4198,1.2238,0.7656,96.49,1.7889,6.724,8.2068,1.1517,0.6846
2009-04-29,1.3759,1.2008,0.7505,96.97,1.7364,6.5425,8.0143,1.1309,0.6756
2009-04-30,1.3667,1.1939,0.7551,98.76,1.7559,6.567,7.9882,1.1402,0.6757
2009-05-01,1.3717,1.1868,0.7537,99.24,1.7584,6.5461,8.0405,1.1364,0.672
2009-05-04,1.3535,1.1779,0.7482,99.12,1.7422,6.5,7.9155,1.1289,0.6673
2009-05-05,1.3448,1.1758,0.7477,98.76,1.7179,6.5275,7.9285,1.1297,0.6623
2009-05-06,1.3392,1.1726,0.7511,98.6,1.7167,6.5268,7.9318,1.1313,0.6639
2009-05-07,1.3194,1.1714,0.7457,99,1.6773,6.4737,7.8438,1.1278,0.6658
2009-05-08,1.3142,1.158,0.7411,99.01,1.6711,6.414,7.7426,1.1202,0.6627
2009-05-11,1.3134,1.1591,0.7342,97.45,1.6496,6.4163,7.7638,1.1067,0.6603
2009-05-12,1.3098,1.1671,0.7332,96.59,1.6556,6.4685,7.8138,1.1052,0.6562
2009-05-13,1.321,1.1686,0.7346,95.75,1.6815,6.5121,7.8751,1.1061,0.6594
2009-05-14,1.3205,1.1726,0.7349,95.62,1.6824,6.4851,7.8492,1.106,0.6581
2009-05-15,1.3287,1.1756,0.7386,94.89,1.701,6.516,7.8593,1.1132,0.6569
2009-05-18,1.3165,1.1656,0.7406,96.05,1.692,6.4899,7.7879,1.1181,0.6532
2009-05-19,1.2918,1.1567,0.7349,96.1,1.66,6.4588,7.6954,1.1121,0.6451
2009-05-20,1.287,1.1434,0.7265,95.16,1.6407,6.4046,7.5764,1.1022,0.6382
2009-05-21,1.2915,1.1412,0.7244,94.97,1.6504,6.421,7.58,1.101,0.6344
2009-05-22,1.2734,1.1234,0.714,94.45,1.609,6.3325,7.4613,1.0847,0.6292
2009-05-26,1.2752,1.1199,0.7147,94.81,1.6075,6.3784,7.56,1.0833,0.6274
2009-05-27,1.27,1.112,0.7182,95.01,1.6051,6.399,7.651,1.0861,0.6224
2009-05-28,1.2721,1.1123,0.7169,96.76,1.5977,6.4237,7.7053,1.0838,0.6267
2009-05-29,1.2511,1.0957,0.7079,95.55,1.5699,6.3139,7.6222,1.0692,0.6188
2009-06-01,1.2344,1.087,0.7046,96.53,1.5363,6.1871,7.3909,1.0688,0.608
2009-06-02,1.2204,1.0828,0.7008,95.72,1.5265,6.1904,7.5082,1.0624,0.6055
2009-06-03,1.2341,1.0973,0.7045,95.72,1.5632,6.321,7.6554,1.0684,0.6096
2009-06-04,1.2516,1.0997,0.7049,96.37,1.5835,6.2891,7.645,1.0679,0.6183
2009-06-05,1.2481,1.1144,0.7148,98.18,1.5803,6.3985,7.7682,1.0852,0.6243
2009-06-08,1.2737,1.1228,0.7203,98.56,1.6186,6.455,7.8522,1.0929,0.6259
2009-06-09,1.2531,1.1042,0.7136,97.6,1.601,6.3497,7.7081,1.0822,0.6147
2009-06-10,1.2433,1.11,0.7152,98.13,1.5886,6.3835,7.6875,1.0816,0.6122
2009-06-11,1.2203,1.0977,0.7096,97.83,1.5492,6.3332,7.653,1.0721,0.6043
2009-06-12,1.2297,1.117,0.7123,98.17,1.5557,6.3242,7.6455,1.0756,0.6052
2009-06-15,1.2626,1.1338,0.7255,98.03,1.5898,6.4836,7.8927,1.0942,0.6147
2009-06-16,1.25,1.1325,0.7206,96.26,1.576,6.4235,7.8283,1.0853,0.6081
2009-06-17,1.2679,1.1371,0.722,95.65,1.5911,6.413,7.9365,1.087,0.6138
2009-06-18,1.2441,1.1273,0.7154,96.36,1.5535,6.3672,7.8621,1.0827,0.6109
2009-06-19,1.2329,1.1287,0.7144,96.15,1.5442,6.3613,7.852,1.0773,0.6047
2009-06-22,1.2665,1.1547,0.7222,95.9,1.5833,6.5572,8.0137,1.0875,0.6119
2009-06-23,1.2657,1.1557,0.7125,95.32,1.5711,6.5005,7.9354,1.0707,0.6118
2009-06-24,1.2456,1.1462,0.7135,95.38,1.5482,6.4408,7.847,1.0842,0.6066
2009-06-25,1.2516,1.1576,0.7167,96.21,1.5552,6.5102,7.9478,1.096,0.6121
2009-06-26,1.2418,1.1527,0.7114,95.19,1.5516,6.4654,7.7879,1.0856,0.6061
2009-06-29,1.2398,1.158,0.7113,95.84,1.5375,6.4233,7.7293,1.0849,0.6049
2009-06-30,1.2415,1.1626,0.7133,96.42,1.5511,6.4354,7.7282,1.0867,0.6078
2009-07-01,1.2338,1.1446,0.7049,96.41,1.5499,6.3161,7.5568,1.072,0.6052
2009-07-02,1.2582,1.16,0.7134,95.9,1.5886,6.4055,7.7574,1.0836,0.6098
2009-07-03,1.2522,1.1625,0.7147,95.95,1.5858,6.4122,7.7717,1.0863,0.6121
2009-07-06,1.2623,1.1608,0.7175,95,1.587,6.4983,7.8508,1.0877,0.6161
2009-07-07,1.2558,1.163,0.7161,95.11,1.5741,6.4887,7.8957,1.0858,0.6189
2009-07-08,1.2853,1.165,0.7219,92.9,1.6021,6.5769,8.001,1.0923,0.6239
2009-07-09,1.2765,1.1623,0.713,92.79,1.5865,6.483,7.846,1.0773,0.6135
2009-07-10,1.2902,1.1649,0.7181,92.33,1.5977,6.5294,7.9575,1.0856,0.6179
2009-07-13,1.2809,1.1541,0.7157,92.74,1.5848,6.5014,7.898,1.0842,0.6181
2009-07-14,1.2666,1.1401,0.7158,93.03,1.5741,6.4827,7.8795,1.085,0.6137
2009-07-15,1.2436,1.1192,0.7084,94.09,1.5399,6.3682,7.7686,1.0746,0.6083
2009-07-16,1.247,1.1172,0.7085,93.59,1.5516,6.389,7.8092,1.0755,0.6091
2009-07-17,1.248,1.1168,0.7082,94.08,1.5547,6.3911,7.8307,1.0766,0.6124
2009-07-20,1.2299,1.1065,0.7037,94.52,1.5265,6.3265,7.7651,1.0688,0.6063
2009-07-21,1.2311,1.1077,0.7044,93.36,1.5279,6.3025,7.6527,1.0677,0.6091
2009-07-22,1.2253,1.098,0.7032,93.77,1.5211,6.297,7.602,1.0659,0.6083
2009-07-23,1.2186,1.0867,0.701,94.75,1.5119,6.2363,7.4414,1.0667,0.6038
2009-07-24,1.2252,1.0843,0.7036,94.86,1.5221,6.2353,7.4597,1.0701,0.6086
2009-07-27,1.2177,1.0833,0.7036,95.32,1.5265,6.1952,7.4307,1.0729,0.6066
2009-07-28,1.2067,1.0802,0.7035,94.6,1.517,6.162,7.4328,1.0704,0.6069
2009-07-29,1.2249,1.0881,0.7126,95.13,1.5288,6.2621,7.5021,1.0882,0.6105
2009-07-30,1.2089,1.0814,0.7109,95.67,1.5312,6.2274,7.4131,1.0894,0.6067
2009-07-31,1.1992,1.0791,0.7003,94.54,1.514,6.1147,7.2171,1.0668,0.5983
2009-08-03,1.1865,1.065,0.6937,95.23,1.4963,6.012,7.0895,1.0578,0.5898
2009-08-04,1.1874,1.0685,0.6944,95.41,1.499,6.0411,7.1522,1.0605,0.5906
2009-08-05,1.1927,1.0722,0.6949,94.98,1.4877,6.0264,7.1521,1.063,0.589
2009-08-06,1.1909,1.076,0.6965,95.56,1.4903,6.0454,7.1478,1.0658,0.5962
2009-08-07,1.1946,1.0838,0.7052,97.65,1.4872,6.1236,7.1771,1.0826,0.5999
2009-08-10,1.1937,1.0848,0.7071,97.23,1.4802,6.192,7.258,1.0855,0.6065
2009-08-11,1.2054,1.0987,0.7072,95.94,1.4957,6.2431,7.3336,1.0825,0.606
2009-08-12,1.2,1.0875,0.7035,96.16,1.487,6.1007,7.1957,1.0765,0.6047
2009-08-13,1.191,1.0881,0.7001,95.46,1.4756,6.0387,7.1441,1.0715,0.6031
2009-08-14,1.2015,1.0973,0.7034,94.64,1.4758,6.0768,7.1899,1.0719,0.605
2009-08-17,1.2145,1.1077,0.7098,94.33,1.4959,6.1835,7.2829,1.0787,0.6126
2009-08-18,1.2194,1.1097,0.7105,94.72,1.4896,6.1695,7.2798,1.0795,0.6091
2009-08-19,1.2058,1.0968,0.7012,93.87,1.4819,6.0481,7.1776,1.063,0.604
2009-08-20,1.2037,1.0902,0.7025,94.12,1.4802,6.0287,7.1599,1.0659,0.6063
2009-08-21,1.1977,1.0799,0.6991,94.6,1.4643,6.0054,7.0257,1.0613,0.606
2009-08-24,1.1895,1.074,0.6983,94.47,1.4526,5.989,7.0353,1.0606,0.6091
2009-08-25,1.1888,1.0727,0.6969,94.28,1.4514,6.0022,7.0303,1.0575,0.6086
2009-08-26,1.2088,1.0988,0.7027,94.25,1.471,6.0784,7.1331,1.0697,0.616
2009-08-27,1.1969,1.0961,0.7007,93.57,1.4652,6.0724,7.1411,1.0667,0.6168
2009-08-28,1.1869,1.0875,0.6965,93.55,1.4558,5.9981,7.0634,1.056,0.6123
2009-08-31,1.185,1.0967,0.6967,92.82,1.4586,6.0051,7.1105,1.0569,0.613
2009-09-01,1.2039,1.1028,0.7025,93.09,1.4719,6.0686,7.247,1.0653,0.6185
2009-09-02,1.2015,1.106,0.702,92.43,1.4879,6.0806,7.2175,1.0628,0.6147
2009-09-03,1.1896,1.1034,0.7004,92.54,1.4734,6.0386,7.2209,1.0598,0.6115
2009-09-04,1.1786,1.0894,0.7004,92.75,1.4573,6.0285,7.1847,1.0613,0.6106
2009-09-08,1.1579,1.0762,0.6898,92.21,1.4353,5.9166,7.0361,1.0463,0.6056
2009-09-09,1.1575,1.0783,0.6862,91.85,1.4345,5.886,7.0019,1.0403,0.604
2009-09-10,1.1633,1.0811,0.6864,91.86,1.432,5.9578,7.0359,1.0396,0.6006
2009-09-11,1.1562,1.0742,0.6856,90.3,1.4126,5.915,6.999,1.0373,0.599
2009-09-14,1.1623,1.0859,0.6843,90.85,1.4286,5.933,7.0006,1.0359,0.6028
2009-09-15,1.1624,1.076,0.6841,90.95,1.4247,5.9071,6.98,1.0374,0.6084
2009-09-16,1.1463,1.0662,0.6804,91,1.4023,5.8587,6.8865,1.0328,0.606
2009-09-17,1.1453,1.0615,0.6787,91.15,1.4059,5.8486,6.8629,1.029,0.6053
2009-09-18,1.1537,1.0721,0.6801,91.31,1.4102,5.8697,6.8657,1.0293,0.6148
2009-09-21,1.1579,1.0775,0.6806,91.87,1.4136,5.9069,6.9102,1.0317,0.6162
2009-09-22,1.1447,1.0683,0.6759,91.08,1.3852,5.8311,6.8049,1.0237,0.6105
2009-09-23,1.1465,1.0722,0.6779,91.45,1.3835,5.7984,6.844,1.0259,0.6096
2009-09-24,1.1513,1.0864,0.6805,91.16,1.3883,5.8105,6.8983,1.0279,0.6224
2009-09-25,1.1554,1.0918,0.6811,89.83,1.3951,5.8071,6.9364,1.0277,0.6263
2009-09-28,1.145,1.086,0.6826,89.34,1.3912,5.8172,6.9445,1.0301,0.6285
2009-09-29,1.1493,1.0872,0.6871,90.26,1.3998,5.856,7.0238,1.0385,0.628
2009-09-30,1.1333,1.0719,0.6835,89.49,1.3826,5.7773,6.9751,1.0375,0.6248
2009-10-01,1.1455,1.0773,0.6881,89.73,1.3951,5.8251,7.0413,1.0424,0.627
2009-10-02,1.1553,1.0843,0.6854,89.62,1.3957,5.8094,7.0376,1.0345,0.6298
2009-10-05,1.14,1.0755,0.6827,89.56,1.3774,5.7558,7.0424,1.0322,0.6279
2009-10-06,1.1221,1.057,0.6782,88.77,1.3578,5.6758,6.9284,1.0248,0.6288
2009-10-07,1.1264,1.0619,0.6814,88.76,1.3644,5.7048,7.0324,1.0333,0.629
2009-10-08,1.1023,1.0533,0.6767,88.44,1.3444,5.6444,6.9569,1.027,0.6215
2009-10-09,1.1069,1.0425,0.6796,89.69,1.3656,5.6469,7.0129,1.0316,0.6291
2009-10-13,1.102,1.0297,0.6739,89.71,1.3598,5.6213,6.9718,1.023,0.6291
2009-10-14,1.0949,1.0289,0.6712,89.44,1.3557,5.5627,6.9198,1.0172,0.626
2009-10-15,1.0865,1.0304,0.6691,90.39,1.3417,5.5588,6.9211,1.0136,0.6154
2009-10-16,1.0919,1.0389,0.6716,90.73,1.3521,5.6342,6.9708,1.0188,0.6116
2009-10-19,1.0792,1.0307,0.669,90.72,1.328,5.5657,6.9316,1.013,0.6098
2009-10-20,1.0859,1.0494,0.6709,90.83,1.3407,5.611,6.9653,1.0144,0.6105
2009-10-21,1.0782,1.0413,0.6663,91.04,1.3221,5.5369,6.8283,1.0064,0.602
2009-10-22,1.0842,1.0476,0.6665,91.42,1.3261,5.5426,6.85,1.0069,0.6026
2009-10-23,1.0805,1.0507,0.6654,91.88,1.3215,5.5413,6.7908,1.007,0.6116
2009-10-26,1.087,1.0618,0.6693,91.96,1.3342,5.5925,6.8213,1.0136,0.6116
2009-10-27,1.0913,1.0644,0.6747,92.04,1.3412,5.6433,6.9552,1.0218,0.6122
2009-10-28,1.1095,1.0757,0.6774,91.07,1.3665,5.6854,7.0426,1.0232,0.6107
2009-10-29,1.0937,1.0702,0.6748,91.41,1.3659,5.6451,6.9834,1.0194,0.6039
2009-10-30,1.1064,1.0767,0.6777,90.5,1.3831,5.695,7.0508,1.0238,0.6068
2009-11-02,1.101,1.0742,0.6744,90.56,1.3841,5.6982,6.9971,1.0177,0.6094
2009-11-03,1.113,1.0701,0.6822,90.3,1.3931,5.7989,7.136,1.0306,0.6104
2009-11-04,1.1005,1.0644,0.674,90.96,1.3793,5.6865,7.0337,1.0183,0.6035
2009-11-05,1.101,1.0649,0.6731,90.45,1.391,5.6814,7.0082,1.017,0.6037
2009-11-06,1.0912,1.0717,0.6741,89.86,1.3806,5.6958,7.0057,1.0182,0.6029
2009-11-09,1.0761,1.0563,0.6667,89.92,1.3488,5.5887,6.8494,1.0077,0.5981
2009-11-10,1.0778,1.0516,0.6684,89.82,1.3497,5.5973,6.8445,1.0092,0.5995
2009-11-12,1.0813,1.0513,0.6727,90.4,1.3631,5.6504,6.8911,1.0164,0.6045
2009-11-13,1.074,1.05,0.6718,89.55,1.3481,5.617,6.8414,1.0141,0.6003
2009-11-16,1.0673,1.0458,0.6677,89.28,1.3387,5.5575,6.795,1.0075,0.5954
2009-11-17,1.0794,1.0589,0.6743,89.41,1.3459,5.6229,6.8955,1.0192,0.5964
2009-11-18,1.075,1.0496,0.6671,89.36,1.3396,5.575,6.8181,1.008,0.5968
2009-11-19,1.0886,1.0634,0.6709,88.95,1.368,5.6377,6.8934,1.0149,0.6003
2009-11-20,1.0923,1.0698,0.6725,88.9,1.3789,5.6476,6.9339,1.0177,0.605
2009-11-23,1.0814,1.055,0.6681,89.14,1.362,5.587,6.8805,1.0097,0.6024
2009-11-24,1.0906,1.0608,0.6695,88.58,1.3816,5.6379,6.9468,1.0116,0.6032
2009-11-25,1.0774,1.0499,0.6629,87.65,1.371,5.576,6.8755,1.0004,0.5998
2009-11-27,1.1002,1.062,0.6683,86.87,1.4059,5.6677,6.9699,1.0063,0.6063
2009-11-30,1.0937,1.057,0.6669,86.12,1.3984,5.6928,6.9919,1.005,0.6094
2009-12-01,1.0812,1.043,0.6623,86.62,1.3727,5.6159,6.9053,0.9984,0.6015
2009-12-02,1.0797,1.0465,0.6641,87.13,1.3818,5.6076,6.8723,1.0006,0.6009
2009-12-03,1.0793,1.0539,0.6631,88.2,1.3826,5.6122,6.8419,0.9995,0.6032
2009-12-04,1.093,1.0515,0.6718,89.87,1.3949,5.678,6.9687,1.0136,0.6055
2009-12-07,1.0953,1.0508,0.6748,89.44,1.4025,5.7174,7.0461,1.0199,0.6087
2009-12-08,1.101,1.0599,0.6784,88.41,1.4077,5.7639,7.1127,1.0245,0.6134
2009-12-09,1.1017,1.055,0.6791,87.83,1.4035,5.7741,7.1179,1.0262,0.6157
2009-12-10,1.0913,1.0518,0.6795,88.2,1.3708,5.7564,7.0942,1.027,0.6151
2009-12-11,1.0975,1.0583,0.6849,89.23,1.3814,5.7804,7.1362,1.0356,0.6159
2009-12-14,1.0922,1.059,0.6828,88.65,1.3719,5.7827,7.1005,1.0321,0.6141
2009-12-15,1.103,1.0622,0.689,89.91,1.3854,5.8208,7.1829,1.0421,0.616
2009-12-16,1.1094,1.0579,0.686,89.52,1.3845,5.7491,7.1623,1.0355,0.6109
2009-12-17,1.1293,1.0713,0.6985,90.35,1.4086,5.8899,7.3008,1.0491,0.6198
2009-12-18,1.1279,1.0679,0.7002,90.47,1.4104,5.8522,7.2923,1.0452,0.6218
2009-12-21,1.1321,1.0592,0.6984,90.95,1.4108,5.8544,7.2702,1.0441,0.6218
2009-12-22,1.1393,1.0555,0.7021,91.67,1.4239,5.8823,7.3322,1.0486,0.6267
2009-12-23,1.1349,1.0476,0.6973,91.52,1.417,5.8238,7.2793,1.038,0.6268
2009-12-24,1.1328,1.0485,0.696,91.69,1.4184,5.8145,7.2892,1.0369,0.6273
2009-12-28,1.1268,1.043,0.6948,91.57,1.4106,5.7864,7.2141,1.0341,0.625
2009-12-29,1.115,1.04,0.6966,91.95,1.3893,5.805,7.201,1.0365,0.6292
2009-12-30,1.1179,1.0523,0.6985,92.66,1.3864,5.8015,7.171,1.0391,0.6231
2009-12-31,1.1137,1.0461,0.6977,93.08,1.3784,5.7899,7.1532,1.0358,0.6185
2010-01-04,1.0949,1.0377,0.6935,92.55,1.3648,5.7113,7.0633,1.0294,0.6208
2010-01-05,1.0937,1.0371,0.6943,91.48,1.3592,5.6986,7.0919,1.0322,0.6246
2010-01-06,1.0883,1.0333,0.6943,92.53,1.3596,5.6805,7.0744,1.0282,0.6244
2010-01-07,1.0908,1.0351,0.6986,93.31,1.3652,5.7118,7.1251,1.0341,0.6285
2010-01-08,1.0848,1.0345,0.6965,92.7,1.3628,5.6868,7.1185,1.0296,0.6253
2010-01-11,1.0758,1.0317,0.6879,91.9,1.3472,5.6162,7.0242,1.0154,0.6193
2010-01-12,1.082,1.0374,0.6886,90.95,1.3484,5.6341,7.0409,1.016,0.618
2010-01-13,1.084,1.0319,0.69,91.38,1.3524,5.6445,7.0453,1.0194,0.6139
2010-01-14,1.0746,1.026,0.6907,91.03,1.3468,5.6354,7.0217,1.0206,0.6127
2010-01-15,1.083,1.0287,0.6956,90.79,1.355,5.6816,7.0611,1.0264,0.6158
2010-01-19,1.0832,1.0325,0.7008,91.13,1.3548,5.7059,7.0926,1.034,0.6109
2010-01-20,1.1007,1.0477,0.7095,91.23,1.3899,5.7772,7.1896,1.0453,0.614
2010-01-21,1.1046,1.0483,0.7089,90.25,1.4002,5.7878,7.2175,1.0426,0.6168
2010-01-22,1.105,1.0561,0.7065,90.07,1.4025,5.7904,7.2227,1.04,0.6203
2010-01-25,1.1074,1.0582,0.7069,90.12,1.4,5.8156,7.2387,1.0403,0.6159
2010-01-26,1.1174,1.0669,0.7111,89.63,1.4205,5.8625,7.3075,1.0466,0.6208
2010-01-27,1.1152,1.0657,0.7116,89.41,1.4144,5.8539,7.2952,1.0472,0.6171
2010-01-28,1.1082,1.0584,0.7146,90.08,1.4047,5.8499,7.2992,1.0517,0.6157
2010-01-29,1.127,1.0652,0.721,90.38,1.4192,5.9201,7.3852,1.0557,0.6246
2010-02-01,1.1265,1.0651,0.7192,90.8,1.4152,5.8786,7.2766,1.0586,0.628
2010-02-02,1.1308,1.0607,0.7166,90.39,1.4053,5.8383,7.2426,1.0557,0.6263
2010-02-03,1.134,1.0608,0.7191,91.11,1.4126,5.8601,7.267,1.059,0.6283
2010-02-04,1.1566,1.0735,0.7268,89.11,1.455,5.9539,7.3958,1.0655,0.6344
2010-02-05,1.1605,1.0727,0.7349,89.25,1.462,6.0166,7.4777,1.0779,0.6402
2010-02-08,1.1504,1.0692,0.73,89.32,1.4539,5.9418,7.402,1.0696,0.639
2010-02-09,1.14,1.069,0.7249,89.45,1.4409,5.9068,7.328,1.0641,0.6378
2010-02-10,1.1442,1.0667,0.7288,89.88,1.4447,5.9124,7.3148,1.0682,0.6408
2010-02-11,1.1254,1.0522,0.7331,89.82,1.4286,5.9192,7.2718,1.0747,0.638
2010-02-12,1.1313,1.0529,0.7339,90,1.4388,5.9135,7.2563,1.0767,0.6382
2010-02-16,1.1119,1.0427,0.7277,90.46,1.4186,5.8521,7.1868,1.0681,0.6356
2010-02-17,1.1119,1.0455,0.7341,90.79,1.4201,5.8851,7.2038,1.0768,0.6368
2010-02-18,1.1147,1.045,0.7373,91.43,1.4253,5.953,7.2189,1.0806,0.6418
2010-02-19,1.1168,1.0419,0.7387,91.94,1.437,5.9667,7.2483,1.0824,0.6478
2010-02-22,1.1119,1.0428,0.7358,91.11,1.4265,5.9096,7.2035,1.0773,0.6461
2010-02-23,1.1192,1.0517,0.7387,90.04,1.4388,5.9334,7.2477,1.0818,0.6467
2010-02-24,1.1184,1.0551,0.7366,90.06,1.442,5.9203,7.2038,1.0779,0.648
2010-02-25,1.1349,1.0675,0.7421,88.85,1.4575,5.9843,7.2505,1.0858,0.6579
2010-02-26,1.1159,1.052,0.7321,88.84,1.4286,5.8992,7.101,1.0711,0.6562
2010-03-01,1.111,1.0421,0.7399,89.28,1.4304,5.9508,7.2029,1.0827,0.6678
2010-03-02,1.1058,1.0325,0.7372,88.95,1.4364,5.945,7.183,1.079,0.6693
2010-03-03,1.1017,1.0286,0.7283,88.43,1.4391,5.8582,7.1208,1.0652,0.6612
2010-03-04,1.1115,1.0307,0.7369,89.02,1.4545,5.9384,7.1651,1.078,0.6653
2010-03-05,1.1031,1.0284,0.7349,90.32,1.4384,5.899,7.1213,1.0751,0.6616
2010-03-08,1.1008,1.0286,0.7346,90.3,1.431,5.9038,7.1164,1.0744,0.664
2010-03-09,1.0943,1.0249,0.7361,89.89,1.4231,5.903,7.1461,1.0765,0.6665
2010-03-10,1.0905,1.0241,0.7322,90.62,1.4126,5.8627,7.1204,1.0702,0.6677
2010-03-11,1.0929,1.0262,0.7313,90.6,1.4294,5.8689,7.1125,1.0689,0.6644
2010-03-12,1.0927,1.0187,0.7271,90.46,1.4273,5.8342,7.0597,1.0599,0.6584
2010-03-15,1.0969,1.0216,0.7325,90.45,1.4288,5.8733,7.131,1.0635,0.6648
2010-03-16,1.0931,1.0147,0.7268,90.43,1.4138,5.8227,7.0615,1.0556,0.6582
2010-03-17,1.084,1.011,0.7279,90.42,1.3966,5.8176,7.072,1.0551,0.6538
2010-03-18,1.0868,1.0139,0.7351,90.46,1.4015,5.8837,7.1427,1.063,0.6559
2010-03-19,1.0912,1.0153,0.7391,90.5,1.4102,5.8902,7.1579,1.0615,0.666
2010-03-22,1.0924,1.0193,0.739,90.02,1.4176,5.9517,7.2042,1.058,0.6635
2010-03-23,1.0886,1.0176,0.7388,90.24,1.415,5.9315,7.1703,1.0561,0.6637
2010-03-24,1.1001,1.0268,0.7492,91.89,1.4239,6.0249,7.2628,1.0692,0.6705
2010-03-25,1.0966,1.0188,0.7494,92.69,1.4114,6.0594,7.2201,1.0697,0.6719
2010-03-26,1.106,1.0283,0.7464,92.56,1.4213,6.0366,7.2525,1.0662,0.6709
2010-03-29,1.0927,1.0201,0.7427,92.65,1.4108,5.9797,7.2511,1.0634,0.668
2010-03-30,1.089,1.0189,0.7458,92.89,1.4096,5.9949,7.2712,1.0671,0.6627
2010-03-31,1.0906,1.0156,0.7393,93.4,1.4088,5.9387,7.2028,1.0528,0.6585
2010-04-01,1.0855,1.0073,0.737,93.83,1.4126,5.9145,7.1672,1.0559,0.654
2010-04-02,1.0885,1.011,0.7415,94.51,1.4164,5.9435,7.191,1.0632,0.658
2010-04-05,1.0858,1.0025,0.7415,94.28,1.4188,5.9393,7.1714,1.0619,0.6543
2010-04-06,1.0806,1.0001,0.7475,93.81,1.4265,5.9827,7.2249,1.0704,0.6566
2010-04-07,1.0768,1.0028,0.7483,93.59,1.4126,5.9648,7.232,1.0716,0.6559
2010-04-08,1.0772,1.0019,0.7485,93.16,1.4148,5.952,7.237,1.0723,0.6548
2010-04-09,1.0723,1.0055,0.7425,93.28,1.3966,5.9138,7.211,1.0672,0.6506
2010-04-12,1.0756,1.0015,0.736,93.21,1.4017,5.8851,7.1872,1.0598,0.6507
2010-04-13,1.0783,1.0029,0.7357,92.78,1.4021,5.8777,7.1656,1.0573,0.6487
2010-04-14,1.0685,0.996,0.7317,93.01,1.399,5.8451,7.1175,1.0512,0.6458
2010-04-15,1.0727,1.0013,0.7386,93.04,1.4071,5.8708,7.1539,1.0595,0.6466
2010-04-16,1.0808,1.0145,0.7415,92.03,1.4126,5.9032,7.1909,1.0624,0.6496
2010-04-19,1.0887,1.0199,0.7431,92.18,1.4144,5.9309,7.1902,1.065,0.6552
2010-04-20,1.0739,0.9984,0.7437,93.28,1.4053,5.9022,7.1465,1.0673,0.6504
2010-04-21,1.0778,0.9983,0.7472,93.24,1.4102,5.9045,7.1848,1.0708,0.6495
2010-04-22,1.0815,1.0014,0.752,93.01,1.4096,5.9314,7.2422,1.0778,0.6507
2010-04-23,1.0835,1.0026,0.7485,94.18,1.3994,5.8943,7.1778,1.0743,0.6509
2010-04-26,1.0784,1.0009,0.7499,94.06,1.3816,5.8781,7.168,1.0753,0.6466
2010-04-27,1.0905,1.0169,0.7559,93.01,1.4065,5.9305,7.2664,1.0837,0.6542
2010-04-28,1.0846,1.0125,0.7616,94.07,1.3953,5.989,7.342,1.091,0.6596
2010-04-29,1.0779,1.0052,0.7551,94.16,1.3831,5.9175,7.2528,1.0824,0.6535
2010-04-30,1.0746,1.0112,0.7518,94.24,1.3661,5.9005,7.2359,1.0767,0.6533
2010-05-03,1.0805,1.0134,0.7586,94.68,1.3686,5.9418,7.2807,1.0868,0.6561
2010-05-04,1.0959,1.0215,0.767,94.58,1.3827,6.0126,7.385,1.0987,0.6607
2010-05-05,1.0995,1.0264,0.7758,94.3,1.3926,6.035,7.4891,1.1118,0.6608
2010-05-06,1.1187,1.0437,0.7881,92.22,1.4,6.1746,7.6822,1.1092,0.6716
2010-05-07,1.1249,1.0423,0.7861,91.67,1.3986,6.2653,7.6913,1.1085,0.6785
2010-05-10,1.1091,1.0245,0.7775,93.39,1.3848,6.1278,7.4981,1.1069,0.6676
2010-05-11,1.1123,1.0193,0.7865,92.83,1.3873,6.155,7.5814,1.1059,0.6688
2010-05-12,1.1203,1.0197,0.791,92.93,1.4017,6.1464,7.5594,1.1101,0.6732
2010-05-13,1.1114,1.0148,0.7957,92.7,1.3935,6.1781,7.602,1.1146,0.6822
2010-05-14,1.1254,1.0343,0.8071,91.94,1.4059,6.2365,7.7468,1.1304,0.687
2010-05-17,1.1448,1.04,0.8131,92.08,1.4409,6.2783,7.8035,1.1392,0.695
2010-05-18,1.1459,1.0329,0.8092,92.52,1.4329,6.2837,7.745,1.1342,0.6926
2010-05-19,1.1933,1.051,0.8119,91.16,1.491,6.4329,7.8712,1.1564,0.6969
2010-05-20,1.2121,1.0656,0.8084,90.07,1.4928,6.5339,7.9583,1.15,0.6972
2010-05-21,1.2045,1.0564,0.7952,90.21,1.4699,6.4497,7.7984,1.1485,0.6913
2010-05-24,1.2013,1.0587,0.8061,90.49,1.481,6.4707,7.8262,1.1561,0.6927
2010-05-25,1.2237,1.0776,0.8144,89.89,1.5022,6.6258,7.9904,1.1593,0.6968
2010-05-26,1.2061,1.0647,0.8181,90.28,1.5006,6.5359,7.9419,1.1602,0.6944
2010-05-27,1.1811,1.0491,0.8084,90.71,1.4665,6.424,7.8392,1.15,0.6864
2010-05-28,1.1777,1.0497,0.8085,90.81,1.471,6.4367,7.7942,1.1534,0.69
2010-06-01,1.191,1.0476,0.8153,91.16,1.4678,6.449,7.8104,1.1548,0.6815
2010-06-02,1.1969,1.0404,0.8193,92.21,1.4734,6.5011,7.826,1.1575,0.683
2010-06-03,1.1876,1.0413,0.8201,92.33,1.4654,6.4565,7.8258,1.154,0.6842
2010-06-04,1.2079,1.0516,0.8335,91.83,1.4863,6.5816,7.9977,1.1614,0.69
2010-06-07,1.2207,1.0537,0.8362,92,1.506,6.67,8.0593,1.1613,0.6898
2010-06-08,1.2148,1.0517,0.8337,91.3,1.5033,6.6539,8.0499,1.151,0.6934
2010-06-09,1.1995,1.0395,0.8302,91.54,1.487,6.568,7.9652,1.1455,0.6856
2010-06-10,1.1808,1.0336,0.8257,91.04,1.4599,6.4965,7.8925,1.1418,0.6815
2010-06-11,1.1774,1.0329,0.828,91.72,1.4514,6.4787,7.9337,1.1521,0.6875
2010-06-14,1.1582,1.0251,0.8145,91.8,1.4284,6.391,7.8139,1.1378,0.677
2010-06-15,1.1606,1.0287,0.8112,91.25,1.4358,6.3658,7.7515,1.131,0.6744
2010-06-16,1.1563,1.0236,0.8115,91.39,1.4304,6.3892,7.787,1.1267,0.6739
2010-06-17,1.1563,1.0283,0.8087,90.92,1.4239,6.3749,7.7483,1.1137,0.6754
2010-06-18,1.1496,1.0237,0.8091,90.79,1.418,6.3778,7.7205,1.1107,0.6763
2010-06-21,1.134,1.0197,0.8074,91.18,1.4031,6.3599,7.6742,1.108,0.6745
2010-06-22,1.1375,1.0201,0.8128,90.59,1.411,6.4503,7.7452,1.1047,0.6734
2010-06-23,1.1443,1.039,0.8123,89.82,1.4013,6.4871,7.7626,1.1053,0.6688
2010-06-24,1.1533,1.0429,0.8138,89.4,1.417,6.4993,7.7872,1.1048,0.6673
2010-06-25,1.1518,1.0369,0.8109,89.35,1.4086,6.4596,7.74,1.0937,0.6673
2010-06-28,1.1444,1.0337,0.812,89.23,1.4106,6.4162,7.7315,1.086,0.6623
2010-06-29,1.173,1.0531,0.8205,88.39,1.4405,6.4937,7.7994,1.081,0.6631
2010-06-30,1.1792,1.0606,0.8136,88.49,1.4491,6.4824,7.7521,1.0774,0.669
2010-07-01,1.1933,1.0622,0.8023,87.42,1.4562,6.4793,7.7202,1.0675,0.6611
2010-07-02,1.186,1.0647,0.7951,87.69,1.4495,6.4361,7.6214,1.0635,0.6588
2010-07-06,1.1689,1.0497,0.7908,87.55,1.4343,6.3511,7.5776,1.0587,0.6588
2010-07-07,1.1671,1.0525,0.794,87.16,1.4335,6.4179,7.6153,1.0545,0.6588
2010-07-08,1.1406,1.041,0.7885,88.44,1.4114,6.3616,7.5235,1.0502,0.6598
2010-07-09,1.1425,1.0328,0.7912,88.48,1.4108,6.3429,7.478,1.0577,0.6625
2010-07-12,1.1451,1.0377,0.7954,88.53,1.4094,6.3599,7.5093,1.0621,0.666
2010-07-13,1.1337,1.0281,0.7862,88.24,1.3899,6.2543,7.406,1.0524,0.659
2010-07-14,1.1294,1.0304,0.784,88.59,1.3805,6.2244,7.3612,1.0556,0.6543
2010-07-15,1.1388,1.0401,0.7756,87.41,1.3839,6.1964,7.3102,1.0421,0.6504
2010-07-16,1.1485,1.0536,0.7741,86.4,1.4061,6.2631,7.3499,1.0522,0.6541
2010-07-19,1.1505,1.0557,0.7714,86.77,1.4154,6.2972,7.345,1.0524,0.6569
2010-07-20,1.1379,1.0526,0.7749,87.22,1.4039,6.2888,7.3704,1.0481,0.6555
2010-07-21,1.1333,1.0422,0.7802,87.3,1.3933,6.25,7.3669,1.052,0.6579
2010-07-22,1.1211,1.0373,0.775,87,1.3814,6.1778,7.3131,1.0403,0.6543
2010-07-23,1.1178,1.0376,0.7768,87.31,1.3725,6.197,7.3471,1.0529,0.6483
2010-07-26,1.1114,1.0312,0.7702,87.2,1.3659,6.1611,7.2821,1.048,0.6456
2010-07-27,1.109,1.0357,0.7702,87.88,1.3644,6.1599,7.2998,1.0622,0.6436
2010-07-28,1.1199,1.0356,0.7693,87.62,1.3749,6.1526,7.2946,1.0578,0.6406
2010-07-29,1.1135,1.0368,0.7655,86.87,1.385,6.1121,7.249,1.0412,0.6414
2010-07-30,1.1049,1.0293,0.7652,86.43,1.3772,6.0455,7.1972,1.041,0.6364
2010-08-02,1.0947,1.0227,0.7591,86.42,1.3626,5.9625,7.0986,1.0379,0.629
2010-08-03,1.0929,1.0219,0.7553,85.88,1.3605,5.954,7.086,1.0384,0.6273
2010-08-04,1.0917,1.0184,0.76,86.26,1.3609,5.9941,7.1408,1.0514,0.6294
2010-08-05,1.0952,1.0154,0.7601,85.83,1.3757,6.0027,7.1369,1.0475,0.6305
2010-08-06,1.0911,1.0272,0.7529,85.25,1.3708,5.9549,7.0805,1.0365,0.6258
2010-08-09,1.0905,1.0266,0.7552,85.88,1.3702,5.9617,7.0959,1.0457,0.6272
2010-08-10,1.1006,1.0347,0.7637,85.88,1.3881,6.0528,7.1944,1.0575,0.6339
2010-08-11,1.1104,1.0455,0.7753,85.36,1.3937,6.1636,7.3475,1.0584,0.6374
2010-08-12,1.1156,1.0433,0.7772,85.83,1.4088,6.158,7.3736,1.0485,0.6421
2010-08-13,1.1167,1.04,0.7833,86.2,1.4124,6.205,7.4364,1.0526,0.6418
2010-08-16,1.1141,1.0429,0.7789,85.33,1.4112,6.1458,7.3583,1.0378,0.6378
2010-08-17,1.1029,1.0311,0.7758,85.51,1.3998,6.13,7.312,1.0434,0.6416
2010-08-18,1.1117,1.0286,0.7769,85.31,1.3968,6.1528,7.338,1.0404,0.6402
2010-08-19,1.1201,1.0397,0.779,85.27,1.4142,6.1745,7.3777,1.031,0.6405
2010-08-20,1.126,1.0499,0.7882,85.63,1.4235,6.2542,7.4316,1.0372,0.6445
2010-08-23,1.1198,1.0512,0.7897,85.16,1.4124,6.2421,7.4046,1.0391,0.6438
2010-08-24,1.1284,1.0563,0.789,84.16,1.4146,6.2868,7.449,1.0307,0.6464
2010-08-25,1.1355,1.064,0.7904,84.56,1.4327,6.3464,7.465,1.0273,0.6468
2010-08-26,1.126,1.0545,0.7863,84.61,1.4198,6.2925,7.4013,1.0253,0.6421
2010-08-27,1.1137,1.0547,0.7834,85.1,1.4073,6.2452,7.3454,1.0268,0.644
2010-08-30,1.1186,1.0561,0.7883,84.67,1.4106,6.2912,7.3908,1.0244,0.6463
2010-08-31,1.1223,1.064,0.7872,84.1,1.4296,6.2877,7.369,1.015,0.6511
2010-09-01,1.0997,1.0497,0.7805,84.48,1.4029,6.1755,7.2696,1.0149,0.6463
2010-09-02,1.0984,1.052,0.7798,84.15,1.3982,6.1456,7.2552,1.0118,0.6496
2010-09-03,1.0923,1.0411,0.7761,84.45,1.387,6.1226,7.2318,1.0174,0.6472
2010-09-07,1.0937,1.0426,0.786,83.75,1.3856,6.2053,7.3134,1.0114,0.653
2010-09-08,1.0887,1.0359,0.7857,83.85,1.3826,6.1911,7.2749,1.0106,0.6446
2010-09-09,1.0813,1.0323,0.7869,83.83,1.3763,6.1886,7.272,1.0149,0.6473
2010-09-10,1.0801,1.0357,0.7855,84.13,1.374,6.1759,7.2326,1.0175,0.6499
2010-09-13,1.0685,1.0277,0.7758,83.53,1.363,6.104,7.1346,1.0079,0.6466
2010-09-14,1.0598,1.0219,0.7684,83.05,1.3559,6.0244,7.0469,0.9938,0.6427
2010-09-15,1.0642,1.0281,0.7688,85.63,1.3643,6.0902,7.0826,1.0032,0.6393
2010-09-16,1.0694,1.0274,0.7646,85.72,1.3837,6.0975,7.0527,1.0143,0.6405
2010-09-17,1.0663,1.0331,0.7665,85.77,1.3768,6.0954,7.0629,1.0092,0.6396
2010-09-20,1.055,1.028,0.7649,85.74,1.3702,6.0453,6.9909,1.005,0.6425
2010-09-21,1.0554,1.0314,0.7613,85.36,1.3732,6.0279,6.9669,1.0038,0.643
2010-09-22,1.0487,1.0325,0.7471,84.37,1.3598,5.9048,6.8608,0.9865,0.639
2010-09-23,1.0484,1.0307,0.7494,84.32,1.3661,5.9325,6.8868,0.9843,0.636
2010-09-24,1.0434,1.0262,0.7421,84.24,1.3624,5.8865,6.82,0.9828,0.6318
2010-09-27,1.0393,1.026,0.7421,84.17,1.3605,5.9018,6.838,0.9831,0.6309
2010-09-28,1.0338,1.0305,0.7362,83.82,1.3537,5.8563,6.7649,0.9756,0.6326
2010-09-29,1.0294,1.03,0.7332,83.61,1.3546,5.8378,6.7144,0.9752,0.6324
2010-09-30,1.0373,1.0293,0.7352,83.53,1.3644,5.8952,6.7626,0.9808,0.6357
2010-10-01,1.0299,1.0214,0.7271,83.3,1.3472,5.8379,6.7117,0.9761,0.6318
2010-10-04,1.0346,1.0235,0.7306,83.33,1.349,5.8743,6.7725,0.9723,0.631
2010-10-05,1.031,1.0169,0.7229,83.17,1.3358,5.8178,6.7018,0.9663,0.6283
2010-10-06,1.0224,1.0073,0.7182,82.8,1.3252,5.7744,6.6991,0.9604,0.6288
2010-10-07,1.0188,1.0167,0.7183,82.35,1.334,5.8135,6.6572,0.9667,0.6277
2010-10-08,1.0136,1.0138,0.7182,81.86,1.3254,5.8199,6.673,0.9609,0.6269
2010-10-12,1.0154,1.0111,0.7222,81.74,1.327,5.8764,6.696,0.9593,0.633
2010-10-13,1.0079,1.0028,0.7161,81.81,1.3115,5.799,6.6343,0.9588,0.6312
2010-10-14,1.0057,1.0036,0.7109,81.44,1.3186,5.7426,6.558,0.953,0.6253
2010-10-15,1.0118,1.0108,0.7144,81.32,1.3231,5.7939,6.6209,0.9562,0.6239
2010-10-18,1.0084,1.0145,0.7154,81.16,1.3208,5.8244,6.6383,0.9558,0.6287
2010-10-19,1.0248,1.0298,0.7232,81.6,1.3346,5.8981,6.749,0.9702,0.6354
2010-10-20,1.0154,1.0245,0.7169,81.14,1.327,5.8326,6.6679,0.9615,0.6306
2010-10-21,1.0165,1.0232,0.7157,81.16,1.3332,5.8266,6.6498,0.9642,0.6348
2010-10-22,1.0221,1.0262,0.7192,81.48,1.3421,5.8173,6.6408,0.9792,0.6379
2010-10-25,1.0067,1.0197,0.715,80.61,1.3266,5.7794,6.5734,0.9711,0.635
2010-10-26,1.0139,1.022,0.7208,81.28,1.3337,5.8529,6.7083,0.9824,0.6301
2010-10-27,1.031,1.0321,0.7253,81.55,1.3448,5.9003,6.7647,0.9893,0.6336
2010-10-28,1.0218,1.0194,0.7179,80.99,1.3249,5.8842,6.7193,0.9834,0.6272
2010-10-29,1.0206,1.0187,0.7197,80.48,1.3115,5.8785,6.7048,0.985,0.6242
2010-11-01,1.0124,1.0133,0.72,80.66,1.3028,5.8667,6.6923,0.9935,0.6231
2010-11-02,1.001,1.0098,0.713,80.8,1.2958,5.848,6.6421,0.9782,0.6246
2010-11-03,1.0033,1.009,0.7136,81.41,1.2898,5.8507,6.6479,0.9793,0.6219
2010-11-04,0.9859,1.0022,0.703,80.61,1.2585,5.7307,6.5145,0.9629,0.6142
2010-11-05,0.9864,1.0012,0.7126,81.35,1.2588,5.7645,6.5991,0.958,0.6169
2010-11-08,0.9868,1.0021,0.718,81.14,1.2655,5.804,6.6954,0.9642,0.6192
2010-11-09,0.9881,1.0013,0.7212,81.15,1.2711,5.8116,6.6931,0.9646,0.6231
2010-11-10,0.9975,1.0016,0.7284,82.53,1.2802,5.8828,6.754,0.9739,0.6222
2010-11-12,1.0095,1.0079,0.7299,82.44,1.2877,5.9462,6.8407,0.9758,0.6184
2010-11-15,1.0097,1.0064,0.7345,82.9,1.287,5.9815,6.8656,0.9837,0.6225
2010-11-16,1.0251,1.0231,0.7398,83.41,1.3031,6.0589,6.9486,0.9924,0.6297
2010-11-17,1.0182,1.0205,0.7377,83.15,1.2953,6.0149,6.9169,0.9895,0.6273
2010-11-18,1.0111,1.0172,0.7343,83.64,1.2865,5.9963,6.8791,0.9969,0.6246
2010-11-19,1.0156,1.0206,0.7324,83.49,1.2868,5.99,6.8709,0.9979,0.6265
2010-11-22,1.0135,1.0187,0.7346,83.46,1.2952,6.0154,6.8924,0.9917,0.6277
2010-11-23,1.0277,1.024,0.7469,82.86,1.3127,6.107,6.9856,0.9951,0.632
2010-11-24,1.0181,1.011,0.7491,83.38,1.3115,6.0787,6.942,0.9945,0.634
2010-11-26,1.0373,1.0188,0.7551,84.08,1.3324,6.1563,6.9969,1.0016,0.6404
2010-11-29,1.0423,1.0227,0.7638,84.34,1.3428,6.1988,7.013,1.0012,0.6428
2010-11-30,1.0409,1.0266,0.7671,83.56,1.3432,6.1871,7.0125,0.9985,0.6419
2010-12-01,1.0336,1.016,0.7605,84,1.3339,6.1362,6.9666,0.9997,0.6409
2010-12-02,1.0231,1.0045,0.756,83.53,1.3226,6.0776,6.9024,0.9901,0.6406
2010-12-03,1.0125,1.0059,0.7481,82.73,1.3115,5.9936,6.8257,0.9764,0.636
2010-12-06,1.0118,1.0056,0.7533,82.7,1.3156,6.0156,6.86,0.9848,0.6378
2010-12-07,1.0107,1.0093,0.7506,83.04,1.3132,5.9751,6.8604,0.9828,0.6328
2010-12-08,1.0225,1.01,0.7552,84.16,1.3365,6.0289,6.8921,0.9879,0.6332
2010-12-09,1.018,1.0098,0.7572,83.85,1.3392,6.0446,6.9052,0.9846,0.6356
2010-12-10,1.0146,1.0091,0.7552,83.87,1.3358,5.9929,6.8905,0.9796,0.6326
2010-12-13,1.0058,1.0046,0.7469,83.57,1.3242,5.9232,6.8393,0.9668,0.6296
2010-12-14,1.0002,1.0039,0.7465,83.52,1.3273,5.889,6.801,0.961,0.6331
2010-12-15,1.0084,1.0033,0.7515,84.04,1.3439,5.9385,6.8143,0.9619,0.6405
2010-12-16,1.0136,1.0056,0.7572,84.23,1.3572,5.9665,6.8305,0.966,0.6405
2010-12-17,1.0148,1.0125,0.7602,84.15,1.3587,5.9998,6.844,0.9707,0.646
2010-12-20,1.0067,1.0176,0.762,83.72,1.3472,5.9847,6.8473,0.9638,0.6443
2010-12-21,1.0028,1.0173,0.7616,83.76,1.3444,5.973,6.8278,0.9585,0.6467
2010-12-22,0.9997,1.0143,0.764,83.56,1.347,5.9988,6.8648,0.9503,0.6498
2010-12-23,0.9949,1.0095,0.7633,82.97,1.3353,5.9803,6.8529,0.962,0.6494
2010-12-27,0.9974,1.0086,0.7607,82.91,1.3371,5.9578,6.8315,0.9626,0.6501
2010-12-28,0.9889,1.0006,0.7621,82.21,1.3238,5.9555,6.863,0.9516,0.651
2010-12-29,0.9849,1.0004,0.7586,81.9,1.3065,5.9271,6.8247,0.9496,0.6467
2010-12-30,0.9879,1.0009,0.7536,81.67,1.3009,5.8904,6.7571,0.9369,0.6497
2011-01-03,0.9804,0.9903,0.7479,81.56,1.288,5.8244,6.6916,0.9329,0.6456
2011-01-04,0.9956,0.9985,0.7515,81.96,1.3034,5.8691,6.7284,0.9478,0.6416
2011-01-05,0.9997,0.9946,0.7592,83.22,1.3127,5.9028,6.7653,0.9644,0.6453
2011-01-06,1.0041,0.9953,0.7676,83.15,1.3177,5.9555,6.858,0.963,0.6456
2011-01-07,1.0046,0.9932,0.7726,83.04,1.3189,5.9688,6.8977,0.965,0.6427
2011-01-10,1.0064,0.9923,0.7725,82.78,1.3104,5.9766,6.8793,0.9686,0.6417
2011-01-11,1.0129,0.9901,0.7705,83.36,1.3156,5.9497,6.8374,0.9755,0.6399
2011-01-12,1.0066,0.9864,0.7653,83.29,1.3161,5.9159,6.7707,0.9717,0.6363
2011-01-13,0.9997,0.9866,0.7483,82.72,1.2987,5.8466,6.6903,0.9624,0.6301
2011-01-14,1.0115,0.9902,0.7503,82.99,1.3021,5.8647,6.6924,0.9657,0.63
2011-01-18,1.002,0.9912,0.7463,82.66,1.2979,5.8356,6.6582,0.9633,0.625
2011-01-19,0.997,0.9938,0.741,82.03,1.2953,5.812,6.603,0.9585,0.6254
2011-01-20,1.0134,1.0001,0.7439,83.02,1.3224,5.8775,6.6683,0.9656,0.6299
2011-01-21,1.0109,0.9943,0.7363,82.63,1.3193,5.8129,6.6026,0.959,0.6251
2011-01-24,0.9999,0.9933,0.7324,82.44,1.3084,5.7811,6.5745,0.9488,0.6252
2011-01-25,1.0091,0.9984,0.7329,82.35,1.3089,5.7694,6.5468,0.9451,0.6322
2011-01-26,1.0052,0.9954,0.7306,82.27,1.305,5.7554,6.4711,0.9436,0.6295
2011-01-27,1.0094,0.994,0.7306,83.03,1.2957,5.7992,6.4493,0.9464,0.6287
2011-01-28,1.0075,0.9989,0.7349,82.03,1.2947,5.8295,6.5284,0.9429,0.6314
2011-01-31,1.0024,1.002,0.7291,81.97,1.2928,5.7759,6.4318,0.9402,0.6234
2011-02-01,0.9879,0.9921,0.725,81.48,1.2821,5.7199,6.3879,0.9388,0.6202
2011-02-02,0.9938,0.9883,0.7257,81.82,1.283,5.7371,6.4451,0.9406,0.6185
2011-02-03,0.9859,0.9901,0.7324,81.48,1.2925,5.7343,6.4713,0.9435,0.6189
2011-02-04,0.9863,0.9899,0.7362,81.99,1.3007,5.7586,6.4873,0.9557,0.6215
2011-02-07,0.9863,0.9885,0.7376,82.4,1.2977,5.7838,6.4737,0.9569,0.6207
2011-02-08,0.9827,0.9905,0.7306,81.92,1.2862,5.7381,6.4011,0.957,0.6215
2011-02-09,0.9906,0.9946,0.7306,82.47,1.2967,5.771,6.4362,0.9611,0.6215
2011-02-10,0.9939,0.9955,0.7333,83.11,1.3024,5.8176,6.4583,0.9659,0.6199
2011-02-11,0.9999,0.99,0.7396,83.52,1.3172,5.866,6.4907,0.9755,0.6255
2011-02-14,0.9976,0.9883,0.7422,83.32,1.3214,5.8404,6.5005,0.9708,0.6241
2011-02-15,1.0011,0.9885,0.7411,83.79,1.3303,5.8287,6.4828,0.9677,0.62
2011-02-16,1.0016,0.9853,0.7382,83.73,1.3287,5.7558,6.4234,0.9616,0.6225
2011-02-17,0.9885,0.9839,0.7346,83.25,1.3165,5.707,6.41,0.9508,0.6184
2011-02-18,0.9858,0.9827,0.7314,83.22,1.3099,5.6727,6.3946,0.9483,0.6156
2011-02-22,1.0008,0.986,0.732,82.94,1.3351,5.6769,6.4301,0.9393,0.62
2011-02-23,0.9999,0.9922,0.7268,82.39,1.3417,5.6274,6.3941,0.932,0.6165
2011-02-24,0.9913,0.9842,0.725,81.67,1.3376,5.6006,6.3889,0.9252,0.6209
2011-02-25,0.9847,0.9808,0.7269,81.76,1.3308,5.6568,6.4289,0.9282,0.622
2011-02-28,0.9829,0.9737,0.725,81.94,1.3294,5.6138,6.3442,0.9305,0.6155
2011-03-01,0.9843,0.9742,0.724,81.86,1.3319,5.5778,6.3122,0.9284,0.6132
2011-03-02,0.9845,0.9733,0.721,81.62,1.3473,5.5499,6.3185,0.922,0.6131
2011-03-03,0.9871,0.9746,0.717,82.41,1.3508,5.5719,6.3249,0.9306,0.6148
2011-03-04,0.989,0.9715,0.7152,82.35,1.3574,5.5728,6.3447,0.9263,0.6154
2011-03-07,0.9891,0.9737,0.7155,82.12,1.3581,5.5594,6.3557,0.9256,0.6171
2011-03-08,0.9888,0.9712,0.7188,82.69,1.3497,5.5828,6.3658,0.9346,0.6187
2011-03-09,0.989,0.9686,0.7191,82.78,1.3517,5.5745,6.337,0.9298,0.6172
2011-03-10,0.9983,0.9729,0.7234,82.98,1.3589,5.6547,6.3893,0.932,0.6225
2011-03-11,0.9891,0.9732,0.7213,81.77,1.3425,5.6303,6.3695,0.9276,0.6237
2011-03-14,0.9928,0.9758,0.7156,81.65,1.3559,5.6061,6.3496,0.9253,0.618
2011-03-15,1.0101,0.9831,0.7159,80.82,1.3693,5.6545,6.4153,0.9187,0.6225
2011-03-16,1.0161,0.9921,0.7183,80.17,1.371,5.6685,6.4762,0.912,0.6239
2011-03-17,1.018,0.9886,0.7132,78.74,1.3873,5.6555,6.4105,0.8998,0.6195
2011-03-18,1.0047,0.9846,0.7072,81.14,1.3704,5.5942,6.308,0.9025,0.6178
2011-03-21,0.9956,0.9772,0.705,81.11,1.3646,5.5586,6.2844,0.9057,0.6144
2011-03-22,0.9883,0.9769,0.7036,81,1.3488,5.5689,6.3009,0.9041,0.6102
2011-03-23,0.9896,0.982,0.708,80.94,1.3519,5.5895,6.3372,0.9064,0.6155
2011-03-24,0.9786,0.9748,0.7042,80.82,1.3307,5.5402,6.3073,0.9061,0.6189
2011-03-25,0.9726,0.9779,0.707,81.12,1.3238,5.5761,6.3552,0.9143,0.6217
2011-03-28,0.9727,0.9757,0.709,81.67,1.3256,5.5854,6.3674,0.9169,0.6241
2011-03-29,0.9743,0.9758,0.7097,82.38,1.3233,5.6072,6.3544,0.9205,0.6257
2011-03-30,0.9691,0.9715,0.7095,82.98,1.3122,5.5881,6.336,0.9213,0.6235
2011-03-31,0.9654,0.9717,0.7051,82.76,1.3091,5.5334,6.3134,0.9157,0.6231
2011-04-01,0.9627,0.9629,0.7035,84.05,1.3041,5.4971,6.2937,0.9243,0.6199
2011-04-04,0.966,0.9677,0.7032,83.98,1.3036,5.4964,6.3126,0.9224,0.62
2011-04-05,0.9666,0.9635,0.7027,84.65,1.2984,5.4652,6.3186,0.9242,0.6142
2011-04-06,0.9592,0.9587,0.6977,85.26,1.2847,5.4561,6.2971,0.9172,0.613
2011-04-07,0.9564,0.9593,0.6999,84.98,1.2865,5.4745,6.3223,0.9178,0.6133
2011-04-08,0.9496,0.9564,0.6927,84.99,1.2788,5.3976,6.2176,0.9105,0.612
2011-04-11,0.9493,0.9547,0.6919,84.58,1.2794,5.4272,6.2449,0.9067,0.6103
2011-04-12,0.9551,0.9624,0.6918,83.79,1.2739,5.4702,6.2989,0.898,0.6149
2011-04-13,0.952,0.9638,0.6908,83.59,1.266,5.4367,6.2494,0.8939,0.6141
2011-04-14,0.9503,0.9626,0.6914,83.23,1.2626,5.4148,6.2235,0.8924,0.6116
2011-04-15,0.9471,0.9615,0.6924,83.13,1.2545,5.383,6.1947,0.8935,0.6126
2011-04-18,0.9533,0.9689,0.7037,82.43,1.2708,5.4893,6.313,0.8986,0.6162
2011-04-19,0.9517,0.9572,0.6984,82.41,1.27,5.428,6.2315,0.899,0.6129
2011-04-20,0.9366,0.9523,0.689,82.58,1.2541,5.3517,6.1234,0.8914,0.6096
2011-04-21,0.9305,0.9518,0.6856,81.81,1.2467,5.3494,6.0854,0.8821,0.6034
2011-04-22,0.9315,0.9535,0.6875,81.92,1.2477,5.3743,6.116,0.8865,0.6054
2011-04-25,0.9331,0.9541,0.6861,81.93,1.2506,5.3559,6.0838,0.8806,0.6062
2011-04-26,0.9283,0.9508,0.6838,81.93,1.2422,5.3231,6.1023,0.8803,0.6073
2011-04-27,0.9268,0.955,0.6822,82.6,1.2477,5.3275,6.0907,0.8807,0.605
2011-04-28,0.918,0.9513,0.6764,81.57,1.2488,5.2727,6.034,0.8736,0.6011
2011-04-29,0.9143,0.9486,0.6747,81.31,1.2395,5.2398,6.0258,0.8666,0.5991
2011-05-02,0.9116,0.9492,0.6725,81.23,1.2364,5.2247,5.9968,0.864,0.5992
2011-05-03,0.9157,0.9489,0.6723,81.02,1.2421,5.2447,6.0239,0.8609,0.6047
2011-05-04,0.9289,0.9579,0.673,80.69,1.2663,5.3154,6.0808,0.8582,0.6052
2011-05-05,0.9397,0.9667,0.6857,80.12,1.2711,5.4465,6.1901,0.8698,0.6088
2011-05-06,0.9291,0.9616,0.6899,80.51,1.2572,5.464,6.2262,0.8732,0.6091
2011-05-09,0.9299,0.966,0.6993,80.66,1.2621,5.4937,6.2712,0.8753,0.6121
2011-05-10,0.9257,0.9611,0.6965,80.75,1.261,5.446,6.2357,0.8805,0.6123
2011-05-11,0.9297,0.9581,0.7008,80.78,1.2637,5.4745,6.2852,0.8846,0.6093
2011-05-12,0.9388,0.9656,0.7028,80.75,1.2552,5.5152,6.3036,0.8842,0.6139
2011-05-13,0.9465,0.9708,0.7072,80.76,1.2732,5.5584,6.3745,0.8907,0.6181
2011-05-16,0.9416,0.9701,0.7033,80.82,1.2739,5.5326,6.3202,0.8818,0.6158
2011-05-17,0.9489,0.9772,0.7065,81.39,1.285,5.6138,6.3593,0.8848,0.6171
2011-05-18,0.9419,0.9722,0.7008,81.37,1.2669,5.5512,6.2968,0.8792,0.6193
2011-05-19,0.9422,0.9703,0.7016,81.78,1.2692,5.5281,6.2788,0.884,0.6181
2011-05-20,0.9395,0.9735,0.7056,81.64,1.2604,5.5384,6.3104,0.8776,0.6164
2011-05-23,0.9527,0.9791,0.7135,81.81,1.2689,5.6176,6.3796,0.8831,0.621
2011-05-24,0.9474,0.9773,0.7089,82.12,1.2538,5.5589,6.3332,0.88,0.6179
2011-05-25,0.949,0.9765,0.7091,81.96,1.25,5.5564,6.3157,0.872,0.6144
2011-05-26,0.9443,0.9809,0.7098,81.44,1.2372,5.5257,6.3194,0.8666,0.6118
2011-05-27,0.9336,0.9771,0.6999,80.75,1.2214,5.4205,6.2244,0.852,0.6063
2011-05-31,0.9381,0.9688,0.6956,81.29,1.2149,5.3822,6.1779,0.8525,0.6083
2011-06-01,0.9332,0.9713,0.693,80.82,1.216,5.3791,6.1812,0.8401,0.6101
2011-06-02,0.9419,0.9794,0.6932,80.98,1.2294,5.401,6.23,0.8438,0.6126
2011-06-03,0.9334,0.9768,0.6847,80.38,1.2264,5.3392,6.1414,0.8352,0.6099
2011-06-06,0.9314,0.9784,0.684,80.19,1.2249,5.3565,6.1651,0.836,0.6112
2011-06-07,0.9334,0.9743,0.6814,80.21,1.2183,5.3442,6.1431,0.8388,0.6081
2011-06-08,0.9403,0.9778,0.6855,79.87,1.2246,5.3869,6.1754,0.8369,0.6105
2011-06-09,0.9397,0.9732,0.688,80.07,1.2055,5.4087,6.2142,0.8412,0.6104
2011-06-10,0.9463,0.9769,0.6961,80.26,1.214,5.4756,6.3241,0.8419,0.6152
2011-06-13,0.9468,0.9778,0.696,80.16,1.2291,5.4448,6.3495,0.8369,0.6132
2011-06-14,0.9354,0.9684,0.6909,80.5,1.2219,5.393,6.313,0.8444,0.6102
2011-06-15,0.9415,0.9778,0.7032,80.71,1.2356,5.5163,6.4535,0.8508,0.6166
2011-06-16,0.9487,0.9842,0.7065,80.7,1.2449,5.5402,6.4909,0.8507,0.62
2011-06-17,0.9416,0.9797,0.698,80.1,1.2335,5.5083,6.399,0.8462,0.6178
2011-06-20,0.9446,0.9785,0.6983,80.26,1.2318,5.5352,6.3952,0.8416,0.6171
2011-06-21,0.9436,0.9722,0.6945,80.15,1.2315,5.495,6.3567,0.8433,0.6161
2011-06-22,0.9405,0.9725,0.6943,80.06,1.2226,5.4427,6.3538,0.8356,0.6199
2011-06-23,0.9538,0.98,0.7059,80.45,1.2335,5.5104,6.503,0.8379,0.6259
2011-06-24,0.9503,0.9847,0.7048,80.32,1.2318,5.4783,6.4782,0.8373,0.6256
2011-06-27,0.9579,0.9859,0.7002,80.89,1.2408,5.4629,6.4393,0.8367,0.6261
2011-06-28,0.9505,0.9819,0.696,80.85,1.2344,5.4261,6.4384,0.8298,0.6244
2011-06-29,0.9369,0.9703,0.6931,80.8,1.2158,5.3863,6.3526,0.8349,0.6223
2011-06-30,0.9318,0.9642,0.6886,80.64,1.2071,5.3749,6.3027,0.8413,0.6224
2011-07-01,0.9299,0.9608,0.6893,80.81,1.2088,5.367,6.2746,0.8479,0.6223
2011-07-05,0.9348,0.9608,0.6911,81.14,1.2074,5.3499,6.2613,0.8452,0.6217
2011-07-06,0.9349,0.9656,0.6979,80.9,1.2074,5.4022,6.3427,0.8393,0.6251
2011-07-07,0.929,0.9585,0.6969,81.26,1.2042,5.3888,6.323,0.844,0.6263
2011-07-08,0.9322,0.9627,0.7017,80.64,1.1998,5.4169,6.3898,0.8376,0.6238
2011-07-11,0.9379,0.9663,0.7126,80.37,1.2054,5.5174,6.5488,0.8351,0.6277
2011-07-12,0.9411,0.9667,0.7136,79.53,1.2182,5.5641,6.5498,0.8335,0.6274
2011-07-13,0.9291,0.9582,0.7059,78.99,1.1962,5.507,6.4668,0.8213,0.6207
2011-07-14,0.931,0.9584,0.7051,79.11,1.1844,5.5341,6.4937,0.8167,0.6202
2011-07-15,0.9384,0.9542,0.7064,79.03,1.185,5.5507,6.4911,0.8158,0.6192
2011-07-18,0.9465,0.9616,0.7121,79.1,1.1867,5.611,6.5991,0.8177,0.6241
2011-07-19,0.9347,0.9505,0.7064,78.91,1.1688,5.5311,6.517,0.8166,0.6198
2011-07-20,0.9322,0.9479,0.7048,78.76,1.1697,5.496,6.462,0.8204,0.6196
2011-07-21,0.9228,0.9449,0.6958,78.47,1.1586,5.4139,6.3195,0.8172,0.6135
2011-07-22,0.9216,0.95,0.6961,78.44,1.1567,5.4084,6.3402,0.8166,0.6128
2011-07-25,0.9214,0.9448,0.6965,78.31,1.1545,5.417,6.334,0.8062,0.6141
2011-07-26,0.9139,0.9448,0.6899,78.04,1.1485,5.3535,6.2573,0.8027,0.6101
2011-07-27,0.9069,0.9474,0.6957,77.99,1.1501,5.3946,6.3244,0.8023,0.6114
2011-07-28,0.907,0.9483,0.6992,77.87,1.146,5.4045,6.3337,0.8041,0.6121
2011-07-29,0.909,0.9539,0.695,77.18,1.1395,5.375,6.286,0.7881,0.6077
2011-08-01,0.9149,0.9593,0.7041,76.87,1.1438,5.411,6.3514,0.7813,0.6143
2011-08-02,0.9225,0.9577,0.7026,77.13,1.1465,5.3818,6.3427,0.7712,0.614
2011-08-03,0.9327,0.9632,0.6983,76.87,1.1587,5.3618,6.3466,0.766,0.6095
2011-08-04,0.9509,0.9765,0.7063,79.01,1.1836,5.4855,6.503,0.7674,0.6132
2011-08-05,0.9634,0.9843,0.7063,78.48,1.2022,5.5212,6.5227,0.76,0.6112
2011-08-08,0.9661,0.9889,0.7022,77.53,1.2024,5.4593,6.4612,0.7553,0.6115
2011-08-09,0.9812,0.9893,0.7021,77.16,1.2192,5.5121,6.5263,0.7313,0.6175
2011-08-10,0.9794,0.9909,0.7046,76.41,1.2315,5.5248,6.562,0.7296,0.6185
2011-08-11,0.9738,0.9891,0.7027,76.68,1.214,5.5102,6.488,0.7559,0.6162
2011-08-12,0.966,0.9879,0.7023,76.79,1.2021,5.5205,6.4989,0.7711,0.6141
2011-08-15,0.9544,0.9838,0.6919,76.73,1.2058,5.4342,6.3999,0.7802,0.6102
2011-08-16,0.9532,0.9816,0.6934,76.76,1.195,5.4258,6.3917,0.7926,0.6089
2011-08-17,0.9485,0.9818,0.6927,76.46,1.1923,5.3936,6.3392,0.7891,0.6027
2011-08-18,0.9622,0.9899,0.6983,76.52,1.2102,5.4756,6.4427,0.7904,0.6065
2011-08-19,0.9575,0.9848,0.6941,76.46,1.2132,5.4514,6.3681,0.7856,0.6044
2011-08-22,0.96,0.9901,0.6952,76.77,1.2137,5.4446,6.3523,0.7877,0.6078
2011-08-23,0.9515,0.9876,0.693,76.59,1.1977,5.4265,6.3294,0.7891,0.6057
2011-08-24,0.955,0.9878,0.6943,76.78,1.2076,5.4282,6.3176,0.795,0.6107
2011-08-25,0.9563,0.9842,0.6954,77.38,1.2064,5.4184,6.3272,0.7959,0.6139
2011-08-26,0.9458,0.9854,0.6914,76.62,1.1901,5.3661,6.2952,0.8055,0.6127
2011-08-29,0.9417,0.9778,0.6892,76.96,1.1836,5.3533,6.2921,0.8188,0.6098
2011-08-30,0.9367,0.9791,0.6928,76.75,1.1716,5.3568,6.3516,0.8173,0.6143
2011-08-31,0.9344,0.9783,0.6942,76.5,1.1695,5.349,6.3223,0.8038,0.6147
2011-09-01,0.9302,0.9751,0.7001,76.81,1.1741,5.392,6.3742,0.7951,0.6181
2011-09-02,0.9366,0.9815,0.7041,76.79,1.1776,5.3959,6.4031,0.7862,0.6177
2011-09-06,0.9515,0.9908,0.7143,77.48,1.2151,5.3942,6.452,0.8593,0.6268
2011-09-07,0.9422,0.9882,0.7113,77.39,1.2063,5.387,6.386,0.8599,0.627
2011-09-08,0.9407,0.9856,0.717,77.43,1.1957,5.3897,6.3994,0.8714,0.6242
2011-09-09,0.9573,0.997,0.7317,77.31,1.2174,5.484,6.4931,0.884,0.6301
2011-09-12,0.9697,0.9957,0.7334,77.15,1.2179,5.6207,6.6634,0.8834,0.6324
2011-09-13,0.969,0.9901,0.731,76.88,1.2136,5.6431,6.6765,0.8795,0.6327
2011-09-14,0.9771,0.9913,0.7294,76.71,1.2171,5.6696,6.722,0.8772,0.634
2011-09-15,0.9696,0.9867,0.7216,76.7,1.212,5.5906,6.615,0.8705,0.6326
2011-09-16,0.9634,0.9813,0.7255,76.89,1.2032,5.5875,6.6457,0.8753,0.6328
2011-09-19,0.9788,0.9897,0.7334,76.48,1.2158,5.7031,6.7191,0.8839,0.638
2011-09-20,0.9715,0.9922,0.7301,76.52,1.2101,5.6523,6.6295,0.8879,0.6362
2011-09-21,0.9795,0.9985,0.7287,76.38,1.2274,5.6674,6.6761,0.8932,0.6402
2011-09-22,1.0242,1.0327,0.7437,76.31,1.2837,5.8579,6.9087,0.9073,0.6511
2011-09-23,1.0221,1.028,0.7398,76.3,1.2837,5.8365,6.8765,0.9035,0.6462
2011-09-26,1.0255,1.0338,0.7399,76.35,1.296,5.7863,6.853,0.9022,0.643
2011-09-27,1.0038,1.019,0.735,76.6,1.2604,5.7274,6.7328,0.8959,0.6377
2011-09-28,1.0106,1.0226,0.7338,76.51,1.2729,5.7462,6.7521,0.8955,0.6391
2011-09-29,1.0185,1.0338,0.7332,76.68,1.2875,5.7718,6.7686,0.8947,0.6376
2011-09-30,1.0263,1.0389,0.7435,77.04,1.3029,5.8368,6.819,0.9048,0.64
2011-10-03,1.0366,1.044,0.753,76.66,1.3116,5.8581,6.8541,0.9151,0.6462
2011-10-04,1.0579,1.0605,0.7522,76.86,1.3266,5.9111,6.905,0.9223,0.6492
2011-10-05,1.0391,1.0448,0.7503,76.86,1.311,5.8818,6.8783,0.9228,0.6478
2011-10-06,1.031,1.0431,0.7458,76.64,1.3023,5.8514,6.8398,0.9219,0.6494
2011-10-07,1.016,1.0326,0.7401,76.77,1.2878,5.7828,6.7451,0.9151,0.6399
2011-10-11,1.0022,1.0287,0.7322,76.66,1.2778,5.6865,6.6716,0.9065,0.6413
2011-10-12,0.9837,1.0163,0.7244,77.3,1.2547,5.6242,6.6111,0.8944,0.6346
2011-10-13,0.9855,1.0238,0.7283,76.88,1.2623,5.6459,6.6767,0.9,0.6358
2011-10-14,0.9713,1.0148,0.7214,77.36,1.2467,5.5708,6.6053,0.8934,0.6326
2011-10-17,0.9765,1.0153,0.7262,76.8,1.2538,5.6147,6.6392,0.8979,0.6338
2011-10-18,0.9785,1.0165,0.7289,76.75,1.2614,5.6294,6.6571,0.9012,0.6388
2011-10-19,0.9735,1.0136,0.726,76.79,1.2579,5.6007,6.6112,0.9022,0.633
2011-10-20,0.9816,1.0216,0.7314,76.91,1.2674,5.6442,6.6738,0.9002,0.6359
2011-10-21,0.9681,1.009,0.7208,76.1,1.247,5.5665,6.5712,0.8852,0.6272
2011-10-24,0.9566,1.004,0.7178,76.1,1.2372,5.5228,6.546,0.8804,0.6255
2011-10-25,0.9572,1.0143,0.7189,75.88,1.2552,5.5319,6.5537,0.8794,0.6252
2011-10-26,0.9664,1.01,0.7226,76.05,1.2617,5.5367,6.5635,0.8841,0.6287
2011-10-27,0.9358,0.9942,0.7056,75.8,1.2209,5.4146,6.3575,0.8609,0.6219
2011-10-28,0.934,0.9957,0.706,75.72,1.2165,5.422,6.3676,0.8625,0.62
2011-10-31,0.9425,0.9932,0.717,77.97,1.2315,5.5131,6.4635,0.8706,0.6195
2011-11-01,0.9707,1.02,0.7312,78.28,1.259,5.6691,6.6242,0.8901,0.6271
2011-11-02,0.9647,1.0125,0.7245,78.04,1.262,5.6443,6.5799,0.8808,0.626
2011-11-03,0.966,1.0128,0.7276,77.96,1.2679,5.6065,6.5786,0.8834,0.6266
2011-11-04,0.9654,1.0179,0.7267,78.17,1.2615,5.6329,6.602,0.888,0.624
2011-11-07,0.9672,1.0173,0.7276,78.06,1.2572,5.6054,6.5744,0.9012,0.6241
2011-11-08,0.9679,1.0139,0.7254,77.79,1.2579,5.6166,6.5507,0.8966,0.622
2011-11-09,0.9805,1.0176,0.7355,77.77,1.2731,5.7107,6.6606,0.906,0.6266
2011-11-10,0.9865,1.0188,0.7353,77.58,1.2882,5.6935,6.6812,0.9058,0.6275
2011-11-14,0.9811,1.0176,0.7339,77.02,1.2835,5.7086,6.7029,0.9072,0.629
2011-11-15,0.9858,1.0233,0.7394,76.99,1.2999,5.7511,6.7385,0.9177,0.6322
2011-11-16,0.9865,1.0205,0.7405,77.02,1.3012,5.7732,6.7797,0.9169,0.6341
2011-11-17,0.9944,1.0224,0.7395,76.98,1.3118,5.7802,6.7705,0.9167,0.6329
2011-11-18,0.9964,1.026,0.7396,76.93,1.32,5.7761,6.7773,0.9159,0.6336
2011-11-21,1.0161,1.0386,0.7394,76.97,1.3378,5.7902,6.8092,0.9158,0.6385
2011-11-22,1.0172,1.0371,0.7407,77.07,1.3412,5.7844,6.8221,0.9145,0.6391
2011-11-23,1.0324,1.0479,0.7492,77.41,1.3504,5.8545,6.9138,0.9202,0.6447
2011-11-25,1.027,1.0487,0.7551,77.66,1.3483,5.9212,7.0013,0.9289,0.6465
2011-11-28,1.0077,1.0327,0.75,78.05,1.3245,5.8828,6.9458,0.9215,0.6436
2011-11-29,0.9982,1.0296,0.7495,77.86,1.3111,5.8453,6.8848,0.9194,0.64
2011-11-30,0.9762,1.0199,0.7433,77.58,1.2872,5.7643,6.7555,0.9106,0.6367
2011-12-01,0.9778,1.0172,0.7415,77.6,1.2855,5.7873,6.7618,0.9135,0.637
2011-12-02,0.9784,1.0165,0.747,77.88,1.286,5.7945,6.765,0.9219,0.6414
2011-12-05,0.9711,1.014,0.7428,77.77,1.2798,5.7428,6.7128,0.9179,0.6374
2011-12-06,0.9778,1.0116,0.7464,77.73,1.2858,5.7605,6.7474,0.9267,0.6418
2011-12-07,0.9739,1.0106,0.747,77.69,1.2857,5.7585,6.7405,0.9251,0.6373
2011-12-08,0.9816,1.019,0.7505,77.67,1.2937,5.789,6.798,0.9275,0.6396
2011-12-09,0.9814,1.0202,0.7481,77.58,1.2932,5.7473,6.7379,0.9243,0.6393
2011-12-12,0.9941,1.0273,0.7583,77.87,1.3129,5.8272,6.8695,0.936,0.6411
2011-12-13,0.9904,1.0283,0.7637,77.86,1.3087,5.9074,6.9435,0.9418,0.644
2011-12-14,1.0097,1.0403,0.7709,78.08,1.3321,5.9908,7.0054,0.953,0.6475
2011-12-15,1.0064,1.0338,0.7685,77.87,1.3259,5.9921,6.9736,0.9402,0.6457
2011-12-16,1.0038,1.0388,0.7678,77.65,1.312,5.9714,6.9292,0.9372,0.6446
2011-12-19,1.0086,1.0364,0.7682,77.96,1.3212,5.9334,6.9065,0.9364,0.6439
2011-12-20,0.9931,1.0284,0.7648,77.76,1.299,5.896,6.8582,0.9309,0.638
2011-12-21,0.993,1.0286,0.7669,78,1.3031,5.9397,6.9037,0.9378,0.6378
2011-12-22,0.9862,1.0213,0.7666,78.13,1.2903,5.9492,6.8708,0.9368,0.6383
2011-12-23,0.9854,1.0208,0.7669,78.13,1.292,5.9755,6.8897,0.9379,0.6404
2011-12-27,0.9843,1.0201,0.7649,77.83,1.2953,5.9579,6.853,0.9339,0.6381
2011-12-28,0.9909,1.0232,0.7736,77.98,1.3004,6.0268,6.9177,0.943,0.6461
2011-12-29,0.9868,1.0208,0.7721,77.71,1.2963,5.9988,6.9029,0.9412,0.6499
2011-12-30,0.9755,1.0168,0.7708,76.98,1.2812,5.9682,6.8737,0.9374,0.6436
2012-01-03,0.9634,1.0089,0.7656,76.67,1.2653,5.9015,6.8109,0.9319,0.6388
2012-01-04,0.9664,1.0134,0.7734,76.68,1.2697,5.9428,6.8518,0.9417,0.6395
2012-01-05,0.9753,1.0197,0.7823,77.18,1.2814,6.0259,6.932,0.9528,0.646
2012-01-06,0.977,1.0231,0.786,77.06,1.2791,6.0202,6.9318,0.9555,0.648
2012-01-09,0.979,1.0272,0.7846,76.88,1.2739,6.0133,6.9184,0.952,0.6478
2012-01-10,0.9687,1.0161,0.7824,76.84,1.2583,5.9802,6.877,0.9486,0.6456
2012-01-11,0.9713,1.0192,0.7883,76.9,1.2579,6.045,6.9412,0.9554,0.6525
2012-01-12,0.9698,1.0197,0.7802,76.76,1.2615,6.0026,6.9221,0.9444,0.6525
2012-01-13,0.9716,1.0246,0.7885,76.9,1.2621,6.0708,7.0137,0.9534,0.6536
2012-01-17,0.962,1.013,0.7849,76.8,1.2492,6.0291,6.9227,0.9492,0.6512
2012-01-18,0.962,1.0138,0.7797,76.81,1.2408,5.9949,6.8644,0.9427,0.6489
2012-01-19,0.96,1.0094,0.773,77.23,1.2467,5.9102,6.7623,0.9335,0.6458
2012-01-20,0.955,1.0142,0.7723,76.97,1.2408,5.9219,6.7785,0.9327,0.6435
2012-01-23,0.9493,1.0079,0.7672,76.92,1.2333,5.8681,6.735,0.9268,0.6418
2012-01-24,0.9551,1.0096,0.769,77.78,1.2356,5.8938,6.769,0.929,0.6412
2012-01-25,0.9541,1.0119,0.7705,78.13,1.2413,5.9131,6.8169,0.931,0.6423
2012-01-26,0.9389,0.9986,0.7603,77.47,1.2173,5.8105,6.7539,0.9174,0.6367
2012-01-27,0.9394,1.0014,0.758,76.68,1.2137,5.8027,6.7527,0.9142,0.6363
2012-01-30,0.9443,1.003,0.762,76.28,1.2197,5.8275,6.7557,0.9178,0.6373
2012-01-31,0.9436,1.005,0.7661,76.34,1.2127,5.873,6.8161,0.922,0.6348
2012-02-01,0.9346,0.9984,0.7588,76.11,1.2018,5.807,6.7389,0.9141,0.631
2012-02-02,0.933,0.9985,0.7595,76.13,1.1975,5.8142,6.7305,0.9144,0.6324
2012-02-03,0.9292,0.9944,0.763,76.54,1.1962,5.8201,6.7206,0.9208,0.6338
2012-02-06,0.9308,0.9953,0.7616,76.54,1.1983,5.8106,6.7084,0.9188,0.6316
2012-02-07,0.9261,0.9947,0.7551,76.88,1.1956,5.7695,6.6658,0.9129,0.6293
2012-02-08,0.9272,0.9969,0.7545,76.9,1.1995,5.7588,6.6479,0.9126,0.6321
2012-02-09,0.9254,0.9941,0.752,77.42,1.1953,5.7408,6.6233,0.9103,0.6314
2012-02-10,0.9367,1.0016,0.7583,77.57,1.2073,5.7548,6.6743,0.9176,0.635
2012-02-13,0.931,0.9995,0.7569,77.52,1.1977,5.7073,6.648,0.9149,0.6337
2012-02-14,0.9354,0.9988,0.7605,78.39,1.2018,5.7295,6.6843,0.9185,0.6373
2012-02-15,0.9309,0.9965,0.7641,78.22,1.193,5.7699,6.7058,0.9223,0.6365
2012-02-16,0.9295,0.9962,0.7628,78.77,1.1998,5.7543,6.7327,0.9209,0.6331
2012-02-17,0.935,0.997,0.7605,79.33,1.2009,5.6929,6.7182,0.918,0.6324
2012-02-21,0.9353,0.9956,0.7544,79.73,1.1959,5.6782,6.6447,0.9114,0.6331
2012-02-22,0.9408,0.9999,0.7547,80.3,1.2054,5.6499,6.6613,0.9107,0.6379
2012-02-23,0.9356,0.9983,0.7514,80.21,1.1998,5.6356,6.647,0.9059,0.6369
2012-02-24,0.934,0.9988,0.7428,80.88,1.1955,5.565,6.5561,0.8949,0.6302
2012-02-27,0.929,0.9982,0.7457,80.42,1.1899,5.5991,6.5868,0.8987,0.6311
2012-02-28,0.9289,0.9956,0.7434,80.44,1.1937,5.5632,6.5591,0.8961,0.6294
2012-02-29,0.9279,0.9866,0.7486,81.1,1.1909,5.5737,6.5843,0.9023,0.6269
2012-03-01,0.9257,0.9848,0.7508,81.16,1.1906,5.58,6.6206,0.9051,0.6268
2012-03-02,0.9305,0.9887,0.7575,81.56,1.2026,5.6104,6.679,0.9134,0.6308
2012-03-05,0.9374,0.9936,0.7561,81.43,1.2171,5.6108,6.6943,0.9116,0.6301
2012-03-06,0.9478,1.0013,0.7625,80.86,1.2306,5.7067,6.7903,0.9186,0.6361
2012-03-07,0.9449,0.9994,0.7605,81.06,1.2203,5.659,6.7939,0.9169,0.6351
2012-03-08,0.9418,0.992,0.7544,81.5,1.2133,5.5901,6.7059,0.9092,0.632
2012-03-09,0.9443,0.9894,0.7629,82.59,1.2168,5.6992,6.796,0.92,0.6379
2012-03-12,0.9533,0.9934,0.761,82.21,1.2232,5.697,6.8108,0.9177,0.6404
2012-03-13,0.9488,0.9905,0.7628,82.66,1.2152,5.6804,6.7629,0.9198,0.6355
2012-03-14,0.9573,0.9914,0.7678,83.78,1.2356,5.8228,6.8522,0.9313,0.6375
2012-03-15,0.9498,0.9928,0.7651,83.28,1.2203,5.79,6.8099,0.9236,0.6382
2012-03-16,0.9448,0.9912,0.7592,83.34,1.2136,5.7435,6.7489,0.916,0.6311
2012-03-19,0.9427,0.9878,0.7552,83.31,1.2112,5.7158,6.7104,0.9109,0.6292
2012-03-20,0.9537,0.9933,0.7563,83.62,1.2231,5.7573,6.7485,0.9122,0.6306
2012-03-21,0.9579,0.9928,0.7582,83.62,1.229,5.7635,6.7307,0.9143,0.631
2012-03-22,0.9643,1.0002,0.7579,82.5,1.2375,5.7855,6.7711,0.9136,0.6326
2012-03-23,0.9564,0.9983,0.754,82.35,1.2238,5.7506,6.7422,0.9085,0.6304
2012-03-26,0.9514,0.9922,0.7503,82.84,1.2182,5.6901,6.681,0.9041,0.6274
2012-03-27,0.9533,0.9928,0.7499,83.15,1.2186,5.6979,6.6801,0.9038,0.6261
2012-03-28,0.9644,0.9983,0.7519,82.74,1.2229,5.7509,6.6748,0.9064,0.6307
2012-03-29,0.9684,0.9998,0.7539,82.28,1.2235,5.7603,6.6799,0.9084,0.6285
2012-03-30,0.9646,0.999,0.75,82.41,1.2195,5.7001,6.6191,0.9026,0.6256
2012-04-02,0.9591,0.9916,0.7505,82.16,1.2136,5.6779,6.6042,0.9037,0.6241
2012-04-03,0.9641,0.9909,0.7498,82.18,1.2204,5.6799,6.595,0.9024,0.6263
2012-04-04,0.9751,0.9961,0.7618,82.62,1.2276,5.7689,6.7087,0.9168,0.6298
2012-04-05,0.9706,0.9927,0.7655,82.33,1.2261,5.7876,6.7524,0.92,0.632
2012-04-06,0.9698,0.9971,0.764,81.56,1.22,5.7878,6.7518,0.9176,0.6298
2012-04-09,0.9691,0.9971,0.7641,81.36,1.2154,5.7936,6.7716,0.918,0.6298
2012-04-10,0.9745,1.0027,0.7652,80.94,1.2297,5.8109,6.8118,0.9195,0.6315
2012-04-11,0.9713,1.004,0.7631,80.88,1.2228,5.8014,6.7954,0.9165,0.6292
2012-04-12,0.9578,0.9951,0.7592,80.87,1.2092,5.766,6.749,0.9125,0.6274
2012-04-13,0.9641,0.9978,0.7644,80.99,1.2132,5.7931,6.788,0.9189,0.6309
2012-04-16,0.9671,1.0025,0.7653,80.46,1.2212,5.7797,6.7911,0.9199,0.6303
2012-04-17,0.9611,0.9878,0.762,80.72,1.2161,5.743,6.7693,0.9156,0.6277
2012-04-18,0.9646,0.9902,0.7621,81.29,1.2235,5.7523,6.7418,0.9162,0.6242
2012-04-19,0.9674,0.9927,0.7615,81.57,1.227,5.746,6.7285,0.9155,0.6227
2012-04-20,0.9639,0.9912,0.7569,81.6,1.2235,5.7188,6.6936,0.9095,0.6202
2012-04-23,0.971,0.9935,0.7617,81.16,1.2326,5.7486,6.7723,0.9152,0.621
2012-04-24,0.971,0.9882,0.7572,81.21,1.2318,5.7262,6.736,0.9098,0.6198
2012-04-25,0.9678,0.9848,0.757,81.33,1.2296,5.7209,6.7312,0.9097,0.6193
2012-04-26,0.9631,0.984,0.7557,80.78,1.2277,5.7329,6.7171,0.9081,0.6177
2012-04-27,0.9572,0.9807,0.7548,80.48,1.2197,5.7303,6.717,0.9066,0.6158
2012-04-30,0.9606,0.9886,0.7559,79.81,1.2234,5.7276,6.7274,0.9081,0.6163
2012-05-01,0.9667,0.9839,0.7561,80.17,1.2261,5.717,6.7206,0.9087,0.6165
2012-05-02,0.9705,0.989,0.7602,80.19,1.2355,5.7458,6.7468,0.9135,0.6176
2012-05-03,0.9747,0.9869,0.7606,80.36,1.2497,5.7446,6.7585,0.9138,0.6179
2012-05-04,0.9814,0.9955,0.7639,79.84,1.2577,5.7888,6.8163,0.9176,0.6193
2012-05-07,0.9803,0.9938,0.7662,79.88,1.2569,5.7902,6.819,0.9204,0.6176
2012-05-08,0.9884,0.9997,0.7683,79.79,1.2702,5.8291,6.8502,0.9228,0.6189
2012-05-09,0.9934,1.0014,0.772,79.64,1.274,5.8278,6.871,0.9272,0.62
2012-05-10,0.9888,1.0015,0.7717,79.91,1.2705,5.8532,6.9286,0.9269,0.6188
2012-05-11,0.9935,0.9967,0.773,79.86,1.271,5.8551,6.9432,0.9283,0.6219
2012-05-14,1.0002,1.0018,0.7784,79.83,1.2824,5.9222,7.0303,0.9349,0.6205
2012-05-15,1.0023,1.0029,0.7831,80.09,1.2945,5.9802,7.1303,0.9405,0.624
2012-05-16,1.0067,1.0099,0.7855,80.32,1.3055,5.9634,7.1545,0.9435,0.6276
2012-05-17,1.0076,1.0162,0.7868,79.26,1.306,5.9816,7.1988,0.945,0.632
2012-05-18,1.0184,1.0211,0.7861,79.14,1.3259,5.9955,7.1841,0.9442,0.6334
2012-05-21,1.0149,1.0223,0.7831,79.31,1.3156,5.9546,7.1274,0.9406,0.6333
2012-05-22,1.0128,1.0191,0.7852,79.98,1.3142,5.9452,7.1153,0.9431,0.6339
2012-05-23,1.03,1.0274,0.7956,79.33,1.3387,6.0096,7.1903,0.9555,0.6373
2012-05-24,1.0231,1.0274,0.7947,79.47,1.3273,6.0056,7.1558,0.9558,0.637
2012-05-25,1.0227,1.0285,0.7988,79.64,1.3231,6.0133,7.1681,0.9592,0.6391
2012-05-29,1.0178,1.0253,0.8008,79.44,1.3146,6.0328,7.2084,0.9617,0.6398
2012-05-30,1.0274,1.0289,0.8061,78.93,1.3245,6.0674,7.2323,0.9682,0.6438
2012-05-31,1.0298,1.0349,0.8088,78.29,1.3286,6.1097,7.2655,0.9713,0.6491
2012-06-01,1.0322,1.0378,0.8052,78.21,1.3268,6.1301,7.2494,0.9671,0.6501
2012-06-04,1.0289,1.0417,0.8003,78.3,1.3214,6.0882,7.1865,0.961,0.6501
2012-06-05,1.0286,1.0414,0.8041,78.57,1.3252,6.114,7.2235,0.9656,0.6513
2012-06-06,1.0096,1.0298,0.7978,79.11,1.3019,6.0789,7.1922,0.9579,0.6462
2012-06-07,1.0064,1.0244,0.7957,79.67,1.2967,6.0401,7.1461,0.9558,0.6428
2012-06-08,1.0133,1.0332,0.8012,79.47,1.3033,6.0675,7.1526,0.962,0.648
2012-06-11,1.0076,1.0281,0.7997,79.5,1.2933,6.0255,7.0997,0.9604,0.6445
2012-06-12,1.0076,1.0269,0.8015,79.44,1.2893,6.0343,7.095,0.9624,0.6426
2012-06-13,1.0027,1.027,0.7939,79.35,1.2852,5.9789,7.0241,0.9533,0.6428
2012-06-14,1.0011,1.0247,0.7931,79.29,1.2793,5.957,7.0235,0.9525,0.6438
2012-06-15,0.9943,1.0244,0.7916,78.65,1.2697,5.9574,6.9962,0.9506,0.6388
2012-06-18,0.9913,1.0264,0.795,78.95,1.265,5.992,7.0374,0.9547,0.6384
2012-06-19,0.9808,1.0177,0.7879,78.92,1.2516,5.9274,6.9574,0.9461,0.6356
2012-06-20,0.981,1.0193,0.7872,79.54,1.2553,5.899,6.9518,0.9453,0.6349
2012-06-21,0.9906,1.025,0.7945,80.18,1.2617,5.948,6.9974,0.9542,0.6397
2012-06-22,0.9941,1.0258,0.7971,80.52,1.265,5.96,7.0167,0.9572,0.6418
2012-06-25,1.0019,1.0301,0.8013,79.5,1.2724,6.0216,7.0877,0.9621,0.6429
2012-06-26,0.9954,1.0264,0.8019,79.46,1.2642,6.0261,7.0828,0.963,0.6402
2012-06-27,0.993,1.0258,0.8028,79.83,1.2649,6.0424,7.0687,0.9642,0.6431
2012-06-28,0.9975,1.0331,0.8043,79.35,1.2719,6.0638,7.0666,0.9661,0.645
2012-06-29,0.9769,1.019,0.7894,79.81,1.2458,5.9541,6.9123,0.9485,0.6375
2012-07-02,0.9767,1.0193,0.7947,79.42,1.2458,5.9706,6.9189,0.9544,0.6378
2012-07-03,0.9714,1.0123,0.7924,79.77,1.2408,5.9569,6.9263,0.9517,0.6369
2012-07-05,0.9717,1.013,0.8075,79.95,1.2425,6.0393,6.9619,0.9698,0.6439
2012-07-06,0.9816,1.0198,0.8141,79.61,1.2555,6.1241,7.0284,0.9777,0.646
2012-07-09,0.9827,1.021,0.8131,79.66,1.2571,6.0925,7.0114,0.9764,0.6449
2012-07-10,0.9787,1.0202,0.816,79.44,1.2549,6.1025,6.9778,0.9798,0.6449
2012-07-11,0.9754,1.0195,0.8167,79.7,1.2527,6.1104,6.9965,0.9808,0.6438
2012-07-12,0.9871,1.0215,0.8197,79.29,1.2661,6.1095,7.0341,0.9843,0.6483
2012-07-13,0.9792,1.0151,0.8175,79.2,1.2583,6.1008,7.032,0.9817,0.6431
2012-07-16,0.9769,1.0156,0.8152,78.8,1.2545,6.0879,7.0411,0.9791,0.6396
2012-07-17,0.9727,1.0141,0.8174,79.04,1.2568,6.0973,6.9956,0.9818,0.6405
2012-07-18,0.9665,1.0112,0.8156,78.79,1.2514,6.1037,6.9406,0.9795,0.6395
2012-07-19,0.9594,1.0076,0.8159,78.6,1.245,6.0682,6.9326,0.9798,0.6362
2012-07-20,0.9631,1.0113,0.8213,78.49,1.2513,6.076,6.928,0.9863,0.6398
2012-07-23,0.9737,1.0172,0.8247,78.38,1.2673,6.0953,6.967,0.9904,0.6447
2012-07-24,0.9753,1.0207,0.829,78.19,1.2697,6.1087,6.9793,0.9957,0.6443
2012-07-25,0.9732,1.0181,0.8243,78.21,1.2724,6.09,6.98,0.9899,0.646
2012-07-26,0.9625,1.0101,0.8143,78.24,1.2477,6.0172,6.8726,0.978,0.6376
2012-07-27,0.9578,1.0059,0.8084,78.55,1.2382,6.0281,6.8516,0.9709,0.6358
2012-07-30,0.9534,1.0033,0.8163,78.2,1.2369,6.0512,6.7956,0.9804,0.6372
2012-07-31,0.9504,1.0014,0.812,78.1,1.2323,6.0189,6.787,0.9753,0.6375
2012-08-01,0.9508,1.0017,0.8131,78.19,1.2309,6.0148,6.7602,0.9767,0.6412
2012-08-02,0.9568,1.0061,0.8231,78.22,1.2361,6.0647,6.8218,0.9886,0.6452
2012-08-03,0.9464,0.9986,0.8071,78.6,1.2198,5.9728,6.7119,0.9697,0.639
2012-08-06,0.9442,0.9988,0.805,78.17,1.2168,5.9461,6.7051,0.9669,0.64
2012-08-07,0.946,0.9964,0.805,78.71,1.2234,5.9073,6.7024,0.9672,0.6387
2012-08-08,0.9458,0.9946,0.8088,78.44,1.2261,5.8708,6.6843,0.9714,0.6386
2012-08-09,0.9463,0.9923,0.8145,78.64,1.233,5.9272,6.7026,0.9781,0.6401
2012-08-10,0.9462,0.9917,0.8131,78.24,1.2306,5.9176,6.656,0.9764,0.6378
2012-08-13,0.9517,0.9933,0.8104,78.34,1.2373,5.9332,6.6952,0.9733,0.6373
2012-08-14,0.9518,0.9914,0.8111,78.82,1.2387,5.921,6.6906,0.9742,0.6373
2012-08-15,0.9516,0.989,0.8138,78.89,1.2387,5.9488,6.6895,0.9774,0.6375
2012-08-16,0.9519,0.9881,0.8093,79.25,1.2349,5.9452,6.6941,0.9719,0.6354
2012-08-17,0.959,0.9883,0.812,79.5,1.2376,5.9349,6.6915,0.9752,0.6371
2012-08-20,0.9563,0.989,0.8102,79.41,1.2344,5.923,6.668,0.973,0.6367
2012-08-21,0.953,0.9864,0.8018,79.43,1.2315,5.8775,6.6537,0.963,0.6334
2012-08-22,0.9573,0.9928,0.8018,79.19,1.2349,5.884,6.6662,0.9628,0.6329
2012-08-23,0.9543,0.9928,0.7947,78.46,1.2252,5.8222,6.6023,0.9542,0.6296
2012-08-24,0.9605,0.9919,0.7979,78.65,1.2321,5.8203,6.5906,0.9581,0.6323
2012-08-27,0.9627,0.9892,0.7991,78.67,1.2349,5.827,6.5873,0.9597,0.6329
2012-08-28,0.9631,0.9864,0.7959,78.5,1.2412,5.8235,6.6032,0.9558,0.6318
2012-08-29,0.9647,0.9873,0.7976,78.72,1.2463,5.8268,6.658,0.9578,0.6314
2012-08-30,0.9708,0.9925,0.8002,78.55,1.252,5.82,6.6916,0.9608,0.6332
2012-08-31,0.9677,0.9862,0.795,78.3,1.2442,5.799,6.6176,0.9546,0.6304
2012-09-04,0.9775,0.9862,0.7958,78.35,1.2594,5.798,6.7102,0.9558,0.6294
2012-09-05,0.9809,0.9901,0.7935,78.34,1.2575,5.8264,6.7253,0.9548,0.6287
2012-09-06,0.972,0.9824,0.792,78.96,1.2475,5.8496,6.745,0.9539,0.6281
2012-09-07,0.9625,0.9777,0.7815,78.14,1.2326,5.7544,6.6144,0.9452,0.6244
2012-09-10,0.965,0.9761,0.7816,78.24,1.2329,5.7589,6.6103,0.9438,0.6246
2012-09-11,0.9577,0.9723,0.7777,77.78,1.2222,5.7645,6.606,0.9387,0.6222
2012-09-12,0.9567,0.9756,0.7756,77.86,1.2203,5.7459,6.5769,0.9376,0.6207
2012-09-13,0.957,0.9754,0.7745,77.41,1.2143,5.7647,6.6182,0.9395,0.6202
2012-09-14,0.9469,0.971,0.7609,78.22,1.2061,5.6658,6.5459,0.925,0.6156
2012-09-17,0.9533,0.9723,0.7619,78.68,1.2086,5.7014,6.5825,0.9266,0.6149
2012-09-18,0.9573,0.9743,0.7662,78.59,1.2077,5.7136,6.5643,0.9288,0.6153
2012-09-19,0.9542,0.9747,0.7654,78.4,1.207,5.6972,6.5018,0.9266,0.6166
2012-09-20,0.9606,0.9775,0.7723,78.3,1.2099,5.7418,6.5357,0.9336,0.6174
2012-09-21,0.9552,0.9757,0.7698,78.17,1.2041,5.7334,6.562,0.9327,0.6153
2012-09-24,0.96,0.98,0.7747,77.9,1.2168,5.7522,6.5741,0.9371,0.6173
2012-09-25,0.9574,0.977,0.7725,77.91,1.2086,5.7092,6.541,0.9348,0.6161
2012-09-26,0.9655,0.9845,0.7781,77.78,1.2149,5.7585,6.6032,0.9401,0.6194
2012-09-27,0.9579,0.9812,0.7768,77.62,1.2019,5.7225,6.5421,0.9388,0.6166
2012-09-28,0.9626,0.9837,0.7778,77.92,1.2058,5.7292,6.5649,0.94,0.6199
2012-10-01,0.9639,0.9827,0.7752,78,1.2064,5.7275,6.5751,0.9376,0.6195
2012-10-02,0.9716,0.9827,0.7721,78.01,1.2035,5.683,6.5902,0.9342,0.6178
2012-10-03,0.9787,0.987,0.7747,78.57,1.2191,5.7558,6.683,0.9382,0.622
2012-10-04,0.9776,0.9821,0.7692,78.44,1.2209,5.7029,6.6165,0.9316,0.6186
2012-10-05,0.9787,0.9763,0.7658,78.66,1.2149,5.6632,6.5826,0.9284,0.6174
2012-10-09,0.9815,0.9787,0.7766,78.23,1.2243,5.7355,6.6951,0.94,0.6255
2012-10-10,0.9764,0.9786,0.7759,78.26,1.2229,5.7333,6.6934,0.9392,0.6247
2012-10-11,0.9746,0.9785,0.7735,78.44,1.2232,5.708,6.6952,0.9353,0.6239
2012-10-12,0.9777,0.9797,0.7724,78.31,1.2231,5.713,6.6991,0.9334,0.6221
2012-10-15,0.9761,0.9783,0.7722,78.76,1.2212,5.709,6.6614,0.933,0.6223
2012-10-16,0.9737,0.9854,0.7671,78.92,1.229,5.667,6.615,0.9273,0.6211
2012-10-17,0.9634,0.9795,0.7614,78.74,1.2168,5.6271,6.5892,0.9217,0.6186
2012-10-18,0.9618,0.9811,0.763,79.24,1.216,5.6164,6.5484,0.9225,0.6195
2012-10-19,0.9682,0.993,0.7679,79.26,1.2253,5.6581,6.5684,0.9286,0.6249
2012-10-22,0.9692,0.9938,0.7655,79.84,1.2231,5.6701,6.589,0.9263,0.6239
2012-10-23,0.9757,0.9934,0.771,79.79,1.2323,5.729,6.649,0.9328,0.6277
2012-10-24,0.9676,0.9945,0.7724,79.82,1.2265,5.7584,6.6993,0.9342,0.6244
2012-10-25,0.9663,0.9942,0.7717,80.04,1.2182,5.7672,6.7023,0.9336,0.6204
2012-10-26,0.9654,0.999,0.7729,79.63,1.2157,5.7616,6.7014,0.9348,0.6212
2012-10-29,0.9681,1.0003,0.7748,79.81,1.2212,5.7574,6.6713,0.9366,0.624
2012-10-30,0.9643,0.9992,0.7705,79.58,1.2189,5.7206,6.6208,0.9309,0.6218
2012-10-31,0.9643,0.9994,0.7717,79.94,1.2165,5.7075,6.6348,0.9311,0.6207
2012-11-01,0.9614,0.9973,0.773,80.14,1.2101,5.6816,6.658,0.9326,0.6195
2012-11-02,0.9646,0.9962,0.7783,80.53,1.2105,5.7207,6.6892,0.9396,0.6236
2012-11-05,0.9643,0.9965,0.7819,80.17,1.2117,5.7308,6.6884,0.9434,0.6259
2012-11-06,0.958,0.9936,0.7802,80.28,1.2082,5.7171,6.6875,0.9424,0.6256
2012-11-07,0.9608,0.9971,0.7838,79.85,1.2114,5.7375,6.6901,0.9454,0.626
2012-11-08,0.9589,0.9985,0.7849,79.74,1.2234,5.7364,6.6959,0.9462,0.6258
2012-11-09,0.962,1.0007,0.7865,79.46,1.2273,5.7405,6.7349,0.9483,0.6285
2012-11-13,0.9584,1.0015,0.7864,79.42,1.2201,5.7637,6.778,0.947,0.6295
2012-11-14,0.9618,1.0017,0.7849,80.2,1.232,5.7521,6.7802,0.945,0.631
2012-11-15,0.9695,1.0024,0.7823,81.16,1.2353,5.7542,6.7557,0.9418,0.6303
2012-11-16,0.9692,1.0029,0.7865,81.28,1.2358,5.7948,6.8019,0.9472,0.6303
2012-11-19,0.961,0.9963,0.7809,81.18,1.2222,5.7371,6.7388,0.9404,0.6286
2012-11-20,0.9631,0.9969,0.7804,81.72,1.2264,5.7325,6.7696,0.9403,0.6279
2012-11-21,0.9667,0.998,0.7803,82.36,1.232,5.7197,6.7357,0.9394,0.6275
2012-11-23,0.9568,0.9927,0.7717,82.34,1.2136,5.6622,6.6287,0.9296,0.6238
2012-11-26,0.9569,0.9949,0.7712,82.11,1.2165,5.6487,6.6092,0.9284,0.6245
2012-11-27,0.9559,0.9936,0.7728,82.23,1.2179,5.6886,6.6787,0.931,0.6239
2012-11-28,0.9551,0.9927,0.7738,81.84,1.2152,5.6831,6.6604,0.9313,0.6251
2012-11-29,0.9594,0.9928,0.772,82.06,1.2171,5.6925,6.678,0.9293,0.624
2012-11-30,0.9589,0.9931,0.7686,82.54,1.2194,5.6667,6.6594,0.9264,0.6239
2012-12-03,0.9585,0.9929,0.7653,82.24,1.2167,5.6368,6.6249,0.925,0.621
2012-12-04,0.9545,0.9926,0.7645,81.86,1.2132,5.6232,6.6008,0.9272,0.6212
2012-12-05,0.956,0.9913,0.7647,82.4,1.2114,5.6198,6.5898,0.9262,0.621
2012-12-06,0.9532,0.9909,0.7711,82.29,1.2012,5.6468,6.6381,0.933,0.6224
2012-12-07,0.9537,0.989,0.7727,82.37,1.2008,5.6675,6.6652,0.9333,0.6238
2012-12-10,0.9531,0.9871,0.7734,82.37,1.1986,5.6728,6.692,0.933,0.6224
2012-12-11,0.9508,0.9867,0.7697,82.42,1.1932,5.6524,6.6408,0.9333,0.621
2012-12-12,0.9489,0.9854,0.767,83.1,1.1889,5.629,6.661,0.9286,0.6199
2012-12-13,0.9498,0.9845,0.7647,83.54,1.1848,5.617,6.667,0.9243,0.62
2012-12-14,0.9474,0.986,0.7614,83.52,1.1839,5.623,6.6716,0.9196,0.6196
2012-12-17,0.948,0.9841,0.7594,83.7,1.1843,5.604,6.6412,0.9174,0.6172
2012-12-18,0.9499,0.9852,0.7562,84,1.1875,5.5936,6.5954,0.913,0.6152
2012-12-19,0.9527,0.9868,0.7541,84.32,1.195,5.5602,6.5457,0.9115,0.6144
2012-12-20,0.9544,0.9882,0.7562,84.33,1.2,5.5607,6.5131,0.913,0.6147
2012-12-21,0.9597,0.9941,0.7595,84.1,1.2129,5.5709,6.5337,0.9172,0.6185
2012-12-24,0.9643,0.9913,0.7588,84.81,1.2157,5.61,6.5557,0.9161,0.6206
2012-12-26,0.9662,0.9945,0.756,85.62,1.2256,5.5884,6.5092,0.9128,0.6204
2012-12-27,0.9653,0.9949,0.756,86.06,1.2235,5.5805,6.5091,0.9138,0.6209
2012-12-28,0.963,0.9951,0.7564,86.12,1.2182,5.5885,6.5099,0.913,0.6189
2012-12-31,0.9622,0.9958,0.7584,86.64,1.2096,5.5618,6.5074,0.9155,0.6149
2013-01-02,0.9531,0.9859,0.7579,87.1,1.2002,5.5422,6.4851,0.9166,0.6152
2013-01-03,0.951,0.9853,0.7628,86.92,1.2011,5.5617,6.506,0.9222,0.6192
2013-01-04,0.9566,0.9856,0.7665,88.14,1.207,5.6114,6.5518,0.9262,0.6236
2013-01-07,0.9543,0.9859,0.7634,87.68,1.1975,5.5927,6.5081,0.9227,0.6219
2013-01-08,0.9537,0.9871,0.7652,87.31,1.1982,5.6044,6.549,0.925,0.6234
2013-01-09,0.9508,0.9867,0.7646,87.9,1.1908,5.5879,6.5568,0.9244,0.6241
2013-01-10,0.9453,0.9859,0.7564,88.16,1.1868,5.5369,6.5066,0.9162,0.6202
2013-01-11,0.9489,0.9842,0.7489,89.22,1.1946,5.526,6.466,0.912,0.62
2013-01-14,0.9469,0.9841,0.748,89.34,1.1906,5.5055,6.4453,0.9174,0.622
2013-01-15,0.9471,0.9839,0.7495,88.65,1.1922,5.5647,6.4911,0.9275,0.6215
2013-01-16,0.9467,0.985,0.7516,88.64,1.1892,5.5661,6.501,0.9313,0.6246
2013-01-17,0.9488,0.9853,0.7487,89.41,1.1891,5.5554,6.4916,0.9331,0.6254
2013-01-18,0.9528,0.9937,0.7517,89.9,1.1975,5.6085,6.5329,0.9346,0.6299
2013-01-22,0.9472,0.9934,0.7517,88.62,1.1903,5.5758,6.5131,0.9278,0.6304
2013-01-23,0.9474,0.9986,0.7514,88.44,1.1857,5.5657,6.5316,0.9295,0.631
2013-01-24,0.9554,1.0024,0.7475,90.04,1.1919,5.5339,6.4895,0.9288,0.6334
2013-01-25,0.9596,1.0078,0.7432,91.04,1.1942,5.5286,6.4602,0.9252,0.633
2013-01-28,0.9614,1.007,0.743,90.73,1.2039,5.5303,6.4167,0.9272,0.6375
2013-01-29,0.9555,1.0029,0.7416,90.65,1.1939,5.4999,6.3789,0.9216,0.6349
2013-01-30,0.9595,1.0033,0.7372,91.05,1.2034,5.4838,6.3476,0.9124,0.6332
2013-01-31,0.9585,0.9992,0.7362,91.28,1.1909,5.468,6.3533,0.9093,0.6307
2013-02-01,0.9604,0.9987,0.7304,92.54,1.1815,5.4312,6.2904,0.903,0.6352
2013-02-04,0.9595,0.9976,0.7393,92.57,1.1823,5.472,6.3201,0.9087,0.6354
2013-02-05,0.9626,0.9972,0.737,93.34,1.1844,5.4884,6.3336,0.9084,0.6389
2013-02-06,0.9688,0.9959,0.7392,93.56,1.1864,5.4943,6.3561,0.91,0.6388
2013-02-07,0.9723,0.9992,0.7473,93.24,1.2044,5.5244,6.4304,0.9176,0.6365
2013-02-08,0.9691,1.0021,0.7482,92.72,1.1972,5.5404,6.4443,0.9183,0.6324
2013-02-11,0.9722,1.0064,0.7455,93.44,1.1946,5.5026,6.3891,0.9186,0.6382
2013-02-12,0.9701,1.0029,0.7435,93.14,1.1875,5.487,6.3554,0.9172,0.6388
2013-02-13,0.9667,1.002,0.7436,93.39,1.1895,5.4747,6.288,0.9182,0.6433
2013-02-14,0.9663,1.0007,0.75,93.1,1.1804,5.512,6.329,0.9232,0.6451
2013-02-15,0.9705,1.0069,0.7484,93.64,1.1825,5.5426,6.3183,0.9226,0.6444
2013-02-19,0.9662,1.0117,0.747,93.54,1.1788,5.5357,6.3096,0.922,0.648
2013-02-20,0.9722,1.0162,0.7491,93.53,1.195,5.567,6.3136,0.9241,0.6536
2013-02-21,0.9755,1.0184,0.7573,92.96,1.1976,5.6588,6.4082,0.9317,0.6552
2013-02-22,0.9692,1.0222,0.7595,93.35,1.193,5.6829,6.4384,0.9314,0.6555
2013-02-25,0.9724,1.0264,0.7592,93.35,1.1933,5.6747,6.4319,0.9314,0.6617
2013-02-26,0.9796,1.0279,0.766,91.38,1.2124,5.7167,6.4764,0.9326,0.6612
2013-02-27,0.9802,1.0249,0.7631,91.88,1.2145,5.7047,6.4514,0.931,0.6608
2013-02-28,0.9765,1.0286,0.7646,92.36,1.2069,5.7209,6.4518,0.9336,0.6582
2013-03-01,0.9794,1.0285,0.7699,93.38,1.2124,5.7599,6.4531,0.9448,0.6652
2013-03-04,0.9839,1.0298,0.7695,93.32,1.2149,5.7218,6.4349,0.9423,0.663
2013-03-05,0.9768,1.0289,0.7681,93.39,1.2054,5.7125,6.3917,0.9433,0.6623
2013-03-06,0.9758,1.0314,0.7698,93.64,1.206,5.7075,6.4095,0.947,0.6651
2013-03-07,0.9744,1.0303,0.7635,95,1.2092,5.673,6.3412,0.9432,0.6652
2013-03-08,0.9778,1.0273,0.7697,96,1.2194,5.7242,6.4007,0.9535,0.67
2013-03-11,0.9743,1.0268,0.7684,96.12,1.212,5.7268,6.4013,0.9496,0.6712
2013-03-12,0.9693,1.0259,0.7679,95.96,1.2112,5.7136,6.3674,0.9472,0.6722
2013-03-13,0.9714,1.0272,0.7723,96,1.2134,5.751,6.423,0.9518,0.67
2013-03-14,0.9627,1.0263,0.7708,96.16,1.2191,5.8019,6.4522,0.9512,0.6649
2013-03-15,0.9617,1.0202,0.7648,95.26,1.2096,5.7756,6.3968,0.9396,0.6612
2013-03-18,0.9622,1.0218,0.7718,94.92,1.2129,5.7886,6.4349,0.9449,0.6617
2013-03-19,0.965,1.0272,0.7759,94.85,1.2137,5.8319,6.4604,0.946,0.6615
2013-03-20,0.9626,1.0268,0.7722,95.51,1.2164,5.8429,6.4635,0.9439,0.6608
2013-03-21,0.9579,1.0239,0.7735,95.06,1.2008,5.8411,6.4769,0.9454,0.6588
2013-03-22,0.9572,1.0224,0.7695,94.48,1.1973,5.8073,6.484,0.9402,0.6562
2013-03-25,0.9568,1.0217,0.7763,94.34,1.198,5.8396,6.5229,0.9473,0.6586
2013-03-26,0.9538,1.0167,0.7777,94.22,1.1933,5.8409,6.4969,0.9484,0.6598
2013-03-27,0.9583,1.0169,0.7824,94.38,1.1963,5.8549,6.5152,0.9534,0.6617
2013-03-28,0.959,1.0155,0.7787,94.02,1.193,5.8326,6.5015,0.9468,0.6586
2013-03-29,0.9607,1.0174,0.7803,94.16,1.1962,5.8446,6.528,0.949,0.6582
2013-04-01,0.9596,1.0166,0.7778,93.3,1.1937,5.8143,6.5094,0.946,0.6565
2013-04-02,0.9563,1.0147,0.7791,93.43,1.1868,5.8115,6.4765,0.9485,0.6617
2013-04-03,0.9541,1.0134,0.7784,92.96,1.1846,5.8043,6.4989,0.9451,0.6605
2013-04-04,0.9618,1.0139,0.778,96.12,1.1932,5.811,6.5565,0.9458,0.658
2013-04-05,0.9629,1.019,0.7676,96.86,1.1875,5.7204,6.4423,0.9324,0.6521
2013-04-08,0.9626,1.0199,0.7688,98.9,1.1829,5.7435,6.419,0.9346,0.6554
2013-04-09,0.9533,1.0162,0.7638,99.02,1.1748,5.7083,6.3896,0.9317,0.6529
2013-04-10,0.9489,1.0148,0.7657,99.61,1.1673,5.7452,6.3894,0.9333,0.653
2013-04-11,0.9466,1.0107,0.762,99.42,1.1561,5.7029,6.3406,0.9294,0.6492
2013-04-12,0.9521,1.0134,0.7637,98.98,1.1666,5.7188,6.3627,0.929,0.6505
2013-04-15,0.9622,1.0208,0.7644,98,1.1783,5.7281,6.3783,0.9303,0.6527
2013-04-16,0.9647,1.0226,0.761,97.86,1.1781,5.7377,6.3789,0.9256,0.6529
2013-04-17,0.9703,1.0263,0.7663,97.74,1.1825,5.7934,6.4979,0.9306,0.6555
2013-04-18,0.9708,1.0257,0.765,98.22,1.1874,5.8119,6.5285,0.9306,0.6544
2013-04-19,0.9712,1.0264,0.7653,99.28,1.1854,5.8161,6.5288,0.9324,0.6556
2013-04-22,0.9751,1.0262,0.7663,99.29,1.1896,5.8504,6.5296,0.9349,0.6552
2013-04-23,0.9745,1.0259,0.7685,99.43,1.1892,5.9034,6.6267,0.9427,0.655
2013-04-24,0.975,1.027,0.7694,99.39,1.1827,5.912,6.6347,0.9484,0.6554
2013-04-25,0.9701,1.0193,0.769,99.42,1.1741,5.8797,6.6155,0.9455,0.6479
2013-04-26,0.9732,1.017,0.7678,97.84,1.1752,5.8506,6.5722,0.9414,0.646
2013-04-29,0.9664,1.0138,0.7639,98.09,1.1675,5.8257,6.5487,0.937,0.6453
2013-04-30,0.9641,1.0072,0.7594,97.52,1.1655,5.7674,6.4817,0.9298,0.6435
2013-05-01,0.9723,1.0083,0.758,97.28,1.1773,5.7601,6.4734,0.9268,0.6419
2013-05-02,0.9747,1.0083,0.7653,97.96,1.1769,5.7982,6.53,0.9348,0.6444
2013-05-03,0.9696,1.0077,0.7627,99.1,1.1712,5.7944,6.4944,0.934,0.6425
2013-05-06,0.9758,1.0074,0.7653,99.35,1.1752,5.8294,6.5375,0.9393,0.6436
2013-05-07,0.9841,1.0051,0.7642,99,1.1844,5.8385,6.5218,0.9402,0.6465
2013-05-08,0.982,1.0023,0.7589,98.9,1.1913,5.7462,6.4925,0.9349,0.6425
2013-05-09,0.9812,1.0026,0.7631,99.29,1.184,5.751,6.5058,0.9406,0.6451
2013-05-10,1.0013,1.0123,0.7719,101.74,1.2086,5.818,6.6185,0.9594,0.6521
2013-05-13,1.0035,1.0108,0.7704,101.84,1.2129,5.7987,6.6067,0.9576,0.654
2013-05-14,1.0098,1.0149,0.7711,102.18,1.2174,5.8109,6.644,0.9602,0.6554
2013-05-15,1.0117,1.0173,0.7778,102.44,1.216,5.8567,6.6792,0.968,0.658
2013-05-16,1.0156,1.0162,0.7753,102.22,1.221,5.8166,6.6465,0.9618,0.6535
2013-05-17,1.027,1.0268,0.7802,102.98,1.2373,5.8626,6.7003,0.9731,0.6591
2013-05-20,1.0217,1.0272,0.7773,102.54,1.2265,5.839,6.6588,0.9675,0.6569
2013-05-21,1.0204,1.0277,0.7746,102.36,1.2253,5.7892,6.624,0.968,0.6592
2013-05-22,1.0324,1.0331,0.7774,103.52,1.237,5.8128,6.6328,0.9814,0.665
2013-05-23,1.0247,1.0315,0.7726,101.66,1.2246,5.8322,6.64,0.9668,0.6614
2013-05-24,1.0336,1.0322,0.774,100.98,1.2349,5.8315,6.6503,0.9621,0.6611
2013-05-28,1.0371,1.0371,0.777,102.07,1.2355,5.8774,6.6913,0.9734,0.664
2013-05-29,1.0382,1.0369,0.7726,100.91,1.2299,5.8947,6.6492,0.9613,0.6613
2013-05-30,1.035,1.0309,0.7668,101.06,1.2382,5.8245,6.5622,0.9558,0.6576
2013-05-31,1.0408,1.0337,0.7699,100.83,1.2542,5.8623,6.6221,0.9583,0.6585
2013-06-03,1.0235,1.029,0.7635,99.18,1.2347,5.799,6.5304,0.9442,0.6515
2013-06-04,1.0373,1.0348,0.7648,100.15,1.2513,5.8123,6.5691,0.9485,0.6534
2013-06-05,1.049,1.0346,0.7641,99.16,1.2587,5.8081,6.5957,0.9422,0.6497
2013-06-06,1.0425,1.024,0.7548,97.76,1.2481,5.7547,6.5386,0.93,0.641
2013-06-07,1.0533,1.0208,0.7552,97.2,1.2686,5.7649,6.5607,0.9342,0.6428
2013-06-10,1.0561,1.0185,0.7556,98.88,1.2641,5.761,6.5897,0.9357,0.6428
2013-06-11,1.0615,1.0191,0.7531,96.82,1.2708,5.7908,6.5834,0.9271,0.6416
2013-06-12,1.0512,1.0202,0.7488,95.36,1.2538,5.7344,6.4865,0.9181,0.6371
2013-06-13,1.0416,1.017,0.7511,94.29,1.2453,5.763,6.5075,0.9234,0.637
2013-06-14,1.0431,1.0175,0.7502,94.34,1.2399,5.7189,6.439,0.9222,0.6375
2013-06-17,1.0481,1.0175,0.7496,94.87,1.2508,5.7308,6.4713,0.9254,0.6366
2013-06-18,1.0534,1.0209,0.7459,95.2,1.2498,5.7295,6.4444,0.9186,0.64
2013-06-19,1.0487,1.0187,0.746,95.22,1.2435,5.7209,6.3855,0.9192,0.6387
2013-06-20,1.0884,1.0383,0.7568,98.18,1.2942,6.001,6.583,0.9296,0.6465
2013-06-21,1.088,1.0467,0.7626,97.48,1.2965,6.0966,6.7003,0.9354,0.6505
2013-06-24,1.0827,1.0532,0.7639,97.7,1.2938,6.1593,6.7776,0.9345,0.6492
2013-06-25,1.0813,1.0512,0.7645,97.87,1.2937,6.1294,6.735,0.9388,0.6486
2013-06-26,1.0763,1.0468,0.7689,97.43,1.2801,6.0993,6.7185,0.9432,0.6522
2013-06-27,1.0774,1.0479,0.7683,98.4,1.2845,6.0544,6.747,0.9464,0.6564
2013-06-28,1.0911,1.0513,0.7686,99.21,1.2895,6.0903,6.7318,0.945,0.6575
2013-07-01,1.0814,1.0499,0.7657,99.62,1.2771,6.0734,6.6636,0.9452,0.6559
2013-07-02,1.0919,1.0529,0.7682,100.43,1.2887,6.0854,6.6876,0.9492,0.6592
2013-07-03,1.1005,1.0521,0.7689,99.82,1.2855,6.0977,6.6928,0.9475,0.6551
2013-07-05,1.1025,1.0566,0.7794,100.94,1.2968,6.263,6.8171,0.9624,0.6707
2013-07-08,1.0972,1.0578,0.7774,101.07,1.2816,6.1483,6.7798,0.9644,0.6697
2013-07-09,1.0916,1.053,0.7828,101.08,1.2728,6.1887,6.7985,0.9736,0.674
2013-07-10,1.0935,1.051,0.7785,100.1,1.283,6.1401,6.7726,0.9682,0.6696
2013-07-11,1.093,1.0389,0.7665,98.8,1.2817,6.0874,6.6912,0.9496,0.6611
2013-07-12,1.1051,1.0393,0.7664,99.39,1.2852,6.07,6.676,0.9468,0.6619
2013-07-15,1.1006,1.0412,0.7669,100.04,1.2814,6.0741,6.6853,0.9508,0.6628
2013-07-16,1.0839,1.0388,0.7608,99.37,1.2692,5.9965,6.5934,0.9408,0.6613
2013-07-17,1.0859,1.0423,0.7637,99.7,1.2668,6.01,6.5836,0.9428,0.6586
2013-07-18,1.0927,1.0395,0.7646,100.6,1.2684,6.001,6.5995,0.9468,0.6582
2013-07-19,1.087,1.0362,0.7609,100.3,1.2585,5.9695,6.5397,0.9401,0.6553
2013-07-22,1.0808,1.0336,0.758,99.6,1.2557,5.9329,6.4872,0.9357,0.6508
2013-07-23,1.08,1.0305,0.7569,99.76,1.2549,5.8876,6.4521,0.9368,0.6513
2013-07-24,1.0886,1.0298,0.756,100.21,1.2588,5.9136,6.4964,0.9354,0.6507
2013-07-25,1.0879,1.0283,0.7556,99.56,1.2415,5.9311,6.5185,0.9336,0.6522
2013-07-26,1.082,1.0292,0.7536,98.24,1.2389,5.9169,6.473,0.9289,0.6507
2013-07-29,1.0858,1.0259,0.754,97.8,1.2461,5.9238,6.4742,0.9308,0.6513
2013-07-30,1.1038,1.0292,0.7538,98.02,1.2539,5.9268,6.5426,0.9298,0.656
2013-07-31,1.1164,1.0287,0.7529,98.35,1.2577,5.904,6.5284,0.9284,0.6589
2013-08-01,1.1212,1.0338,0.7566,99.3,1.271,5.9465,6.6039,0.9353,0.6603
2013-08-02,1.1235,1.0379,0.7537,99.04,1.2783,5.9419,6.6078,0.9293,0.6546
2013-08-05,1.1218,1.0394,0.7543,98.54,1.2822,5.9337,6.5902,0.9302,0.6516
2013-08-06,1.1146,1.0378,0.7521,97.85,1.2679,5.9244,6.5633,0.9266,0.6507
2013-08-07,1.1094,1.0415,0.7502,96.72,1.2536,5.913,6.5238,0.9222,0.6446
2013-08-08,1.0976,1.0347,0.7467,96.03,1.2444,5.8994,6.4771,0.9194,0.6429
2013-08-09,1.0885,1.0302,0.7497,96.24,1.2441,5.8572,6.5064,0.9221,0.6449
2013-08-12,1.0897,1.0297,0.7512,96.44,1.2444,5.8634,6.5251,0.9248,0.6462
2013-08-13,1.0997,1.0345,0.7549,98.06,1.2588,5.899,6.5481,0.934,0.6472
2013-08-14,1.0941,1.0319,0.7544,98.15,1.2449,5.8867,6.506,0.9354,0.6439
2013-08-15,1.0983,1.0339,0.754,97.81,1.2429,5.9412,6.5367,0.9334,0.6421
2013-08-16,1.0878,1.0344,0.7507,97.6,1.2318,5.9119,6.5154,0.9269,0.6402
2013-08-19,1.0951,1.0334,0.7492,97.94,1.2369,5.9035,6.4974,0.9247,0.6384
2013-08-20,1.0996,1.0374,0.7448,97.12,1.2519,5.9404,6.4791,0.9178,0.6378
2013-08-21,1.1095,1.0442,0.7481,97.66,1.2692,6.0574,6.5538,0.9211,0.6378
2013-08-22,1.1079,1.0511,0.7484,98.53,1.2762,6.1057,6.5164,0.9236,0.6418
2013-08-23,1.1064,1.0512,0.7467,98.57,1.2791,6.0202,6.4871,0.9207,0.6419
2013-08-26,1.1063,1.0513,0.748,98.64,1.2731,6.0391,6.5166,0.9229,0.6423
2013-08-27,1.1156,1.0504,0.747,97.3,1.2829,6.0169,6.4992,0.9186,0.644
2013-08-28,1.1174,1.0491,0.7504,97.65,1.2817,6.059,6.5212,0.9221,0.6443
2013-08-29,1.1206,1.0526,0.756,98.46,1.2885,6.1009,6.5945,0.9316,0.6457
2013-08-30,1.1235,1.0554,0.7578,98.22,1.2938,6.1281,6.6338,0.9313,0.6465
2013-09-03,1.1044,1.0532,0.7596,99.43,1.2844,6.0722,6.6205,0.9363,0.6433
2013-09-04,1.0885,1.0482,0.7569,99.61,1.2618,6.0583,6.5962,0.9356,0.6393
2013-09-05,1.0951,1.0499,0.7622,100.08,1.2658,6.1202,6.67,0.9437,0.6413
2013-09-06,1.0864,1.039,0.7595,99.04,1.2489,6.083,6.6371,0.9385,0.6397
2013-09-09,1.0831,1.0366,0.7541,99.55,1.2469,6.0191,6.5656,0.9314,0.636
2013-09-10,1.0765,1.0357,0.7541,100.22,1.2419,5.9269,6.5457,0.9344,0.6357
2013-09-11,1.0739,1.0336,0.7518,100.08,1.2401,5.9153,6.5265,0.9314,0.6326
2013-09-12,1.0786,1.0319,0.751,99.24,1.227,5.8858,6.5141,0.9286,0.6322
2013-09-13,1.0819,1.0341,0.7532,99.38,1.2279,5.9386,6.5641,0.9319,0.6305
2013-09-16,1.0717,1.0316,0.7491,98.98,1.2217,5.8983,6.4926,0.9258,0.6279
2013-09-17,1.0679,1.029,0.7487,99.16,1.2124,5.8998,6.4606,0.9266,0.6289
2013-09-18,1.0702,1.0312,0.749,99.04,1.2168,5.9018,6.4595,0.926,0.6264
2013-09-19,1.0589,1.0237,0.7393,99.33,1.1962,5.8216,6.3416,0.9112,0.6233
2013-09-20,1.0642,1.0287,0.7395,99.38,1.1945,5.9184,6.3615,0.9104,0.6242
2013-09-23,1.0589,1.029,0.7396,98.76,1.1925,5.9091,6.3815,0.91,0.6224
2013-09-24,1.0634,1.0294,0.7413,98.76,1.2058,5.967,6.3947,0.9114,0.6248
2013-09-25,1.0654,1.0294,0.7388,98.62,1.2092,5.9964,6.408,0.9082,0.6219
2013-09-26,1.0691,1.0321,0.7416,98.95,1.2083,5.9842,6.4256,0.9105,0.6245
2013-09-27,1.0725,1.03,0.7387,98.3,1.2088,5.9966,6.417,0.905,0.6198
2013-09-30,1.0704,1.0284,0.7388,98.29,1.2015,6.0105,6.4095,0.9041,0.6181
2013-10-01,1.0653,1.0333,0.7389,98.05,1.2089,5.9839,6.3584,0.9064,0.617
2013-10-02,1.0677,1.033,0.7357,97.36,1.2092,6.022,6.3751,0.9017,0.6164
2013-10-03,1.0659,1.0324,0.733,97.08,1.2061,5.9476,6.3345,0.8972,0.6185
2013-10-04,1.059,1.0306,0.7363,97.2,1.2009,5.9577,6.4141,0.9052,0.6223
2013-10-07,1.0598,1.0306,0.737,97.02,1.2005,5.968,6.421,0.905,0.6218
2013-10-08,1.0583,1.033,0.7363,96.94,1.2042,5.9673,6.4218,0.904,0.6215
2013-10-09,1.06,1.0396,0.74,97.23,1.2055,6.0058,6.4741,0.9104,0.6272
2013-10-10,1.0564,1.0382,0.7388,98.09,1.2048,6.0345,6.4923,0.9104,0.626
2013-10-11,1.0556,1.0383,0.7375,98.42,1.1999,5.996,6.4713,0.9103,0.6272
2013-10-15,1.0501,1.0372,0.7411,98.58,1.1949,6.0313,6.513,0.9152,0.626
2013-10-16,1.0494,1.0345,0.7413,98.9,1.1896,6.0209,6.5075,0.9163,0.6288
2013-10-17,1.0371,1.0285,0.7319,97.85,1.1748,5.9319,6.4091,0.9028,0.6186
2013-10-18,1.034,1.0287,0.7303,97.77,1.1769,5.8987,6.4116,0.9013,0.6179
2013-10-21,1.035,1.0296,0.7314,98.14,1.1811,5.915,6.4033,0.9019,0.6192
2013-10-22,1.0304,1.0282,0.7258,98.18,1.1741,5.8953,6.3719,0.8947,0.6165
2013-10-23,1.0382,1.0384,0.7254,97.28,1.1915,5.9149,6.3734,0.8918,0.6184
2013-10-24,1.0416,1.0421,0.7241,97.36,1.1982,5.8904,6.356,0.8916,0.6178
2013-10-25,1.0441,1.0449,0.725,97.46,1.2074,5.8958,6.3237,0.8939,0.6189
2013-10-28,1.045,1.0443,0.7254,97.7,1.2071,5.8918,6.3346,0.8954,0.6199
2013-10-29,1.0529,1.0445,0.7262,98.09,1.2099,5.8865,6.372,0.8982,0.6227
2013-10-30,1.0536,1.0454,0.7262,98.14,1.2126,5.8769,6.3684,0.8964,0.622
2013-10-31,1.0559,1.0429,0.7356,98.1,1.2082,5.9476,6.4692,0.9056,0.6224
2013-11-01,1.0595,1.0442,0.7414,98.78,1.2149,5.9678,6.5354,0.9124,0.6281
2013-11-04,1.0515,1.0414,0.7399,98.62,1.2069,5.9478,6.5005,0.9106,0.627
2013-11-05,1.0541,1.0447,0.7424,98.6,1.2053,5.981,6.5267,0.9126,0.6233
2013-11-06,1.0506,1.0418,0.7391,98.6,1.1929,5.9555,6.4922,0.9109,0.6219
2013-11-07,1.0561,1.0441,0.7468,98.56,1.1983,6.032,6.5298,0.9184,0.6223
2013-11-08,1.066,1.0486,0.7487,99.03,1.2115,6.1542,6.5947,0.922,0.6252
2013-11-12,1.0764,1.05,0.7447,99.65,1.2174,6.1986,6.6472,0.9176,0.6283
2013-11-13,1.0725,1.0468,0.7432,99.31,1.2105,6.1794,6.66,0.9155,0.6237
2013-11-14,1.0728,1.0497,0.7425,99.93,1.2076,6.1645,6.6453,0.9152,0.622
2013-11-15,1.0678,1.0457,0.7418,100.17,1.2003,6.1182,6.6473,0.9152,0.6208
2013-11-18,1.0638,1.0426,0.7396,100.04,1.1947,6.1085,6.5974,0.9121,0.6207
2013-11-19,1.0625,1.0467,0.7392,100.14,1.1989,6.0936,6.6193,0.9114,0.6207
2013-11-20,1.0673,1.0446,0.7434,100.02,1.2061,6.1008,6.6267,0.9158,0.6192
2013-11-21,1.0812,1.0506,0.7424,100.95,1.2182,6.108,6.6522,0.9146,0.619
2013-11-22,1.0913,1.0534,0.7382,101.29,1.2241,6.0744,6.5897,0.9072,0.6169
2013-11-25,1.0931,1.0554,0.7406,101.7,1.2213,6.1158,6.5701,0.9125,0.6193
2013-11-26,1.0965,1.0547,0.7377,101.38,1.2206,6.1026,6.5775,0.908,0.6178
2013-11-27,1.1023,1.0595,0.7373,102.18,1.2306,6.107,6.5794,0.9091,0.6147
2013-11-29,1.0959,1.0597,0.735,102.45,1.2259,6.116,6.5475,0.9047,0.6108
2013-12-02,1.0991,1.0632,0.7379,103.04,1.2228,6.124,6.5484,0.9076,0.6111
2013-12-03,1.0961,1.066,0.7351,102.36,1.2129,6.088,6.5047,0.903,0.6092
2013-12-04,1.11,1.0696,0.7377,102.48,1.2235,6.1579,6.5142,0.9052,0.6115
2013-12-05,1.1027,1.0638,0.7319,101.82,1.2179,6.1519,6.4911,0.8976,0.6124
2013-12-06,1.1,1.0663,0.7305,102.88,1.209,6.1535,6.5081,0.8939,0.6125
2013-12-09,1.1008,1.0641,0.7285,103.22,1.2092,6.141,6.5346,0.8914,0.6096
2013-12-10,1.0929,1.0622,0.7265,102.8,1.2024,6.113,6.5314,0.8876,0.6089
2013-12-11,1.103,1.0605,0.7247,102.38,1.2157,6.1176,6.538,0.8856,0.6102
2013-12-12,1.1204,1.0641,0.7272,103.11,1.2139,6.1991,6.5964,0.8902,0.6125
2013-12-13,1.1159,1.0594,0.7287,103.28,1.2099,6.1851,6.5772,0.8904,0.6137
2013-12-16,1.115,1.0577,0.7269,102.91,1.2096,6.1529,6.5723,0.8876,0.6131
2013-12-17,1.1232,1.0611,0.7274,102.63,1.2127,6.1234,6.5664,0.887,0.6152
2013-12-18,1.1256,1.0645,0.7264,103.18,1.2157,6.1125,6.5379,0.8872,0.6102
2013-12-19,1.1289,1.0677,0.7317,104.16,1.2238,6.158,6.5783,0.8964,0.6104
2013-12-20,1.1213,1.0679,0.7314,104.07,1.2174,6.1494,6.5755,0.8952,0.6114
2013-12-23,1.1186,1.0602,0.7299,104.06,1.2177,6.1469,6.5563,0.8942,0.6114
2013-12-24,1.1211,1.0618,0.7312,104.26,1.2216,6.1455,6.5646,0.8961,0.6108
2013-12-26,1.1255,1.0648,0.7305,104.72,1.2258,6.1416,6.5441,0.8963,0.6088
2013-12-27,1.1254,1.0697,0.7264,105.05,1.2225,6.1246,6.5114,0.8893,0.6064
2013-12-30,1.1208,1.064,0.7238,105,1.2167,6.0657,6.4127,0.8866,0.6053
2013-12-31,1.1199,1.0637,0.7257,105.25,1.2152,6.0657,6.4254,0.8904,0.6034
2014-01-02,1.1206,1.0634,0.7315,104.84,1.2189,6.1473,6.4909,0.8998,0.6082
2014-01-03,1.1141,1.0612,0.735,104.46,1.2054,6.1416,6.5177,0.9044,0.6089
2014-01-06,1.1159,1.0658,0.7334,104.38,1.206,6.1712,6.5134,0.9036,0.6093
2014-01-07,1.1207,1.0742,0.7343,104.54,1.2063,6.1654,6.5172,0.9086,0.609
2014-01-08,1.1225,1.0802,0.7361,104.87,1.2079,6.196,6.5631,0.9102,0.6075
2014-01-09,1.1254,1.085,0.7358,104.74,1.2124,6.1891,6.5597,0.9085,0.6076
2014-01-10,1.113,1.0915,0.7319,104.06,1.2057,6.1598,6.4956,0.9032,0.6072
2014-01-13,1.1046,1.0868,0.7328,103.31,1.1957,6.1202,6.5054,0.9026,0.6105
2014-01-14,1.1136,1.0934,0.7309,103.8,1.1906,6.084,6.4358,0.9009,0.6079
2014-01-15,1.1204,1.0932,0.7351,104.42,1.1979,6.1274,6.466,0.9084,0.6107
2014-01-16,1.1361,1.0926,0.7353,104.32,1.2016,6.1885,6.4699,0.9064,0.6122
2014-01-17,1.1392,1.0959,0.7378,104.32,1.2108,6.1564,6.4565,0.91,0.6087
2014-01-21,1.1362,1.0971,0.7375,104.14,1.2026,6.172,6.4867,0.9092,0.6072
2014-01-22,1.1313,1.1069,0.7382,104.36,1.2039,6.1541,6.4773,0.9116,0.6035
2014-01-23,1.1397,1.1128,0.731,103.65,1.2016,6.1012,6.4295,0.9002,0.602
2014-01-24,1.1474,1.1063,0.731,102.41,1.2117,6.1507,6.4453,0.8949,0.6064
2014-01-27,1.1448,1.1097,0.731,102.26,1.2152,6.1597,6.4297,0.8956,0.6028
2014-01-28,1.1403,1.1148,0.732,102.8,1.2111,6.135,6.4285,0.8984,0.6031
2014-01-29,1.1412,1.1147,0.7319,102.2,1.2079,6.1653,6.4566,0.8948,0.6038
2014-01-30,1.1401,1.1171,0.7381,102.83,1.2291,6.2437,6.525,0.9042,0.6065
2014-01-31,1.1438,1.1116,0.7407,102.28,1.2361,6.2768,6.5412,0.9052,0.6079
2014-02-03,1.1393,1.1074,0.7395,101.11,1.2335,6.2764,6.5421,0.9014,0.6132
2014-02-04,1.1192,1.1056,0.7404,101.62,1.2194,6.292,6.526,0.905,0.6135
2014-02-05,1.1222,1.11,0.7397,101.38,1.2188,6.2367,6.5321,0.9042,0.6132
2014-02-06,1.1152,1.1065,0.7351,101.84,1.2089,6.2079,6.4997,0.8992,0.6118
2014-02-07,1.1162,1.1014,0.7345,102.32,1.2073,6.1838,6.4952,0.8992,0.6099
2014-02-10,1.1181,1.1048,0.7329,102.14,1.2086,6.1347,6.4831,0.8967,0.6091
2014-02-11,1.1056,1.1024,0.7324,102.63,1.199,6.1183,6.4335,0.8969,0.6072
2014-02-12,1.1077,1.0992,0.7357,102.48,1.2019,6.1167,6.4471,0.9006,0.6032
2014-02-13,1.1137,1.0979,0.7316,102.2,1.1992,6.1016,6.4615,0.8944,0.6009
2014-02-14,1.1083,1.0981,0.7305,101.82,1.1952,6.0822,6.4515,0.8928,0.5975
2014-02-18,1.1063,1.0952,0.7268,102.31,1.2031,6.0468,6.4839,0.8878,0.5989
2014-02-19,1.1078,1.1045,0.7266,102.3,1.2037,6.0332,6.493,0.8868,0.5982
2014-02-20,1.1135,1.1104,0.7305,102.32,1.2073,6.1159,6.5515,0.8912,0.601
2014-02-21,1.1159,1.1128,0.7288,102.71,1.2073,6.0783,6.5421,0.8888,0.6013
2014-02-24,1.106,1.1058,0.7276,102.44,1.1995,6.0269,6.4917,0.8885,0.6009
2014-02-25,1.108,1.1085,0.7273,102.2,1.1996,6.0314,6.4925,0.887,0.5989
2014-02-26,1.1158,1.1117,0.7316,102.36,1.2057,6.0669,6.5181,0.8922,0.6007
2014-02-27,1.1161,1.1137,0.7287,102.12,1.1929,6.0366,6.5124,0.8872,0.5991
2014-02-28,1.1194,1.1075,0.7243,102.08,1.1919,5.9938,6.4109,0.881,0.597
2014-03-03,1.1199,1.109,0.7266,101.36,1.1946,6.0376,6.4595,0.881,0.5984
2014-03-04,1.1186,1.1113,0.7283,102.18,1.1935,6.0159,6.449,0.8869,0.6001
2014-03-05,1.1131,1.105,0.7281,102.32,1.1874,5.9868,6.4282,0.8872,0.5978
2014-03-06,1.0989,1.0965,0.7221,103.03,1.1779,5.9813,6.3998,0.881,0.5973
2014-03-07,1.1024,1.1088,0.7211,103.38,1.1827,5.9772,6.3883,0.8785,0.5979
2014-03-10,1.1085,1.1104,0.7205,103.23,1.1813,5.9642,6.3862,0.8781,0.6012
2014-03-11,1.1086,1.1085,0.7211,103.18,1.1781,5.9503,6.37,0.8783,0.6014
2014-03-12,1.1146,1.113,0.7192,102.74,1.1781,5.954,6.3619,0.8743,0.6022
2014-03-13,1.104,1.1059,0.718,102.12,1.1671,5.9305,6.3543,0.8726,0.5996
2014-03-14,1.1062,1.1087,0.7182,101.46,1.1695,5.9546,6.3769,0.8712,0.6013
2014-03-17,1.0999,1.1052,0.718,101.62,1.1662,5.9459,6.351,0.8726,0.6008
2014-03-18,1.0948,1.1089,0.7188,101.37,1.1586,5.9618,6.3394,0.8743,0.6034
2014-03-19,1.0985,1.1177,0.7189,101.54,1.16,5.9874,6.3557,0.8747,0.6014
2014-03-20,1.106,1.1251,0.7255,102.39,1.1712,6.0596,6.4098,0.8833,0.6057
2014-03-21,1.1001,1.1191,0.7255,102.38,1.1699,6.0594,6.4379,0.8836,0.6061
2014-03-24,1.0958,1.1218,0.7255,102.21,1.1701,6.0432,6.4282,0.884,0.6064
2014-03-25,1.0933,1.1176,0.7258,102.32,1.1686,6.0489,6.4272,0.8862,0.6058
2014-03-26,1.084,1.1143,0.7254,102.3,1.162,6.0445,6.4574,0.8854,0.6036
2014-03-27,1.0797,1.1056,0.7272,102.1,1.1522,6.0081,6.4805,0.8859,0.6014
2014-03-28,1.0824,1.1066,0.7271,102.92,1.1554,6.0057,6.5024,0.8869,0.6011
2014-03-31,1.0782,1.1053,0.7258,102.98,1.1515,5.989,6.475,0.884,0.5997
2014-04-01,1.0808,1.1026,0.7244,103.52,1.1534,5.9847,6.4524,0.8825,0.601
2014-04-02,1.0827,1.103,0.7267,103.82,1.1686,5.9807,6.4842,0.887,0.6012
2014-04-03,1.0847,1.1035,0.7295,103.94,1.1714,6.0125,6.5461,0.8921,0.603
2014-04-04,1.0762,1.0978,0.7297,103.39,1.1648,5.9966,6.5509,0.8918,0.6026
2014-04-07,1.0793,1.0971,0.7275,103.04,1.1629,5.9947,6.528,0.8876,0.6018
2014-04-08,1.0688,1.0919,0.7245,102.12,1.1531,5.9665,6.4936,0.8836,0.5973
2014-04-09,1.0675,1.0902,0.7238,101.85,1.1546,5.9503,6.5066,0.8816,0.597
2014-04-10,1.0611,1.0912,0.7198,101.43,1.1484,5.9122,6.5229,0.8758,0.5959
2014-04-11,1.0637,1.096,0.7195,101.56,1.1513,5.9272,6.5227,0.8748,0.5975
2014-04-14,1.0628,1.0968,0.7234,101.81,1.1537,5.9606,6.5524,0.8784,0.5973
2014-04-15,1.0704,1.098,0.7243,101.6,1.1587,5.9591,6.577,0.8805,0.5979
2014-04-16,1.0661,1.1027,0.7236,102.3,1.1616,5.9732,6.5919,0.8813,0.5955
2014-04-17,1.0708,1.0997,0.723,102.22,1.1651,5.9813,6.5922,0.8812,0.5949
2014-04-18,1.0718,1.1024,0.7238,102.43,1.1637,5.985,6.594,0.8832,0.5955
2014-04-21,1.071,1.102,0.7252,102.56,1.168,6.0066,6.6229,0.8851,0.5955
2014-04-22,1.0678,1.1025,0.7244,102.6,1.1617,5.9809,6.5824,0.8851,0.5941
2014-04-23,1.0772,1.1034,0.7239,102.26,1.1654,5.9937,6.5749,0.8828,0.5964
2014-04-24,1.0803,1.1026,0.7232,102.34,1.1682,6.0001,6.5726,0.8817,0.5953
2014-04-25,1.0785,1.1041,0.7226,102.12,1.1652,6.016,6.587,0.8809,0.5949
2014-04-28,1.0806,1.1032,0.7223,102.46,1.1722,6.0034,6.5458,0.8807,0.5948
2014-04-29,1.0792,1.0963,0.7242,102.57,1.1704,6.0073,6.5685,0.8845,0.5942
2014-04-30,1.0774,1.0956,0.721,102.14,1.1621,5.9463,6.5049,0.88,0.5923
2014-05-01,1.0782,1.0965,0.7211,102.3,1.159,5.9438,6.5013,0.8797,0.5917
2014-05-02,1.0803,1.0973,0.7213,102.34,1.1567,5.9444,6.5131,0.8789,0.5929
2014-05-05,1.0781,1.0955,0.7203,102.06,1.1518,5.9496,6.5452,0.8774,0.5928
2014-05-06,1.0684,1.089,0.7182,101.57,1.1408,5.9183,6.5068,0.8744,0.5891
2014-05-07,1.0711,1.0895,0.7185,101.72,1.1531,5.9028,6.4864,0.8758,0.5895
2014-05-08,1.0659,1.0856,0.7213,101.66,1.1551,5.8829,6.5073,0.8784,0.5902
2014-05-09,1.0686,1.0899,0.7266,101.74,1.1613,5.9084,6.5587,0.886,0.5935
2014-05-12,1.0679,1.0886,0.7267,102.1,1.1601,5.9238,6.5679,0.8876,0.5927
2014-05-13,1.0673,1.0892,0.7293,102.2,1.1561,5.9239,6.5502,0.8894,0.5939
2014-05-14,1.0662,1.0887,0.729,101.75,1.1534,5.9203,6.5489,0.8894,0.5958
2014-05-15,1.07,1.0887,0.7293,101.44,1.1578,5.9468,6.5776,0.8898,0.5956
2014-05-16,1.0676,1.0883,0.7295,101.5,1.1581,5.9319,6.5605,0.891,0.5943
2014-05-19,1.0703,1.0861,0.7291,101.26,1.1579,5.932,6.5848,0.8916,0.5945
2014-05-20,1.08,1.09,0.7298,101.26,1.1663,5.9466,6.5811,0.8916,0.5936
2014-05-21,1.0852,1.0935,0.7322,101.44,1.1703,5.9564,6.5803,0.8951,0.5928
2014-05-22,1.0844,1.0897,0.7325,101.76,1.168,5.9456,6.5923,0.8948,0.5932
2014-05-23,1.0828,1.087,0.7338,101.88,1.1699,5.959,6.6488,0.8958,0.5945
2014-05-27,1.0823,1.0869,0.7343,102.14,1.1715,5.9647,6.6253,0.8977,0.5952
2014-05-28,1.0838,1.0867,0.7355,101.78,1.1776,5.974,6.6463,0.8982,0.5985
2014-05-29,1.0765,1.0837,0.7349,101.58,1.1815,5.9614,6.6414,0.897,0.5981
2014-05-30,1.0755,1.0867,0.7331,101.77,1.1786,5.9803,6.6855,0.8944,0.5965
2014-06-02,1.0811,1.0894,0.735,102.3,1.1805,5.9934,6.6841,0.898,0.5968
2014-06-03,1.0805,1.0915,0.734,102.42,1.186,6.0004,6.6851,0.8964,0.5969
2014-06-04,1.0789,1.0937,0.7343,102.69,1.1872,5.9982,6.648,0.8956,0.5971
2014-06-05,1.0728,1.0935,0.7343,102.44,1.1791,5.9944,6.6779,0.8944,0.5954
2014-06-06,1.072,1.0936,0.7332,102.5,1.1765,5.9504,6.6276,0.8938,0.5955
2014-06-09,1.0699,1.0908,0.7359,102.52,1.1774,5.971,6.6805,0.8974,0.5953
2014-06-10,1.0678,1.0914,0.7384,102.37,1.1751,5.9788,6.6995,0.8996,0.5969
2014-06-11,1.0648,1.0867,0.739,101.94,1.1681,5.9961,6.6928,0.8998,0.5954
2014-06-12,1.0604,1.0851,0.7377,101.83,1.1515,5.9903,6.6903,0.8982,0.5934
2014-06-13,1.0643,1.0868,0.7395,102.06,1.1557,6.0044,6.6558,0.9008,0.5899
2014-06-16,1.0638,1.0849,0.7365,101.82,1.1518,5.9878,6.6238,0.8969,0.5887
2014-06-17,1.0707,1.0851,0.7384,102.18,1.1549,5.9962,6.6305,0.8998,0.5894
2014-06-18,1.0707,1.087,0.7371,102.16,1.1522,6.0316,6.66,0.8976,0.5899
2014-06-19,1.0632,1.0828,0.7342,101.84,1.1473,6.1201,6.6915,0.8932,0.5866
2014-06-20,1.0653,1.0766,0.7361,102.14,1.1506,6.1295,6.7315,0.896,0.5878
2014-06-23,1.0619,1.0731,0.7357,101.9,1.1482,6.117,6.7032,0.8948,0.5879
2014-06-24,1.0661,1.0739,0.7359,102.13,1.1513,6.1204,6.7315,0.8955,0.5892
2014-06-25,1.0641,1.0721,0.7332,101.75,1.1446,6.1401,6.7278,0.8918,0.5887
2014-06-26,1.0633,1.0706,0.7348,101.66,1.141,6.1367,6.7398,0.8933,0.5876
2014-06-27,1.0624,1.0676,0.7336,101.39,1.1409,6.1301,6.7358,0.8919,0.5877
2014-06-30,1.0608,1.0676,0.7305,101.28,1.1422,6.1309,6.6874,0.8868,0.5846
2014-07-01,1.054,1.0652,0.7309,101.51,1.14,6.1631,6.6937,0.8871,0.5832
2014-07-02,1.0589,1.0667,0.7323,101.76,1.1401,6.1702,6.7078,0.8886,0.5826
2014-07-03,1.0686,1.0633,0.7348,102.19,1.1412,6.1825,6.8162,0.8934,0.583
2014-07-07,1.0671,1.0662,0.7351,101.84,1.1405,6.1638,6.8339,0.8934,0.5838
2014-07-08,1.0638,1.0674,0.7345,101.53,1.1379,6.1829,6.8292,0.8924,0.5839
2014-07-09,1.0643,1.0648,0.7337,101.7,1.1357,6.1627,6.7986,0.8918,0.5838
2014-07-10,1.0653,1.0658,0.7353,101.26,1.1346,6.1666,6.7809,0.8926,0.584
2014-07-11,1.0658,1.072,0.7354,101.33,1.1358,6.1794,6.7955,0.8926,0.5845
2014-07-14,1.0647,1.0721,0.7342,101.58,1.136,6.177,6.7944,0.8918,0.5855
2014-07-15,1.0677,1.0766,0.7368,101.62,1.1406,6.216,6.8155,0.8953,0.5831
2014-07-16,1.0681,1.0749,0.7391,101.69,1.148,6.1961,6.8239,0.8984,0.5837
2014-07-17,1.067,1.0753,0.7391,101.3,1.1506,6.192,6.824,0.8973,0.5847
2014-07-18,1.0654,1.0737,0.7399,101.37,1.1523,6.1899,6.8431,0.8989,0.5859
2014-07-21,1.0664,1.0736,0.7394,101.34,1.1504,6.202,6.8519,0.898,0.5859
2014-07-22,1.0652,1.0744,0.7424,101.54,1.1551,6.1894,6.8479,0.9022,0.5862
2014-07-23,1.0582,1.0739,0.7428,101.5,1.1509,6.1966,6.8384,0.9024,0.587
2014-07-24,1.0617,1.0741,0.7425,101.82,1.1646,6.2066,6.8329,0.9024,0.5889
2014-07-25,1.0634,1.0814,0.7445,101.81,1.1699,6.2245,6.8218,0.9045,0.5892
2014-07-28,1.0627,1.08,0.744,101.82,1.1696,6.2221,6.8301,0.9037,0.5885
2014-07-29,1.0663,1.0851,0.7457,102.12,1.1769,6.2503,6.8514,0.9068,0.5904
2014-07-30,1.0735,1.0908,0.7475,102.9,1.1808,6.2629,6.8896,0.9096,0.5916
2014-07-31,1.0752,1.0889,0.7468,102.75,1.1779,6.285,6.8958,0.9086,0.5921
2014-08-01,1.0748,1.0918,0.7443,102.45,1.1751,6.2688,6.8672,0.9048,0.5941
2014-08-04,1.072,1.0916,0.7455,102.47,1.173,6.2721,6.8923,0.9068,0.5938
2014-08-05,1.0752,1.0969,0.7482,102.77,1.182,6.2807,6.898,0.9102,0.5926
2014-08-06,1.0722,1.0926,0.7488,102.34,1.1825,6.2777,6.9115,0.9095,0.5941
2014-08-07,1.0772,1.0922,0.7484,102.06,1.1776,6.2451,6.9017,0.9086,0.5935
2014-08-08,1.0779,1.0982,0.7456,101.91,1.1804,6.2277,6.8893,0.905,0.596
2014-08-11,1.0796,1.0933,0.7471,102.14,1.1815,6.1782,6.8685,0.9063,0.5957
2014-08-12,1.0787,1.0944,0.7487,102.22,1.1855,6.1733,6.8793,0.9082,0.595
2014-08-13,1.075,1.0929,0.7481,102.48,1.1822,6.1571,6.8785,0.9079,0.5989
2014-08-14,1.0727,1.091,0.7476,102.44,1.1774,6.1485,6.8533,0.9056,0.599
2014-08-15,1.0746,1.091,0.7467,102.19,1.1781,6.1469,6.8341,0.9026,0.5993
2014-08-18,1.0718,1.0888,0.7486,102.54,1.1797,6.153,6.8559,0.9066,0.5981
2014-08-19,1.074,1.0929,0.7508,102.86,1.1844,6.1601,6.8702,0.9089,0.6017
2014-08-20,1.0746,1.0944,0.7528,103.36,1.1902,6.1742,6.9013,0.9116,0.6012
2014-08-21,1.075,1.0949,0.7528,103.78,1.1902,6.149,6.8898,0.9112,0.6028
2014-08-22,1.0742,1.0949,0.7555,103.97,1.1915,6.1638,6.9178,0.9142,0.6034
2014-08-25,1.0757,1.098,0.7572,103.96,1.1975,6.1695,6.9233,0.9144,0.603
2014-08-26,1.073,1.095,0.7582,104.12,1.1995,6.1713,6.9416,0.9167,0.6035
2014-08-27,1.0712,1.089,0.758,103.98,1.1949,6.1821,6.9462,0.9148,0.6034
2014-08-28,1.0693,1.0857,0.7588,103.78,1.1939,6.181,6.9688,0.915,0.6032
2014-08-29,1.0702,1.0858,0.7605,104,1.1952,6.1844,6.9753,0.9174,0.603
2014-09-02,1.0781,1.0923,0.762,105.1,1.2035,6.2002,7.0127,0.9196,0.606
2014-09-03,1.0705,1.0872,0.7613,104.88,1.2026,6.2274,7.0185,0.9186,0.6079
2014-09-04,1.0683,1.0862,0.7736,105.22,1.2034,6.2681,7.0707,0.9327,0.6117
2014-09-05,1.0666,1.089,0.7718,104.94,1.2009,6.2826,7.0869,0.9306,0.613
2014-09-08,1.0753,1.0933,0.7723,105.65,1.207,6.3123,7.0877,0.9317,0.6195
2014-09-09,1.0861,1.101,0.7747,106.32,1.2129,6.3503,7.1136,0.9348,0.6216
2014-09-10,1.0925,1.0954,0.7747,106.76,1.2129,6.3509,7.0987,0.9382,0.6198
2014-09-11,1.0971,1.1032,0.773,106.87,1.2214,6.3753,7.1179,0.9349,0.6163
2014-09-12,1.1053,1.1075,0.7719,107.24,1.2261,6.3617,7.1326,0.9337,0.6156
2014-09-15,1.1078,1.105,0.7721,107.18,1.2246,6.3936,7.1106,0.9344,0.6156
2014-09-16,1.0994,1.0985,0.7707,106.91,1.2185,6.3941,7.1087,0.9314,0.6139
2014-09-17,1.1077,1.0951,0.7717,107.58,1.2268,6.399,7.1238,0.9346,0.6124
2014-09-18,1.1131,1.0946,0.7744,108.69,1.2279,6.3247,7.1,0.9344,0.6108
2014-09-19,1.1192,1.0968,0.7791,108.96,1.2317,6.3519,7.146,0.9404,0.613
2014-09-22,1.1266,1.1007,0.7795,108.88,1.2308,6.3527,7.1575,0.941,0.612
2014-09-23,1.1296,1.1059,0.7777,108.82,1.2398,6.349,7.1433,0.9386,0.6109
2014-09-24,1.1274,1.1088,0.782,108.92,1.2396,6.3855,7.1759,0.9446,0.6118
2014-09-25,1.1369,1.1105,0.7844,108.7,1.2607,6.3998,7.2146,0.9467,0.613
2014-09-26,1.1414,1.1162,0.7883,109.32,1.2697,6.449,7.26,0.9513,0.6152
2014-09-29,1.1444,1.1142,0.7872,109.34,1.284,6.4371,7.2391,0.9498,0.6149
2014-09-30,1.1446,1.1207,0.7919,109.66,1.284,6.4371,7.2151,0.9554,0.6165
2014-10-01,1.145,1.1171,0.7925,109.3,1.2802,6.4462,7.2224,0.9566,0.6167
2014-10-02,1.1373,1.115,0.7893,108.1,1.2689,6.4496,7.1889,0.9532,0.6196
2014-10-03,1.1527,1.1254,0.7989,109.7,1.2867,6.5257,7.271,0.967,0.6265
2014-10-06,1.1432,1.1174,0.7942,109.08,1.2811,6.4908,7.2206,0.9626,0.6239
2014-10-07,1.1353,1.1182,0.792,108.3,1.2765,6.4795,7.2049,0.9606,0.6222
2014-10-08,1.1427,1.1181,0.7885,108.41,1.2821,6.4774,7.2206,0.9564,0.6224
2014-10-09,1.1392,1.115,0.7885,108,1.2716,6.4713,7.2147,0.9545,0.6202
2014-10-10,1.1469,1.1173,0.7914,107.83,1.2765,6.5162,7.2213,0.9568,0.6231
2014-10-14,1.1459,1.1235,0.7899,107.15,1.2731,6.5638,7.2428,0.9536,0.6277
2014-10-15,1.1371,1.1291,0.7826,106.06,1.2599,6.5722,7.1984,0.9444,0.6266
2014-10-16,1.1408,1.1265,0.7805,105.98,1.2558,6.5706,7.1632,0.9425,0.6225
2014-10-17,1.1414,1.1247,0.784,106.72,1.2602,6.5445,7.1883,0.9468,0.6217
2014-10-20,1.1382,1.1276,0.7823,106.87,1.2552,6.5674,7.1869,0.9438,0.6197
2014-10-21,1.1368,1.1219,0.7859,106.7,1.255,6.5677,7.2319,0.9482,0.6198
2014-10-22,1.1373,1.1218,0.79,107.32,1.2588,6.6044,7.2655,0.953,0.6223
2014-10-23,1.1399,1.1236,0.79,108.16,1.2753,6.5676,7.2552,0.9535,0.6236
2014-10-24,1.1348,1.1211,0.789,108.06,1.2718,6.5952,7.2565,0.9514,0.6212
2014-10-27,1.1365,1.1247,0.7867,107.71,1.2679,6.6069,7.2906,0.9484,0.6198
2014-10-28,1.1302,1.1176,0.7845,108,1.2612,6.6103,7.328,0.9463,0.6189
2014-10-29,1.1231,1.1135,0.7836,108.1,1.2555,6.6419,7.299,0.9452,0.6192
2014-10-30,1.1331,1.1191,0.7923,108.94,1.2755,6.7022,7.3358,0.9552,0.6241
2014-10-31,1.1375,1.1272,0.7981,112.09,1.2853,6.7491,7.3971,0.9623,0.625
2014-11-03,1.1493,1.1319,0.8008,113.92,1.2933,6.7854,7.407,0.9655,0.6255
2014-11-04,1.1456,1.1396,0.7966,113.44,1.2858,6.8575,7.3907,0.9596,0.6254
2014-11-05,1.1639,1.1377,0.8008,114.62,1.294,6.8267,7.373,0.964,0.6256
2014-11-06,1.1655,1.1423,0.8055,114.87,1.2962,6.8531,7.4163,0.9702,0.6304
2014-11-07,1.1601,1.136,0.805,114.73,1.2927,6.8346,7.4289,0.9684,0.6312
2014-11-10,1.1594,1.1344,0.8048,114.78,1.2882,6.8086,7.4303,0.9678,0.6306
2014-11-12,1.1448,1.1284,0.8028,115.42,1.2661,6.7766,7.4148,0.965,0.6323
2014-11-13,1.1455,1.1349,0.8015,115.63,1.2657,6.7808,7.4209,0.9634,0.6363
2014-11-14,1.1446,1.1294,0.8004,116.52,1.2642,6.7583,7.41,0.9616,0.6387
2014-11-17,1.1471,1.1308,0.8034,116.44,1.2602,6.7882,7.4302,0.9653,0.6392
2014-11-18,1.146,1.1305,0.7978,116.76,1.2593,6.7228,7.3605,0.9583,0.6391
2014-11-19,1.1597,1.1349,0.7969,117.7,1.2724,6.7877,7.3855,0.9572,0.6382
2014-11-20,1.1614,1.1311,0.7983,118.14,1.2736,6.7641,7.4098,0.9596,0.6376
2014-11-21,1.1529,1.1237,0.8068,117.74,1.2681,6.7966,7.4754,0.9696,0.6381
2014-11-24,1.1608,1.1279,0.8047,118.39,1.2729,6.7808,7.4437,0.9676,0.6369
2014-11-25,1.1737,1.126,0.8018,117.99,1.2811,6.8133,7.4349,0.9645,0.6364
2014-11-26,1.1718,1.1236,0.7998,117.6,1.2689,6.8208,7.3927,0.9614,0.6334
2014-11-28,1.1732,1.1426,0.804,118.7,1.2755,7.0062,7.4544,0.9658,0.6395
2014-12-01,1.1736,1.1343,0.8006,118.14,1.266,6.9254,7.4119,0.9631,0.6352
2014-12-02,1.1825,1.1397,0.8071,119.1,1.2821,7.0099,7.5123,0.972,0.6389
2014-12-03,1.1881,1.1359,0.8127,119.82,1.2857,7.0423,7.5289,0.9779,0.6369
2014-12-04,1.1898,1.1374,0.8044,119.67,1.2802,7.0372,7.4688,0.9674,0.6367
2014-12-05,1.2005,1.1423,0.8127,121.38,1.2957,7.1291,7.5455,0.9772,0.641
2014-12-08,1.2054,1.1473,0.8135,120.89,1.3051,7.1628,7.5591,0.9778,0.64
2014-12-09,1.1989,1.1422,0.8055,118.87,1.2943,7.0938,7.518,0.968,0.6372
2014-12-10,1.2041,1.1479,0.8048,118.5,1.2962,7.1836,7.522,0.968,0.6374
2014-12-11,1.2099,1.1534,0.8066,119.4,1.2819,7.2818,7.5541,0.9688,0.6365
2014-12-12,1.2095,1.1538,0.801,118.22,1.2839,7.3418,7.5325,0.962,0.6358
2014-12-15,1.2148,1.1629,0.8019,117.75,1.2897,7.427,7.6343,0.9632,0.6384
2014-12-16,1.2165,1.1624,0.7997,117.28,1.2837,7.4611,7.6031,0.9604,0.6355
2014-12-17,1.2235,1.1629,0.8061,117.64,1.2937,7.3753,7.6484,0.9679,0.6389
2014-12-18,1.2243,1.1594,0.8136,118.84,1.2892,7.3759,7.678,0.9794,0.6385
2014-12-19,1.2303,1.1626,0.8173,119.56,1.2912,7.3588,7.7302,0.9832,0.6407
2014-12-22,1.2284,1.1644,0.8162,119.84,1.292,7.4015,7.7779,0.982,0.6403
2014-12-23,1.235,1.1626,0.821,120.68,1.2967,7.427,7.7889,0.9872,0.6445
2014-12-24,1.2332,1.1621,0.8205,120.45,1.2952,7.458,7.8081,0.9865,0.6431
2014-12-29,1.2276,1.1631,0.8211,120.57,1.284,7.4246,7.8217,0.9878,0.6442
2014-12-30,1.2197,1.1597,0.8214,119.34,1.2744,7.4227,7.7395,0.988,0.6421
2014-12-31,1.2235,1.1601,0.8264,119.85,1.2827,7.4816,7.8245,0.9934,0.6419
2015-01-02,1.2318,1.1725,0.8323,120.2,1.2968,7.5682,7.8986,1.0004,0.651
2015-01-05,1.2353,1.1785,0.8391,119.64,1.2984,7.6073,7.9253,1.0079,0.6564
2015-01-06,1.2318,1.1802,0.8378,118.26,1.2812,7.6975,7.8847,1.0062,0.659
2015-01-07,1.2424,1.1851,0.846,119.52,1.2942,7.7123,7.9743,1.016,0.6634
2015-01-08,1.2306,1.1812,0.8467,119.51,1.2778,7.6132,8.0142,1.0169,0.6615
2015-01-09,1.2209,1.1857,0.8453,118.66,1.2768,7.669,8.0521,1.0151,0.66
2015-01-12,1.2247,1.1929,0.8452,118.32,1.286,7.7148,8.0684,1.015,0.6593
2015-01-13,1.2249,1.1947,0.849,118.16,1.2933,7.743,8.0718,1.0195,0.6594
2015-01-14,1.225,1.1957,0.847,116.78,1.291,7.6354,8.0543,1.0172,0.6564
2015-01-15,1.2177,1.1932,0.8622,116.95,1.2835,7.6475,8.1431,0.893,0.6596
2015-01-16,1.2204,1.1986,0.8683,117.45,1.2857,7.5998,8.14,0.8488,0.6609
2015-01-20,1.2229,1.2085,0.8651,118.48,1.2999,7.6624,8.1809,0.8751,0.6595
2015-01-21,1.2344,1.2377,0.8633,117.86,1.3196,7.6165,8.1819,0.8596,0.6615
2015-01-22,1.2347,1.237,0.8761,117.92,1.3243,7.6497,8.1948,0.8678,0.6644
2015-01-23,1.2602,1.24,0.8866,117.8,1.3374,7.7603,8.2702,0.876,0.6657
2015-01-26,1.2604,1.2409,0.8857,118.38,1.3468,7.7591,8.2669,0.8988,0.6628
2015-01-27,1.2596,1.2402,0.8795,117.62,1.3403,7.7193,8.1703,0.9042,0.6581
2015-01-28,1.2542,1.2452,0.8817,117.74,1.3421,7.7785,8.2331,0.9055,0.6594
2015-01-29,1.289,1.2644,0.8843,118.31,1.3776,7.8265,8.2647,0.9226,0.6648
2015-01-30,1.2883,1.2716,0.8857,117.44,1.3797,7.7498,8.2732,0.921,0.6655
2015-02-02,1.2791,1.2577,0.8821,117.33,1.3691,7.6259,8.2932,0.9262,0.6655
2015-02-03,1.2925,1.2452,0.8724,117.48,1.371,7.5442,8.2265,0.9234,0.661
2015-02-04,1.2885,1.255,0.8758,117.58,1.3567,7.5493,8.2527,0.9238,0.6575
2015-02-05,1.2816,1.2419,0.8747,117.4,1.353,7.5207,8.2521,0.9248,0.6539
2015-02-06,1.2809,1.2524,0.8826,119.16,1.3585,7.5929,8.3891,0.9228,0.6559
2015-02-09,1.2799,1.2448,0.8837,118.7,1.3486,7.6154,8.3604,0.9258,0.6572
2015-02-10,1.2852,1.2528,0.8837,119.32,1.349,7.5728,8.3312,0.9263,0.6557
2015-02-11,1.2965,1.2635,0.885,120.38,1.3546,7.653,8.3891,0.9288,0.6565
2015-02-12,1.2882,1.2464,0.8764,118.72,1.3401,7.6527,8.4169,0.9283,0.6502
2015-02-13,1.2867,1.2449,0.8766,118.7,1.339,7.568,8.4039,0.9308,0.6496
2015-02-17,1.2794,1.2401,0.8776,118.99,1.3293,7.5376,8.333,0.9346,0.6515
2015-02-18,1.2857,1.2456,0.8817,119.19,1.33,7.5275,8.415,0.9446,0.6481
2015-02-19,1.2804,1.2484,0.8778,118.84,1.3257,7.5737,8.3967,0.9472,0.6472
2015-02-20,1.2767,1.2503,0.8794,118.68,1.3273,7.5256,8.3783,0.9419,0.65
2015-02-23,1.2809,1.2577,0.8814,118.88,1.327,7.6068,8.4142,0.9494,0.6466
2015-02-24,1.2807,1.2601,0.8844,119.13,1.3412,7.6145,8.4193,0.9516,0.6479
2015-02-25,1.2661,1.2418,0.88,118.88,1.3249,7.554,8.304,0.9496,0.6452
2015-02-26,1.2794,1.249,0.8919,119.36,1.3236,7.6402,8.3893,0.954,0.6483
2015-02-27,1.2804,1.2506,0.8931,119.72,1.3233,7.6619,8.3555,0.9513,0.6477
2015-03-02,1.2853,1.2535,0.8937,120.06,1.3293,7.6959,8.3427,0.9553,0.6506
2015-03-03,1.2755,1.245,0.8919,119.47,1.321,7.6924,8.2612,0.959,0.6497
2015-03-04,1.2786,1.2439,0.9033,119.76,1.3186,7.8102,8.354,0.964,0.6551
2015-03-05,1.2882,1.2482,0.9086,120.22,1.3394,7.7416,8.3583,0.9736,0.6566
2015-03-06,1.2967,1.2615,0.9212,120.93,1.3578,7.8978,8.4994,0.9846,0.6639
2015-03-09,1.296,1.2598,0.922,121.17,1.3587,7.9361,8.4875,0.9873,0.6624
2015-03-10,1.3094,1.2633,0.934,121.2,1.3751,8.0967,8.5531,0.9996,0.6629
2015-03-11,1.3189,1.2763,0.9455,121.5,1.3854,8.1874,8.6257,1.0074,0.6691
2015-03-12,1.2979,1.2692,0.9421,121.28,1.3508,8.1054,8.61,1.0034,0.6708
2015-03-13,1.3104,1.2803,0.9502,121.17,1.3643,8.1922,8.6706,1.0047,0.6777
2015-03-16,1.3062,1.2763,0.9456,121.3,1.3532,8.2575,8.6341,1.0074,0.6757
2015-03-17,1.3132,1.2769,0.943,121.28,1.3676,8.292,8.6723,1.004,0.6782
2015-03-18,1.3067,1.2771,0.9396,120.92,1.3581,8.3524,8.7505,0.9952,0.6809
2015-03-19,1.3127,1.2743,0.9415,120.9,1.3557,8.092,8.6892,0.9921,0.6789
2015-03-20,1.2888,1.2593,0.9266,120.28,1.3236,8.0431,8.6443,0.9766,0.6701
2015-03-23,1.2742,1.2515,0.9151,119.74,1.3118,7.8837,8.4981,0.9668,0.6695
2015-03-24,1.2708,1.251,0.9168,119.9,1.3103,7.865,8.5137,0.9586,0.6725
2015-03-25,1.2729,1.2513,0.9102,119.37,1.3101,7.8314,8.4698,0.9574,0.6705
2015-03-26,1.2762,1.2469,0.9158,119.01,1.3186,7.8802,8.5548,0.9614,0.6737
2015-03-27,1.2897,1.2579,0.9182,119.15,1.3228,7.9595,8.5764,0.9586,0.6721
2015-03-30,1.308,1.2687,0.9244,120.11,1.3308,8.0301,8.5928,0.9678,0.676
2015-03-31,1.3115,1.2681,0.931,119.96,1.336,8.0513,8.6268,0.9712,0.6734
2015-04-01,1.3132,1.261,0.9287,119.62,1.3403,8.007,8.6475,0.9671,0.6746
2015-04-02,1.3217,1.2584,0.9196,119.74,1.3364,7.9831,8.6348,0.9578,0.6738
2015-04-03,1.308,1.2465,0.9099,118.96,1.3167,7.9191,8.5341,0.9504,0.6704
2015-04-06,1.306,1.245,0.9084,119.05,1.3149,7.9026,8.503,0.9524,0.6685
2015-04-07,1.3079,1.2488,0.9217,120.36,1.3321,8.0654,8.6507,0.964,0.6731
2015-04-08,1.2962,1.2508,0.9244,119.96,1.3193,8.0359,8.6489,0.9634,0.6701
2015-04-09,1.2977,1.258,0.9371,120.32,1.3236,8.1059,8.7518,0.9754,0.6785
2015-04-10,1.3031,1.2596,0.9436,120.29,1.3277,8.1127,8.818,0.9807,0.6827
2015-04-13,1.3194,1.2603,0.945,120.32,1.3426,8.0943,8.8156,0.978,0.6822
2015-04-14,1.3092,1.2476,0.937,119.26,1.327,7.9347,8.7452,0.9712,0.6761
2015-04-15,1.3141,1.2378,0.9438,119.23,1.3268,7.8993,8.793,0.9721,0.6765
2015-04-16,1.2827,1.2206,0.9309,119.18,1.3051,7.7677,8.596,0.9584,0.6701
2015-04-17,1.286,1.2225,0.9276,119.02,1.3014,7.8368,8.6482,0.9528,0.6693
2015-04-20,1.2942,1.2203,0.9291,119.27,1.3043,7.8586,8.6701,0.9543,0.6706
2015-04-21,1.2918,1.2274,0.9295,119.45,1.3004,7.8395,8.6279,0.9528,0.6692
2015-04-22,1.2868,1.225,0.9321,119.9,1.3026,7.9045,8.7232,0.9662,0.6655
2015-04-23,1.285,1.2148,0.9257,119.69,1.3184,7.8484,8.65,0.955,0.6646
2015-04-24,1.278,1.2168,0.9195,118.98,1.3156,7.777,8.631,0.9533,0.6589
2015-04-27,1.2724,1.2106,0.9181,119.12,1.3075,7.7167,8.6008,0.9534,0.6564
2015-04-28,1.2473,1.2021,0.9108,118.8,1.2932,7.6529,8.5333,0.9538,0.6524
2015-04-29,1.2399,1.1955,0.8949,118.83,1.2925,7.4722,8.3052,0.9358,0.6458
2015-04-30,1.2711,1.2116,0.8959,119.86,1.3173,7.568,8.3778,0.941,0.6524
2015-05-01,1.2799,1.2191,0.8933,120.21,1.3298,7.6248,8.3931,0.934,0.6606
2015-05-04,1.2757,1.2108,0.8973,120.25,1.328,7.5801,8.3677,0.9357,0.6615
2015-05-05,1.2593,1.2038,0.8949,119.87,1.3222,7.5859,8.3671,0.9262,0.6588
2015-05-06,1.2492,1.2007,0.8814,119.42,1.331,7.4202,8.2188,0.915,0.656
2015-05-07,1.2636,1.2139,0.8863,119.74,1.343,7.4559,8.268,0.9196,0.6569
2015-05-08,1.2636,1.2086,0.8896,119.78,1.3351,7.4502,8.2106,0.9274,0.647
2015-05-11,1.266,1.2107,0.8975,120.05,1.3605,7.5605,8.295,0.9344,0.6413
2015-05-12,1.2517,1.1987,0.8897,119.8,1.3556,7.472,8.3022,0.9266,0.6376
2015-05-13,1.2318,1.195,0.8794,119.09,1.3355,7.3597,8.2085,0.9162,0.635
2015-05-14,1.2373,1.1991,0.8797,119.2,1.3333,7.3829,8.2531,0.9146,0.6343
2015-05-15,1.2418,1.2009,0.875,119.36,1.3353,7.3113,8.2174,0.9174,0.634
2015-05-18,1.2498,1.215,0.8807,119.82,1.3517,7.3808,8.22,0.923,0.6378
2015-05-19,1.2629,1.2213,0.8968,120.58,1.3598,7.5117,8.3356,0.9367,0.6442
2015-05-20,1.2695,1.2212,0.9026,121.28,1.3708,7.587,8.36,0.9395,0.6433
2015-05-21,1.2677,1.2201,0.8988,121.06,1.3661,7.547,8.3159,0.9346,0.6381
2015-05-22,1.2775,1.2288,0.9064,121.45,1.3686,7.629,8.374,0.9428,0.6458
2015-05-26,1.2923,1.2428,0.9195,123.08,1.3835,7.7518,8.4722,0.9503,0.6494
2015-05-27,1.2967,1.2483,0.9184,123.76,1.3835,7.7634,8.502,0.9508,0.6526
2015-05-28,1.3104,1.2474,0.9163,124.18,1.3986,7.8466,8.4941,0.9458,0.654
2015-05-29,1.3057,1.2466,0.9096,123.98,1.4063,7.7845,8.5245,0.9404,0.6542
2015-06-01,1.3135,1.2547,0.9163,124.64,1.4088,7.9633,8.5884,0.9467,0.6585
2015-06-02,1.2907,1.2425,0.8985,124.19,1.3978,7.8547,8.4618,0.9343,0.6523
2015-06-03,1.2816,1.2437,0.8861,124.06,1.3982,7.7207,8.2778,0.9336,0.6514
2015-06-04,1.3033,1.2477,0.8872,124.56,1.4053,7.7435,8.2612,0.9342,0.6507
2015-06-05,1.312,1.2488,0.9003,125.58,1.4192,7.9611,8.4144,0.9436,0.655
2015-06-08,1.3072,1.2435,0.8903,125.08,1.409,7.8678,8.347,0.9332,0.6545
2015-06-09,1.3012,1.2316,0.8862,124.16,1.4011,7.7673,8.2885,0.9295,0.6501
2015-06-10,1.2905,1.2267,0.8844,122.72,1.39,7.7619,8.2592,0.9292,0.6439
2015-06-11,1.2943,1.2314,0.89,123.62,1.4306,7.8584,8.2353,0.9364,0.6455
2015-06-12,1.2917,1.2306,0.8867,123.23,1.4316,7.7208,8.1623,0.926,0.6416
2015-06-15,1.2875,1.2321,0.8876,123.38,1.4276,7.7691,8.1845,0.9351,0.6422
2015-06-16,1.2898,1.2328,0.8898,123.39,1.4314,7.7743,8.1973,0.9325,0.6395
2015-06-17,1.3043,1.2307,0.8894,124.25,1.4465,7.7211,8.1951,0.9272,0.6366
2015-06-18,1.277,1.2206,0.8769,122.87,1.4405,7.7561,8.1076,0.9196,0.6296
2015-06-19,1.289,1.2273,0.8822,122.7,1.4503,7.7871,8.1354,0.9206,0.6297
2015-06-22,1.2912,1.2286,0.8789,123.28,1.4543,7.7179,8.1149,0.9188,0.632
2015-06-23,1.2922,1.2326,0.8937,123.71,1.4596,7.824,8.2456,0.9336,0.6349
2015-06-24,1.3006,1.2413,0.8946,124.24,1.456,7.8748,8.2613,0.936,0.6377
2015-06-25,1.2918,1.2346,0.8932,123.63,1.447,7.8175,8.2444,0.9375,0.6358
2015-06-26,1.3072,1.2358,0.8964,123.92,1.4639,7.8377,8.3113,0.9351,0.6354
2015-06-29,1.3026,1.238,0.8945,122.5,1.459,7.8883,8.2494,0.928,0.6344
2015-06-30,1.298,1.2473,0.8965,122.1,1.4754,7.8574,8.2937,0.9346,0.6358
2015-07-01,1.3048,1.2559,0.9022,123.02,1.4806,7.8909,8.3493,0.9456,0.6403
2015-07-02,1.3106,1.2566,0.9017,123.14,1.4868,7.9616,8.4545,0.9436,0.6405
2015-07-06,1.3296,1.2623,0.9029,122.53,1.4919,8.0604,8.4468,0.9432,0.6402
2015-07-07,1.345,1.2742,0.9131,122.16,1.5011,8.2154,8.5483,0.9482,0.6475
2015-07-08,1.3432,1.2724,0.9032,120.54,1.4835,8.2541,8.4671,0.9458,0.6513
2015-07-09,1.3444,1.2727,0.907,121.22,1.4865,8.1315,8.4956,0.9495,0.6504
2015-07-10,1.3464,1.2713,0.8969,122.75,1.4928,8.0023,8.4375,0.9411,0.645
2015-07-13,1.3501,1.2762,0.9074,123.35,1.4939,8.0721,8.4703,0.9492,0.6444
2015-07-14,1.3423,1.2746,0.9079,123.39,1.491,8.1198,8.5027,0.9459,0.6417
2015-07-15,1.3576,1.2935,0.912,123.89,1.514,8.1445,8.5025,0.9521,0.6402
2015-07-16,1.3459,1.2938,0.9176,124.04,1.5295,8.1304,8.5398,0.9562,0.641
2015-07-17,1.3567,1.2997,0.9218,124,1.5321,8.1869,8.6402,0.9608,0.64
2015-07-20,1.355,1.2982,0.9217,124.24,1.5218,8.2207,8.6088,0.963,0.6416
2015-07-21,1.3461,1.2958,0.9152,123.93,1.5085,8.1136,8.5604,0.959,0.6431
2015-07-22,1.3572,1.3023,0.9188,124.08,1.5216,8.1728,8.6267,0.9613,0.6403
2015-07-23,1.3559,1.303,0.9111,123.88,1.5049,8.185,8.5875,0.9581,0.6438
2015-07-24,1.3738,1.3059,0.9111,123.74,1.5184,8.1839,8.5876,0.962,0.6446
2015-07-27,1.3691,1.3008,0.8999,123.24,1.5069,8.1369,8.4916,0.9597,0.6412
2015-07-28,1.3652,1.2933,0.9046,123.52,1.4952,8.1553,8.5722,0.9638,0.6403
2015-07-29,1.3686,1.2893,0.9069,123.86,1.4966,8.1313,8.5991,0.963,0.64
2015-07-30,1.374,1.3024,0.9163,124.38,1.5177,8.1557,8.6344,0.9696,0.6418
2015-07-31,1.3639,1.3047,0.9068,123.94,1.5094,8.1366,8.5925,0.9636,0.6396
2015-08-03,1.3742,1.3141,0.9122,123.98,1.5145,8.237,8.6428,0.9682,0.6409
2015-08-04,1.3479,1.3124,0.913,124,1.5179,8.2384,8.6453,0.9732,0.6405
2015-08-05,1.3613,1.3181,0.9201,124.84,1.534,8.2812,8.733,0.981,0.6409
2015-08-06,1.3618,1.3152,0.9156,124.6,1.5279,8.2804,8.7477,0.9808,0.6443
2015-08-07,1.3526,1.3122,0.9126,124.27,1.5161,8.2658,8.7679,0.9824,0.6465
2015-08-10,1.3506,1.3056,0.9096,124.55,1.5147,8.2121,8.6986,0.9848,0.6433
2015-08-11,1.3721,1.3149,0.9056,124.9,1.5298,8.2721,8.6691,0.9869,0.6422
2015-08-12,1.3559,1.2973,0.893,123.87,1.5072,8.1323,8.5672,0.9691,0.6394
2015-08-13,1.3585,1.3078,0.8973,124.32,1.5218,8.2118,8.4833,0.976,0.6412
2015-08-14,1.3557,1.3075,0.9001,124.27,1.5277,8.2289,8.5174,0.978,0.64
2015-08-17,1.3539,1.309,0.9027,124.33,1.5198,8.1896,8.5198,0.977,0.6411
2015-08-18,1.3635,1.3075,0.9068,124.39,1.5195,8.2802,8.5456,0.9764,0.6387
2015-08-19,1.3669,1.3165,0.9041,124.1,1.5235,8.3486,8.5783,0.9702,0.6392
2015-08-20,1.3592,1.3075,0.8929,123.54,1.5074,8.2199,8.506,0.9621,0.6374
2015-08-21,1.3618,1.3146,0.8806,122.11,1.4912,8.203,8.3665,0.9488,0.637
2015-08-24,1.3885,1.321,0.8636,118.56,1.5368,8.199,8.2769,0.9347,0.6357
2015-08-25,1.3922,1.3295,0.8764,119.91,1.5333,8.2626,8.4405,0.9488,0.637
2015-08-26,1.411,1.3301,0.878,119.07,1.5567,8.3497,8.4619,0.9472,0.6455
2015-08-27,1.393,1.3193,0.8898,120.89,1.5437,8.2981,8.4752,0.9631,0.6489
2015-08-28,1.4027,1.3268,0.8951,121.32,1.5513,8.2678,8.4649,0.9622,0.651
2015-08-31,1.4085,1.3223,0.8933,121.26,1.5751,8.3223,8.4745,0.9681,0.6509
2015-09-01,1.4213,1.318,0.8879,119.94,1.5758,8.283,8.4609,0.9622,0.6518
2015-09-02,1.4263,1.3308,0.8895,120,1.5765,8.2556,8.4193,0.969,0.6532
2015-09-03,1.4235,1.32,0.9006,120.2,1.5625,8.2742,8.4266,0.9764,0.6556
2015-09-04,1.4457,1.3272,0.8995,119.05,1.5924,8.3138,8.4688,0.9754,0.6581
2015-09-08,1.4239,1.3193,0.8943,119.72,1.5755,8.2278,8.4108,0.978,0.6502
2015-09-09,1.4237,1.3221,0.8957,120.94,1.562,8.216,8.4106,0.9767,0.6509
2015-09-10,1.4112,1.3218,0.8879,120.71,1.5858,8.1859,8.3663,0.9735,0.647
2015-09-11,1.4136,1.3274,0.882,120.66,1.5838,8.1591,8.2375,0.9735,0.6483
2015-09-14,1.4011,1.3265,0.8844,119.92,1.5798,8.1914,8.2576,0.9687,0.6484
2015-09-15,1.41,1.3261,0.8881,120.3,1.584,8.1913,8.3035,0.9755,0.6514
2015-09-16,1.3916,1.318,0.8846,120.62,1.5751,8.1204,8.2439,0.9688,0.6452
2015-09-17,1.3992,1.3186,0.884,120.9,1.5818,8.1604,8.259,0.971,0.6448
2015-09-18,1.3847,1.3146,0.8804,119.85,1.5586,8.1221,8.2099,0.9614,0.6421
2015-09-21,1.4035,1.3249,0.8925,120.46,1.5848,8.1982,8.3362,0.9702,0.6449
2015-09-22,1.4128,1.3276,0.8982,120.04,1.5893,8.288,8.395,0.9733,0.6512
2015-09-23,1.4278,1.3313,0.8961,120.12,1.6015,8.2841,8.4357,0.978,0.656
2015-09-24,1.429,1.3348,0.8887,119.54,1.5778,8.4628,8.389,0.973,0.6556
2015-09-25,1.4257,1.3322,0.8935,120.74,1.5701,8.5154,8.4078,0.976,0.6591
2015-09-28,1.4276,1.336,0.89,119.82,1.5758,8.535,8.4688,0.9735,0.6575
2015-09-29,1.4271,1.3414,0.8892,119.76,1.5704,8.4642,8.3846,0.971,0.6593
2015-09-30,1.4245,1.3396,0.8959,119.81,1.5649,8.5259,8.3912,0.9773,0.6616
2015-10-01,1.4196,1.324,0.8929,119.58,1.5598,8.4364,8.3633,0.9744,0.6595
2015-10-02,1.4235,1.3213,0.8868,119.42,1.5547,8.3319,8.319,0.9684,0.6572
2015-10-05,1.4108,1.3084,0.8929,120.36,1.5373,8.4044,8.3391,0.9746,0.6594
2015-10-06,1.4,1.3056,0.8876,120.18,1.53,8.2927,8.2362,0.9678,0.6567
2015-10-07,1.3864,1.3038,0.889,119.9,1.5099,8.2099,8.2421,0.9716,0.653
2015-10-08,1.3841,1.3017,0.8864,119.94,1.5056,8.1419,8.2338,0.9674,0.6529
2015-10-09,1.3646,1.2945,0.88,120.3,1.4925,8.0783,8.183,0.9615,0.653
2015-10-13,1.3731,1.2984,0.8786,119.8,1.495,8.1299,8.1333,0.9594,0.6561
2015-10-14,1.3782,1.2983,0.8744,119.21,1.4778,8.0997,8.1341,0.9517,0.6475
2015-10-15,1.3669,1.2901,0.8758,118.26,1.459,8.1041,8.2285,0.9489,0.6462
2015-10-16,1.3772,1.2932,0.8803,119.6,1.4708,8.099,8.2217,0.9536,0.6476
2015-10-19,1.3785,1.2999,0.8834,119.5,1.4697,8.1211,8.3185,0.956,0.6464
2015-10-20,1.3782,1.2974,0.8804,119.79,1.4804,8.1136,8.2819,0.954,0.6464
2015-10-21,1.3839,1.3117,0.8814,119.91,1.485,8.1741,8.3194,0.957,0.6467
2015-10-22,1.385,1.3087,0.8977,120.5,1.4725,8.2819,8.4394,0.971,0.6494
2015-10-23,1.386,1.3171,0.9078,121.2,1.4813,8.3982,8.5092,0.9769,0.6519
2015-10-26,1.377,1.3134,0.9049,120.87,1.4719,8.3314,8.4997,0.9815,0.651
2015-10-27,1.3826,1.3242,0.9048,120.29,1.4702,8.4384,8.4935,0.9848,0.6531
2015-10-28,1.4,1.3149,0.9037,120.56,1.4879,8.448,8.4173,0.9848,0.6528
2015-10-29,1.4122,1.3169,0.9122,121.14,1.497,8.5706,8.5536,0.9915,0.6538
2015-10-30,1.4019,1.3082,0.9056,120.7,1.478,8.4643,8.4922,0.9858,0.6475
2015-11-02,1.4004,1.3093,0.9069,120.7,1.4826,8.4759,8.5079,0.9853,0.6482
2015-11-03,1.3941,1.3107,0.9136,121.2,1.4979,8.5199,8.5526,0.9922,0.6492
2015-11-04,1.399,1.3164,0.9207,121.52,1.5181,8.6318,8.6296,0.9933,0.6503
2015-11-05,1.399,1.3162,0.92,121.71,1.509,8.557,8.6473,0.9964,0.6563
2015-11-06,1.4217,1.3307,0.9306,123.2,1.5363,8.652,8.7203,1.0048,0.6635
2015-11-09,1.4192,1.3274,0.9288,123.04,1.5298,8.6491,8.6731,1.0017,0.6612
2015-11-10,1.4225,1.3258,0.9358,123.22,1.5305,8.651,8.7134,1.0076,0.6618
2015-11-12,1.4053,1.3309,0.9287,122.84,1.5316,8.6878,8.6459,1.0014,0.6576
2015-11-13,1.4049,1.3332,0.9327,122.93,1.5319,8.7066,8.7153,1.0088,0.6575
2015-11-16,1.4114,1.3352,0.9339,123.11,1.5413,8.6829,8.6957,1.0079,0.6577
2015-11-17,1.4055,1.3324,0.9404,123.48,1.5482,8.6823,8.7633,1.0169,0.6573
2015-11-18,1.4128,1.3351,0.94,123.51,1.5528,8.7105,8.7423,1.0198,0.6575
2015-11-19,1.3873,1.3266,0.9306,122.71,1.5198,8.5877,8.6537,1.014,0.6524
2015-11-20,1.3826,1.3337,0.9381,122.8,1.5249,8.6196,8.6929,1.0183,0.6579
2015-11-23,1.3912,1.3358,0.9432,123.02,1.5359,8.664,8.7369,1.0205,0.6612
2015-11-24,1.381,1.3308,0.9388,122.47,1.5291,8.6468,8.7009,1.0161,0.6641
2015-11-25,1.3801,1.3298,0.942,122.7,1.5214,8.6489,8.7349,1.022,0.6619
2015-11-27,1.3904,1.336,0.9438,122.84,1.53,8.6917,8.7292,1.0305,0.6649
2015-11-30,1.3822,1.3332,0.9468,123.22,1.5211,8.6838,8.7206,1.0282,0.6647
2015-12-01,1.3661,1.3372,0.9416,122.88,1.4972,8.6434,8.6974,1.0296,0.6634
2015-12-02,1.3682,1.3357,0.9458,123.52,1.5085,8.6591,8.7069,1.0274,0.6699
2015-12-03,1.368,1.3393,0.9173,123.06,1.5076,8.4994,8.4958,0.9996,0.6628
2015-12-04,1.3613,1.3364,0.9188,123.1,1.4804,8.5194,8.4837,0.9986,0.6623
2015-12-07,1.3759,1.3508,0.9225,123.31,1.5042,8.6566,8.5384,1.0026,0.6633
2015-12-08,1.3868,1.3594,0.9195,123,1.5069,8.7939,8.5168,0.994,0.6667
2015-12-09,1.3881,1.3595,0.9104,121.86,1.5085,8.7036,8.4267,0.9866,0.6593
2015-12-10,1.3701,1.3598,0.9134,121.44,1.4786,8.6285,8.4927,0.9888,0.6589
2015-12-11,1.3862,1.3695,0.9089,120.94,1.4865,8.6778,8.4816,0.9828,0.6573
2015-12-14,1.3778,1.3732,0.907,120.57,1.4754,8.6619,8.4753,0.9823,0.6609
2015-12-15,1.3935,1.3729,0.9165,121.66,1.4819,8.7022,8.5023,0.9921,0.6647
2015-12-16,1.3875,1.3805,0.9143,121.88,1.4767,8.7458,8.5222,0.9852,0.6661
2015-12-17,1.4085,1.397,0.9256,122.75,1.4943,8.7615,8.564,0.9987,0.6722
2015-12-18,1.3895,1.3876,0.9219,121.2,1.481,8.7488,8.5602,0.994,0.6705
2015-12-21,1.3943,1.3989,0.9158,120.99,1.4773,8.7639,8.5092,0.9912,0.6709
2015-12-22,1.3829,1.3929,0.9109,120.94,1.468,8.697,8.4113,0.9866,0.6752
2015-12-23,1.3848,1.386,0.9195,120.94,1.473,8.7346,8.4626,0.9938,0.6728
2015-12-24,1.3757,1.3847,0.9128,120.32,1.4624,8.6763,8.4008,0.9872,0.6692
2015-12-28,1.377,1.3893,0.9105,120.3,1.4592,8.6758,8.3622,0.9878,0.6719
2015-12-29,1.3712,1.3848,0.9161,120.44,1.4552,8.7186,8.3774,0.9924,0.6759
2015-12-30,1.3729,1.3883,0.9164,120.6,1.4626,8.8137,8.4275,0.989,0.6742
2015-12-31,1.3725,1.3839,0.9209,120.27,1.4616,8.8542,8.4485,1.0017,0.6782
2016-01-04,1.3955,1.397,0.9257,119.3,1.4837,8.9246,8.5057,1.0042,0.6809
2016-01-05,1.3984,1.3991,0.9308,118.95,1.4925,8.9165,8.5987,1.0096,0.6819
2016-01-06,1.4144,1.4084,0.9292,118.54,1.5056,8.9668,8.6024,1.0084,0.6837
2016-01-07,1.4235,1.4061,0.9208,118,1.5031,8.919,8.5106,1.0018,0.6859
2016-01-08,1.4335,1.415,0.9187,117.74,1.5246,8.9045,8.5287,0.9972,0.6886
2016-01-11,1.4302,1.4203,0.9193,117.48,1.5258,8.9399,8.5253,1,0.6866
2016-01-12,1.4337,1.4293,0.9228,117.78,1.533,8.9039,8.5535,1.003,0.6943
2016-01-13,1.4294,1.4294,0.9206,118.06,1.5246,8.8019,8.5165,1.0064,0.6911
2016-01-14,1.4327,1.4374,0.9206,118.03,1.5456,8.7635,8.5348,1.0072,0.694
2016-01-15,1.4569,1.4531,0.9121,116.78,1.555,8.8195,8.5512,0.9984,0.6998
2016-01-19,1.4432,1.4513,0.9169,117.66,1.5411,8.7946,8.5477,1.0032,0.7057
2016-01-20,1.4588,1.4592,0.9168,116.38,1.5652,8.898,8.5825,1.0032,0.7059
2016-01-21,1.428,1.4244,0.9231,117.61,1.5333,8.8153,8.5655,1.0112,0.7043
2016-01-22,1.4257,1.4153,0.9247,118.37,1.5425,8.759,8.5754,1.0148,0.6989
2016-01-25,1.4347,1.4248,0.9232,118.55,1.5449,8.7447,8.5694,1.0148,0.702
2016-01-26,1.4276,1.4062,0.922,118.5,1.5404,8.6972,8.5614,1.0189,0.6973
2016-01-27,1.4136,1.404,0.9202,118.9,1.5321,8.6589,8.5124,1.0176,0.7012
2016-01-28,1.4114,1.4077,0.9131,118.61,1.5439,8.6332,8.5048,1.0134,0.6968
2016-01-29,1.4142,1.4074,0.9232,121.05,1.5458,8.7071,8.5709,1.0226,0.705
2016-02-01,1.4116,1.4005,0.9184,121.06,1.5356,8.7104,8.5385,1.0202,0.696
2016-02-02,1.4168,1.4039,0.9168,120.27,1.5392,8.7184,8.5749,1.0181,0.6945
2016-02-03,1.4017,1.3843,0.9049,117.92,1.5017,8.6074,8.4745,1.007,0.6861
2016-02-04,1.3858,1.3724,0.8929,116.75,1.4861,8.482,8.3983,0.9926,0.6859
2016-02-05,1.4116,1.3875,0.8984,116.99,1.5108,8.6002,8.4802,0.9938,0.6912
2016-02-08,1.4079,1.3921,0.8953,115.7,1.5067,8.5956,8.4593,0.9885,0.6937
2016-02-09,1.4154,1.386,0.885,114.8,1.5042,8.5929,8.4061,0.972,0.6909
2016-02-10,1.4106,1.3969,0.8911,114.03,1.5026,8.5613,8.4612,0.9779,0.6909
2016-02-11,1.4092,1.3933,0.8801,111.72,1.4966,8.5465,8.344,0.9706,0.6921
2016-02-12,1.4088,1.3834,0.8901,112.96,1.5088,8.5917,8.4337,0.9768,0.6916
2016-02-16,1.4079,1.3857,0.8977,113.9,1.5232,8.6203,8.4959,0.9884,0.6998
2016-02-17,1.3951,1.3682,0.8977,114.14,1.5088,8.5696,8.5104,0.9926,0.6985
2016-02-18,1.3986,1.3718,0.9016,113.62,1.5092,8.5961,8.4758,0.994,0.6977
2016-02-19,1.4035,1.3798,0.8987,112.42,1.5117,8.5654,8.4426,0.9893,0.6972
2016-02-22,1.3816,1.3684,0.9076,113.12,1.4881,8.5997,8.5023,0.9986,0.7064
2016-02-23,1.3872,1.3791,0.9078,112.17,1.5015,8.5984,8.4829,0.992,0.7123
2016-02-24,1.3933,1.3765,0.9074,111.36,1.5078,8.6713,8.4859,0.986,0.7178
2016-02-25,1.3873,1.3572,0.9069,112.7,1.4928,8.6532,8.5157,0.9894,0.7175
2016-02-26,1.4025,1.3546,0.9147,113.78,1.5042,8.6826,8.5557,0.9967,0.7211
2016-02-29,1.3982,1.3522,0.9201,112.9,1.5149,8.6919,8.5709,0.996,0.7181
2016-03-01,1.3943,1.3404,0.9219,113.94,1.5108,8.6574,8.6312,0.9994,0.7169
2016-03-02,1.3759,1.3466,0.9221,113.81,1.5056,8.7023,8.6321,0.9981,0.7113
2016-03-03,1.3587,1.3405,0.9134,113.53,1.4824,8.5932,8.5418,0.992,0.7066
2016-03-04,1.3468,1.3337,0.9083,113.91,1.4708,8.5072,8.4779,0.9926,0.7029
2016-03-07,1.3392,1.33,0.9088,113.6,1.4704,8.4984,8.4752,0.9969,0.7015
2016-03-08,1.3421,1.3388,0.9068,112.58,1.4771,8.5397,8.4776,0.9939,0.703
2016-03-09,1.3284,1.3233,0.9073,113.06,1.4686,8.5066,8.4238,0.9957,0.7024
2016-03-10,1.3434,1.3372,0.8959,113.1,1.4999,8.5309,8.3712,0.9857,0.699
2016-03-11,1.3207,1.3211,0.8945,113.66,1.4786,8.3974,8.3339,0.9813,0.6932
2016-03-14,1.3307,1.3291,0.9003,113.59,1.4948,8.471,8.3326,0.986,0.6981
2016-03-15,1.3396,1.3355,0.8999,112.88,1.5119,8.5487,8.3031,0.9852,0.7059
2016-03-16,1.345,1.3364,0.9029,113.69,1.5149,8.5798,8.3168,0.9879,0.7092
2016-03-17,1.3094,1.2982,0.8837,111.3,1.4631,8.3467,8.1867,0.968,0.6901
2016-03-18,1.3127,1.298,0.8856,111.38,1.468,8.3382,8.209,0.9682,0.689
2016-03-21,1.3168,1.3067,0.8881,111.62,1.4784,8.3938,8.2166,0.9678,0.6943
2016-03-22,1.3115,1.3051,0.8906,111.82,1.4793,8.4002,8.2188,0.9705,0.7034
2016-03-23,1.3275,1.3199,0.8949,112.63,1.4921,8.4854,8.2672,0.9731,0.7087
2016-03-24,1.3305,1.327,0.8958,112.64,1.4937,8.4995,8.3021,0.9766,0.7071
2016-03-25,1.3301,1.3264,0.8957,113.05,1.4959,8.4853,8.3066,0.978,0.7077
2016-03-28,1.3247,1.3184,0.8921,113.29,1.4861,8.4195,8.2808,0.9732,0.7018
2016-03-29,1.3215,1.3153,0.8925,113.33,1.4699,8.4597,8.2546,0.9744,0.7002
2016-03-30,1.3043,1.2962,0.8826,112.6,1.4463,8.3215,8.15,0.9636,0.6949
2016-03-31,1.3026,1.2969,0.878,112.42,1.4438,8.252,8.0962,0.9583,0.6954
2016-04-01,1.3034,1.3047,0.8783,112.06,1.4495,8.3127,8.1164,0.9588,0.704
2016-04-04,1.3134,1.3037,0.8783,111.18,1.4594,8.3098,8.1239,0.9597,0.7003
2016-04-05,1.33,1.3175,0.8792,110.26,1.4734,8.3486,8.1408,0.9572,0.7068
2016-04-06,1.3135,1.3073,0.8749,109.63,1.462,8.2844,8.1378,0.9537,0.7061
2016-04-07,1.3326,1.3163,0.8783,107.98,1.4762,8.3254,8.152,0.9552,0.7101
2016-04-08,1.3238,1.2994,0.8767,108.36,1.4674,8.223,8.1453,0.9536,0.709
2016-04-11,1.316,1.2912,0.8763,107.96,1.4577,8.1972,8.1112,0.9538,0.7022
2016-04-12,1.3057,1.28,0.8776,108.54,1.4489,8.1703,8.0701,0.9546,0.702
2016-04-13,1.3074,1.2789,0.8864,109.21,1.4459,8.2299,8.1415,0.9651,0.7031
2016-04-14,1.2979,1.2835,0.8879,109.2,1.4565,8.2241,8.1264,0.9667,0.7068
2016-04-15,1.2958,1.2857,0.8853,108.76,1.4465,8.2278,8.1234,0.967,0.7034
2016-04-18,1.291,1.2815,0.8832,108.85,1.4397,8.2129,8.1214,0.9636,0.7005
2016-04-19,1.2811,1.2654,0.8791,109.16,1.4217,8.1119,8.074,0.9599,0.6946
2016-04-20,1.2793,1.2623,0.8826,109.51,1.4292,8.105,8.089,0.9671,0.6957
2016-04-21,1.289,1.2713,0.8849,109.41,1.4443,8.1741,8.1199,0.9722,0.6974
2016-04-22,1.2965,1.2672,0.8898,111.5,1.459,8.217,8.1244,0.9774,0.6949
2016-04-25,1.2958,1.2678,0.887,111.08,1.4586,8.1893,8.1269,0.9742,0.69
2016-04-26,1.2918,1.2614,0.8835,111.23,1.4503,8.136,8.0938,0.9713,0.6844
2016-04-27,1.3168,1.2637,0.8832,111.26,1.4596,8.1573,8.0814,0.971,0.6871
2016-04-28,1.3098,1.2544,0.883,108.55,1.4349,8.1507,8.0851,0.9687,0.6858
2016-04-29,1.3137,1.2549,0.874,106.9,1.4318,8.0643,8.0267,0.9598,0.6838
2016-05-02,1.3087,1.2544,0.8684,106.48,1.4267,8.0361,7.9761,0.9556,0.6818
2016-05-03,1.3348,1.2686,0.869,106.34,1.444,8.0891,8.0272,0.9541,0.6876
2016-05-04,1.3416,1.2882,0.8706,107.12,1.4548,8.1466,8.0679,0.9574,0.6908
2016-05-05,1.3396,1.2855,0.8769,107.32,1.4505,8.1613,8.1073,0.9686,0.6903
2016-05-06,1.3591,1.292,0.8756,106.66,1.4613,8.1868,8.1254,0.9697,0.6926
2016-05-09,1.3656,1.2994,0.877,108.39,1.4754,8.2147,8.1546,0.9698,0.694
2016-05-10,1.3604,1.2957,0.8783,109.22,1.4824,8.2055,8.1466,0.9746,0.6919
2016-05-11,1.3517,1.2834,0.8738,108.48,1.4609,8.1339,8.1207,0.9699,0.6906
2016-05-12,1.3672,1.2857,0.8787,108.73,1.4671,8.1522,8.188,0.9693,0.6919
2016-05-13,1.3749,1.2939,0.8854,109.14,1.4747,8.2157,8.2562,0.9756,0.6959
2016-05-16,1.3699,1.2886,0.8828,108.89,1.4695,8.1476,8.2416,0.9772,0.6939
2016-05-17,1.3602,1.2884,0.8821,109.02,1.462,8.1578,8.2281,0.9761,0.6904
2016-05-18,1.3727,1.2924,0.8868,109.65,1.4745,8.2253,8.2868,0.9822,0.6842
2016-05-19,1.3864,1.3114,0.8917,109.81,1.4819,8.3497,8.3375,0.9894,0.6846
2016-05-20,1.386,1.3136,0.8923,110.52,1.4793,8.3272,8.3308,0.992,0.689
2016-05-23,1.3883,1.3155,0.8935,109.47,1.4806,8.365,8.3599,0.9919,0.6923
2016-05-24,1.392,1.3117,0.8973,110,1.4841,8.3515,8.3219,0.993,0.6839
2016-05-25,1.3916,1.3089,0.8965,110.22,1.481,8.3389,8.3028,0.9908,0.6805
2016-05-26,1.3837,1.298,0.8941,109.74,1.481,8.2705,8.2847,0.9898,0.6815
2016-05-27,1.3879,1.3001,0.8977,109.86,1.4861,8.3221,8.3224,0.9916,0.6829
2016-05-31,1.3808,1.3097,0.8981,110.75,1.4773,8.3678,8.336,0.9934,0.6882
2016-06-01,1.3808,1.3089,0.8957,109.55,1.4691,8.3099,8.303,0.9892,0.6947
2016-06-02,1.3841,1.308,0.8963,108.75,1.4674,8.3355,8.3278,0.9902,0.6935
2016-06-03,1.3626,1.2947,0.8826,106.88,1.4405,8.2017,8.1742,0.9781,0.6887
2016-06-06,1.3583,1.2856,0.8807,107.33,1.4428,8.1761,8.1258,0.972,0.692
2016-06-07,1.3419,1.2788,0.8811,107.3,1.4325,8.1332,8.1404,0.9663,0.6866
2016-06-08,1.3371,1.2694,0.8772,106.68,1.4237,8.1101,8.1102,0.9594,0.6875
2016-06-09,1.3457,1.2728,0.8827,106.54,1.4019,8.1486,8.1685,0.9639,0.6912
2016-06-10,1.3523,1.2734,0.8864,107.06,1.4146,8.2325,8.2743,0.9632,0.6973
2016-06-13,1.3524,1.2791,0.8864,106.07,1.4156,8.2787,8.2548,0.9662,0.7031
2016-06-14,1.3587,1.2833,0.8924,106.02,1.428,8.3513,8.3033,0.964,0.7077
2016-06-15,1.3506,1.2912,0.8898,105.87,1.4229,8.313,8.323,0.9647,0.705
2016-06-16,1.3676,1.3039,0.8962,104.05,1.4294,8.4505,8.4216,0.9662,0.7105
2016-06-17,1.3541,1.2875,0.8884,104.2,1.4172,8.3841,8.3406,0.961,0.7
2016-06-20,1.3408,1.2807,0.8835,104.32,1.4067,8.2614,8.2374,0.9616,0.6808
2016-06-21,1.3403,1.2817,0.8879,104.56,1.401,8.3092,8.2575,0.9596,0.6818
2016-06-22,1.3349,1.282,0.8861,104.56,1.3957,8.2902,8.2727,0.9584,0.6811
2016-06-23,1.3161,1.2749,0.8793,105.9,1.3808,8.1661,8.1654,0.9566,0.6757
2016-06-24,1.3421,1.2948,0.8988,102.26,1.4067,8.4412,8.4345,0.9702,0.7332
2016-06-27,1.3592,1.3076,0.9071,101.66,1.4245,8.5699,8.5598,0.9787,0.7566
2016-06-28,1.36,1.3086,0.9046,102.71,1.4223,8.5082,8.5372,0.9812,0.7522
2016-06-29,1.3434,1.299,0.8995,102.68,1.4043,8.3763,8.4602,0.9794,0.7402
2016-06-30,1.3455,1.301,0.9065,102.77,1.4045,8.3931,8.5028,0.9792,0.7552
2016-07-01,1.336,1.2897,0.8973,102.55,1.3953,8.3279,8.4301,0.973,0.753
2016-07-05,1.3412,1.295,0.9025,101.58,1.3992,8.4065,8.528,0.9768,0.768
2016-07-06,1.3314,1.3003,0.9028,101.12,1.4025,8.4724,8.5276,0.9778,0.7739
2016-07-07,1.3355,1.2984,0.9038,100.74,1.3864,8.494,8.5724,0.9781,0.7736
2016-07-08,1.3229,1.3072,0.906,100.65,1.3712,8.5421,8.5984,0.9843,0.7729
2016-07-11,1.3273,1.3125,0.9054,102.66,1.3847,8.499,8.584,0.983,0.7701
2016-07-12,1.3104,1.3016,0.903,104.72,1.3691,8.4157,8.5203,0.9869,0.7555
2016-07-13,1.3116,1.2962,0.8999,104.1,1.3693,8.4159,8.4751,0.9834,0.7587
2016-07-14,1.3103,1.2916,0.9002,105.4,1.3891,8.3653,8.4823,0.9806,0.7501
2016-07-15,1.318,1.2978,0.9042,105.64,1.4019,8.452,8.5455,0.9834,0.7579
2016-07-18,1.3163,1.2984,0.9029,106,1.4051,8.4489,8.5505,0.9822,0.7531
2016-07-19,1.334,1.3027,0.9079,106.13,1.4186,8.5075,8.6114,0.985,0.762
2016-07-20,1.3358,1.3037,0.9085,106.65,1.4219,8.4929,8.6003,0.9872,0.7588
2016-07-21,1.3339,1.3056,0.9078,105.98,1.4308,8.4697,8.5947,0.9869,0.7567
2016-07-22,1.3417,1.3178,0.9117,106.22,1.4306,8.5524,8.6603,0.9888,0.7639
2016-07-25,1.3408,1.3224,0.9107,106.02,1.4325,8.5847,8.6513,0.9869,0.7616
2016-07-26,1.3305,1.3207,0.9104,104.83,1.4209,8.5798,8.6568,0.9924,0.7614
2016-07-27,1.3405,1.3221,0.9101,105.65,1.4201,8.591,8.6797,0.9936,0.7637
2016-07-28,1.3314,1.317,0.9014,104.86,1.4134,8.5468,8.6243,0.9806,0.7604
2016-07-29,1.316,1.304,0.8954,102.32,1.3858,8.425,8.5503,0.969,0.7536
2016-08-01,1.3215,1.3096,0.8948,102.26,1.3897,8.475,8.5701,0.9671,0.7571
2016-08-02,1.3139,1.3087,0.8909,100.82,1.3822,8.4295,8.5105,0.9643,0.7504
2016-08-03,1.3172,1.3078,0.8953,101.34,1.3961,8.4277,8.5207,0.9716,0.7499
2016-08-04,1.3094,1.3025,0.8981,101.08,1.3899,8.4283,8.5214,0.9738,0.7609
2016-08-05,1.3132,1.3179,0.9025,101.74,1.401,8.4981,8.5634,0.9796,0.7652
2016-08-08,1.3062,1.3162,0.9027,102.53,1.4008,8.4772,8.5867,0.9838,0.7668
2016-08-09,1.3026,1.3116,0.9001,101.96,1.3931,8.3952,8.5314,0.9826,0.7686
2016-08-10,1.2958,1.3059,0.8952,101.27,1.385,8.2804,8.4686,0.9759,0.7693
2016-08-11,1.297,1.3004,0.8954,101.46,1.3808,8.2219,8.4306,0.9722,0.7716
2016-08-12,1.304,1.2943,0.8951,101.01,1.386,8.1874,8.44,0.9738,0.7732
2016-08-15,1.3009,1.2922,0.8929,101.02,1.3852,8.2086,8.4542,0.9714,0.7768
2016-08-16,1.2992,1.2861,0.8868,100.28,1.3763,8.194,8.4091,0.9622,0.7681
2016-08-17,1.3125,1.2885,0.8879,100.24,1.3852,8.2419,8.4384,0.964,0.7685
2016-08-18,1.3014,1.2777,0.8823,100.07,1.3714,8.1562,8.358,0.9576,0.7606
2016-08-19,1.3123,1.2878,0.8829,100.24,1.3759,8.2137,8.3781,0.9594,0.7656
2016-08-22,1.3108,1.2942,0.8839,100.25,1.374,8.2256,8.3826,0.9625,0.7614
2016-08-23,1.3103,1.2904,0.8843,100.2,1.3686,8.211,8.3781,0.9622,0.7588
2016-08-24,1.3149,1.2939,0.8884,100.5,1.3686,8.2249,8.4068,0.9673,0.7555
2016-08-25,1.3139,1.2934,0.887,100.58,1.3704,8.2223,8.4132,0.9684,0.7589
2016-08-26,1.3134,1.2944,0.8899,101.2,1.3695,8.2343,8.4464,0.9718,0.7594
2016-08-29,1.32,1.3018,0.8943,102.13,1.3785,8.2881,8.4767,0.978,0.764
2016-08-30,1.3305,1.3075,0.8969,102.92,1.3847,8.3362,8.5389,0.9822,0.7643
2016-08-31,1.33,1.3122,0.8972,103.38,1.378,8.3438,8.5689,0.983,0.7617
2016-09-01,1.3259,1.3107,0.8933,103.22,1.3732,8.3256,8.5504,0.9792,0.7534
2016-09-02,1.3233,1.2998,0.8962,104.18,1.3725,8.3206,8.5886,0.9804,0.7519
2016-09-06,1.3031,1.2843,0.8899,102.28,1.3501,8.1862,8.4765,0.9718,0.7447
2016-09-07,1.3029,1.2895,0.8898,101.72,1.3421,8.1839,8.4443,0.9702,0.7497
2016-09-08,1.3045,1.291,0.8884,102.28,1.3503,8.1934,8.4483,0.9726,0.7518
2016-09-09,1.3247,1.3034,0.8917,102.86,1.3631,8.2573,8.4995,0.977,0.7543
2016-09-12,1.3287,1.3076,0.8905,101.96,1.3659,8.2301,8.4992,0.9736,0.7511
2016-09-13,1.3387,1.3167,0.8895,102.14,1.377,8.2491,8.5072,0.974,0.7585
2016-09-14,1.336,1.3187,0.8872,102.33,1.3691,8.2232,8.4628,0.9708,0.7573
2016-09-15,1.3312,1.3145,0.8892,102.24,1.3684,8.2309,8.4753,0.9714,0.7567
2016-09-16,1.3353,1.3212,0.8961,102.36,1.3753,8.302,8.5761,0.9794,0.7639
2016-09-19,1.3228,1.318,0.8945,101.82,1.3667,8.2822,8.5483,0.9798,0.7662
2016-09-20,1.3242,1.3228,0.8951,101.66,1.3656,8.2961,8.5801,0.9781,0.7708
2016-09-21,1.3177,1.3186,0.8957,100.62,1.3646,8.2941,8.5831,0.9758,0.7705
2016-09-22,1.3082,1.3036,0.8906,100.8,1.3671,8.107,8.5322,0.9678,0.7638
2016-09-23,1.3122,1.3163,0.891,101.04,1.3822,8.1099,8.5457,0.9702,0.7717
2016-09-26,1.3086,1.3196,0.8873,100.34,1.3736,8.0889,8.5175,0.9668,0.7705
2016-09-27,1.3058,1.3247,0.8922,100.36,1.371,8.1532,8.612,0.9718,0.7689
2016-09-28,1.3057,1.3237,0.8929,100.57,1.3785,8.0828,8.5889,0.9724,0.7695
2016-09-29,1.3028,1.3101,0.8894,101.48,1.3727,8.004,8.5435,0.9655,0.7698
2016-09-30,1.3043,1.3115,0.8898,101.21,1.3717,7.9897,8.5726,0.9694,0.7683
2016-10-03,1.3048,1.3138,0.8921,101.54,1.3768,7.9725,8.5641,0.974,0.7788
2016-10-04,1.3082,1.3171,0.8919,102.66,1.3801,7.9934,8.5838,0.978,0.7846
2016-10-05,1.3127,1.3177,0.8932,103.53,1.3941,8.0317,8.5989,0.977,0.7846
2016-10-06,1.3193,1.3209,0.8962,104.02,1.3965,8.0431,8.6246,0.9798,0.7907
2016-10-07,1.3235,1.3306,0.8964,103.42,1.4047,8.1198,8.6616,0.9806,0.8042
2016-10-11,1.3254,1.3235,0.904,103.36,1.415,8.1872,8.8172,0.9878,0.8185
2016-10-12,1.324,1.3277,0.9079,104.48,1.4188,8.229,8.8306,0.9902,0.82
2016-10-13,1.3231,1.3219,0.906,103.62,1.4122,8.187,8.805,0.987,0.8196
2016-10-14,1.3141,1.3169,0.9103,104.1,1.411,8.2257,8.8353,0.9902,0.8204
2016-10-17,1.3113,1.3135,0.9091,103.96,1.4017,8.182,8.8135,0.988,0.8206
2016-10-18,1.3023,1.3105,0.9093,103.8,1.3854,8.1468,8.8087,0.9886,0.8123
2016-10-19,1.2962,1.3105,0.9119,103.3,1.3845,8.1423,8.8431,0.9894,0.8144
2016-10-20,1.3089,1.3197,0.9146,103.92,1.3883,8.1841,8.8577,0.9916,0.8159
2016-10-21,1.3163,1.3324,0.9203,103.96,1.3978,8.2636,8.9297,0.9951,0.819
2016-10-24,1.3153,1.3387,0.9184,104.2,1.4019,8.2463,8.9039,0.992,0.8194
2016-10-25,1.3068,1.3333,0.9183,104.25,1.3951,8.2593,8.9224,0.994,0.8221
2016-10-26,1.306,1.3361,0.9161,104.42,1.3974,8.262,8.8994,0.9927,0.8174
2016-10-27,1.3148,1.3385,0.9171,105.14,1.4039,8.2536,9.0646,0.994,0.8215
2016-10-28,1.3196,1.3383,0.9146,105.4,1.3998,8.2647,9.0353,0.9932,0.8227
2016-10-31,1.3139,1.3403,0.9122,105.07,1.3974,8.2501,9.0207,0.989,0.8189
2016-11-01,1.3057,1.3377,0.9056,104.59,1.3935,8.1986,8.9479,0.979,0.8185
2016-11-02,1.3043,1.3387,0.8994,103.22,1.3706,8.1826,8.8938,0.9701,0.812
2016-11-03,1.3019,1.3384,0.9014,103.17,1.3657,8.166,8.9318,0.9746,0.803
2016-11-04,1.304,1.3413,0.8992,103.02,1.3678,8.1751,8.9543,0.9682,0.7971
2016-11-07,1.2987,1.338,0.906,104.6,1.3654,8.2355,9.0272,0.9758,0.8063
2016-11-08,1.2932,1.3335,0.9063,104.98,1.3596,8.2277,9.0102,0.9757,0.8083
2016-11-09,1.3031,1.3406,0.9131,104.84,1.3695,8.2885,9.0293,0.9812,0.8017
2016-11-10,1.3175,1.3474,0.9189,106.56,1.3885,8.3883,9.0874,0.9878,0.7985
2016-11-14,1.3277,1.3581,0.9326,108.3,1.4114,8.4973,9.1669,0.9978,0.802
2016-11-15,1.3263,1.3468,0.9323,108.94,1.4094,8.4359,9.1814,1.0015,0.805
2016-11-16,1.3348,1.3415,0.9347,109.16,1.4126,8.4915,9.1849,1.0019,0.8032
2016-11-17,1.3414,1.3429,0.9384,109.64,1.4168,8.5061,9.2191,1.0048,0.8032
2016-11-18,1.3615,1.3518,0.9434,110.51,1.4229,8.585,9.2515,1.0094,0.8112
2016-11-21,1.3592,1.3432,0.9437,111.12,1.417,8.563,9.2494,1.0112,0.8017
2016-11-22,1.3535,1.3444,0.9418,110.98,1.4188,8.5354,9.2267,1.01,0.8049
2016-11-23,1.353,1.3467,0.947,112.58,1.4265,8.6025,9.2686,1.0156,0.8027
2016-11-25,1.3468,1.3512,0.9438,113.17,1.4194,8.5757,9.2289,1.0136,0.8024
2016-11-28,1.3373,1.3401,0.9455,112.36,1.4158,8.5702,9.2275,1.0158,0.8057
2016-11-29,1.3389,1.3435,0.9411,112.78,1.4047,8.546,9.1902,1.0132,0.7997
2016-11-30,1.3537,1.3425,0.9454,114.34,1.4122,8.5223,9.2548,1.0187,0.8012
2016-12-01,1.3493,1.333,0.9404,114.34,1.414,8.4446,9.2479,1.0126,0.7939
2016-12-02,1.3432,1.3298,0.9376,113.76,1.4008,8.4152,9.1936,1.011,0.7883
2016-12-05,1.3376,1.3271,0.9326,114.1,1.4017,8.3801,9.1554,1.0103,0.7869
2016-12-06,1.3416,1.3279,0.9331,113.98,1.4059,8.3907,9.1214,1.0093,0.787
2016-12-07,1.3371,1.3251,0.9295,113.5,1.3966,8.3641,9.0784,1.0065,0.7934
2016-12-08,1.3426,1.322,0.9412,114.16,1.3951,8.4326,9.1273,1.0154,0.7953
2016-12-09,1.3437,1.3162,0.9487,115.17,1.4008,8.5199,9.1968,1.0184,0.7943
2016-12-12,1.3358,1.3137,0.9429,115.34,1.391,8.4506,9.1874,1.0157,0.7888
2016-12-13,1.3344,1.3119,0.9403,115.26,1.3881,8.4178,9.1553,1.0118,0.7883
2016-12-14,1.3312,1.3123,0.9384,115.06,1.3835,8.4628,9.1535,1.0099,0.787
2016-12-15,1.3618,1.3397,0.9639,118.32,1.4255,8.6916,9.4207,1.0334,0.8072
2016-12-16,1.3702,1.3339,0.9564,117.74,1.4325,8.6706,9.3581,1.0258,0.8014
2016-12-19,1.3767,1.3395,0.9575,116.6,1.4391,8.6555,9.3427,1.0226,0.8052
2016-12-20,1.3789,1.3376,0.9625,117.86,1.4449,8.6995,9.3557,1.0282,0.8092
2016-12-21,1.3805,1.3401,0.9592,117.79,1.4489,8.6671,9.228,1.0262,0.8098
2016-12-22,1.3858,1.347,0.9568,117.48,1.4474,8.7014,9.1911,1.0246,0.8129
2016-12-23,1.3939,1.3533,0.957,117.22,1.4556,8.7043,9.198,1.0268,0.8162
2016-12-27,1.391,1.3553,0.9562,117.52,1.4514,8.7092,9.2277,1.0284,0.8156
2016-12-28,1.3918,1.3555,0.9626,117.66,1.4472,8.7485,9.206,1.0313,0.8182
2016-12-29,1.385,1.3488,0.9537,116.32,1.4372,8.6598,9.1213,1.023,0.8172
2016-12-30,1.3831,1.3426,0.9477,116.78,1.4372,8.6107,9.0803,1.016,0.8106
2017-01-03,1.3829,1.3437,0.9601,117.68,1.4436,8.6489,9.1583,1.0266,0.8159
2017-01-04,1.3755,1.3293,0.9546,117.38,1.4391,8.5925,9.1108,1.0228,0.8131
2017-01-05,1.3635,1.3216,0.9436,115.46,1.4241,8.4944,8.9981,1.0107,0.8055
2017-01-06,1.3689,1.3216,0.947,116.85,1.4341,8.5193,9.0421,1.015,0.8121
2017-01-09,1.358,1.322,0.9455,116.07,1.4231,8.5454,9.0441,1.0148,0.8219
2017-01-10,1.3569,1.3208,0.9459,115.74,1.4314,8.5949,9.0643,1.0158,0.822
2017-01-11,1.3514,1.3219,0.9523,116.26,1.4269,8.624,9.1003,1.0203,0.8252
2017-01-12,1.3319,1.313,0.9376,113.87,1.401,8.4988,8.9121,1.0066,0.8189
2017-01-13,1.3367,1.3134,0.9412,115.03,1.4075,8.506,8.9143,1.0098,0.8198
2017-01-17,1.3263,1.306,0.935,112.96,1.3922,8.4667,8.9119,1.0028,0.8072
2017-01-18,1.324,1.3175,0.9362,113.4,1.3931,8.4536,8.9134,1.0028,0.8124
2017-01-19,1.3254,1.3327,0.9407,115.3,1.3945,8.4648,8.977,1.0094,0.8118
2017-01-23,1.3221,1.3283,0.9311,112.9,1.386,8.3693,8.8427,0.999,0.801
2017-01-24,1.3186,1.3152,0.9303,113.63,1.3772,8.3274,8.8411,0.9998,0.798
2017-01-25,1.3219,1.3074,0.9308,113.6,1.3759,8.3213,8.8254,0.9996,0.7924
2017-01-26,1.3278,1.3104,0.9372,114.7,1.3827,8.3583,8.8582,1.0011,0.795
2017-01-27,1.3247,1.3108,0.9355,115.16,1.378,8.3346,8.8499,0.9992,0.798
2017-01-30,1.3235,1.3092,0.9362,113.86,1.3734,8.3181,8.8396,0.9976,0.8014
2017-01-31,1.3189,1.303,0.9264,112.72,1.3644,8.2444,8.7525,0.9888,0.7946
2017-02-01,1.3221,1.3088,0.9295,113.29,1.3791,8.2492,8.7643,0.993,0.791
2017-02-02,1.3033,1.3018,0.9258,112.48,1.3687,8.2157,8.7176,0.9894,0.7974
2017-02-03,1.3011,1.3003,0.9266,112.42,1.3657,8.2061,8.7681,0.991,0.7997
2017-02-06,1.3087,1.3116,0.9319,112.32,1.3691,8.2552,8.8343,0.9934,0.8032
2017-02-07,1.3096,1.3166,0.9355,112.14,1.3669,8.3121,8.8625,0.997,0.8009
2017-02-08,1.3075,1.3156,0.9339,111.74,1.3657,8.3037,8.8331,0.9934,0.7973
2017-02-09,1.3118,1.3139,0.9383,113.24,1.3924,8.338,8.9006,1.0013,0.799
2017-02-10,1.3011,1.3073,0.939,113.22,1.3875,8.3656,8.9,1.0028,0.7999
2017-02-13,1.3082,1.3072,0.9431,113.79,1.3937,8.3858,8.9362,1.0054,0.7994
2017-02-14,1.3092,1.3092,0.9454,114.34,1.3978,8.4049,8.94,1.0072,0.8022
2017-02-15,1.299,1.3082,0.9437,114.17,1.3885,8.3425,8.9191,1.0062,0.8022
2017-02-16,1.2997,1.3056,0.9381,113.36,1.3837,8.2965,8.8612,0.9992,0.8015
2017-02-17,1.306,1.3114,0.9422,112.86,1.3924,8.3382,8.9175,1.0022,0.8046
2017-02-21,1.3034,1.3149,0.9478,113.48,1.3974,8.3553,8.9677,1.0083,0.8022
2017-02-22,1.3016,1.3188,0.9474,113.46,1.3965,8.3638,8.982,1.0109,0.8028
2017-02-23,1.296,1.3109,0.9446,112.68,1.3822,8.3317,8.986,1.0062,0.7969
2017-02-24,1.3019,1.3106,0.9452,112.26,1.3887,8.3375,8.9994,1.0055,0.8001
2017-02-27,1.2999,1.31,0.9413,112.01,1.3843,8.34,9.0134,1.0051,0.8017
2017-02-28,1.3011,1.3247,0.9418,112.06,1.3833,8.3667,9.0098,1.0022,0.8047
2017-03-01,1.3048,1.3345,0.9466,113.66,1.4023,8.3996,9.0293,1.0072,0.8118
2017-03-02,1.3196,1.3384,0.9511,114.45,1.4142,8.4667,9.0664,1.012,0.8152
2017-03-03,1.3229,1.3419,0.9477,114.6,1.4261,8.4754,9.0372,1.0118,0.8164
2017-03-06,1.3187,1.341,0.9446,113.92,1.4288,8.4835,9.0115,1.0114,0.8168
2017-03-07,1.3153,1.3413,0.945,113.99,1.432,8.4489,8.9966,1.013,0.8191
2017-03-08,1.3256,1.3479,0.9481,114.58,1.4438,8.5094,9.0444,1.0146,0.8229
2017-03-09,1.3303,1.3504,0.9446,114.71,1.4478,8.5684,9.0305,1.0131,0.822
2017-03-10,1.3278,1.3468,0.9375,115.02,1.4453,8.6034,9.0139,1.0104,0.8225
2017-03-13,1.3191,1.3453,0.9372,114.61,1.4436,8.5456,8.9466,1.0068,0.8174
2017-03-14,1.3201,1.3462,0.9394,114.63,1.4424,8.5977,8.9471,1.0078,0.8218
2017-03-15,1.317,1.3451,0.9407,114.66,1.4376,8.5983,8.9571,1.008,0.8182
2017-03-16,1.3033,1.3316,0.9313,113.02,1.4329,8.517,8.8241,0.9953,0.8084
2017-03-17,1.3004,1.3366,0.9309,112.67,1.4269,8.4633,8.8167,0.9978,0.8083
2017-03-20,1.2932,1.3357,0.9299,112.59,1.4184,8.4648,8.8247,0.9966,0.8087
2017-03-21,1.2958,1.3321,0.9251,111.9,1.4158,8.4609,8.789,0.9936,0.8013
2017-03-22,1.3031,1.3347,0.9259,111.06,1.4172,8.4659,8.7984,0.99,0.8015
2017-03-23,1.3082,1.3332,0.927,111.12,1.4198,8.4811,8.8139,0.9924,0.7983
2017-03-24,1.3125,1.3373,0.9254,111.03,1.4225,8.4926,8.8111,0.991,0.8006
2017-03-27,1.3118,1.3367,0.9189,110.48,1.4174,8.4662,8.7701,0.983,0.7947
2017-03-28,1.307,1.3363,0.9215,110.56,1.4211,8.4915,8.7864,0.985,0.7998
2017-03-29,1.3055,1.3372,0.9297,111.05,1.4235,8.5214,8.8801,0.9966,0.8057
2017-03-30,1.3045,1.3278,0.9323,111.36,1.4239,8.5484,8.9092,0.9969,0.8007
2017-03-31,1.3092,1.3321,0.9348,111.41,1.4284,8.5756,8.9349,0.9998,0.7976
2017-04-03,1.3156,1.3388,0.9385,110.96,1.4292,8.5918,8.9639,1.0029,0.8013
2017-04-04,1.3215,1.3413,0.9377,110.74,1.4333,8.5918,9.0014,1.0022,0.8041
2017-04-05,1.3201,1.341,0.938,111.2,1.4378,8.5984,8.978,1.005,0.8008
2017-04-06,1.3247,1.3409,0.9389,111.02,1.4341,8.6163,9.0076,1.0046,0.8009
2017-04-07,1.3305,1.3396,0.942,110.76,1.4374,8.6268,9.0503,1.0066,0.8066
2017-04-10,1.3333,1.3347,0.9429,110.95,1.4358,8.6175,9.0635,1.0077,0.8053
2017-04-11,1.3339,1.3333,0.9422,109.74,1.4376,8.5961,9.045,1.0072,0.801
2017-04-12,1.336,1.3302,0.9424,109.54,1.444,8.5817,9.0165,1.0054,0.8
2017-04-13,1.3184,1.3266,0.9407,109.23,1.4263,8.5506,9.0255,1.0047,0.7986
2017-04-14,1.3201,1.3316,0.9412,108.63,1.4267,8.5741,9.0289,1.0038,0.798
2017-04-17,1.3151,1.3277,0.9381,108.46,1.4229,8.5355,8.9864,1.0022,0.7945
2017-04-18,1.324,1.3381,0.9341,108.4,1.4217,8.5192,8.9737,0.9978,0.7831
2017-04-19,1.3333,1.3467,0.934,109.06,1.4282,8.5757,8.982,0.9986,0.7819
2017-04-20,1.3263,1.3479,0.9295,109.34,1.4251,8.5861,8.9546,0.996,0.7794
2017-04-21,1.3264,1.3502,0.9351,109.08,1.4245,8.6779,9.0155,0.9987,0.7823
2017-04-24,1.3231,1.3517,0.922,109.74,1.4247,8.5628,8.8732,0.9964,0.7823
2017-04-25,1.3266,1.3614,0.914,110.88,1.4391,8.5518,8.7675,0.9925,0.7791
2017-04-26,1.3401,1.3591,0.9198,111.52,1.4535,8.5902,8.7855,0.9957,0.7789
2017-04-27,1.3419,1.3664,0.9205,111.13,1.459,8.5935,8.8499,0.9948,0.7759
2017-04-28,1.3378,1.3669,0.9179,111.44,1.4577,8.5726,8.8635,0.9944,0.7729
2017-05-01,1.3273,1.3653,0.9164,111.78,1.4463,8.5838,8.8281,0.9955,0.7742
2017-05-02,1.3293,1.3742,0.9166,112.06,1.4445,8.5941,8.8291,0.9913,0.7739
2017-05-03,1.3421,1.3705,0.9158,112.34,1.4468,8.6191,8.8148,0.9913,0.7742
2017-05-04,1.3508,1.3745,0.9118,112.7,1.459,8.6774,8.816,0.989,0.7746
2017-05-05,1.3488,1.3699,0.9094,112.63,1.4461,8.6022,8.7941,0.9876,0.7722
2017-05-08,1.3539,1.3712,0.9151,112.84,1.4472,8.6445,8.8372,0.9979,0.7727
2017-05-09,1.3602,1.3715,0.9195,114.19,1.4495,8.6802,8.8876,1.0074,0.7729
2017-05-10,1.3545,1.3652,0.9197,114.02,1.4397,8.608,8.913,1.0088,0.7729
2017-05-11,1.3561,1.3693,0.92,113.77,1.4601,8.5924,8.8799,1.0061,0.7761
2017-05-12,1.3519,1.3717,0.9152,113.3,1.4577,8.5713,8.8439,1.0008,0.7764
2017-05-15,1.3468,1.3648,0.9108,113.54,1.4522,8.5416,8.819,0.9964,0.7742
2017-05-16,1.3461,1.359,0.9032,113.24,1.4533,8.4664,8.7982,0.9878,0.7745
2017-05-17,1.3466,1.3594,0.8981,111.46,1.4438,8.3977,8.7533,0.9808,0.7726
2017-05-18,1.3455,1.3604,0.8985,110.82,1.4459,8.4431,8.7755,0.9763,0.7687
2017-05-19,1.3425,1.3537,0.8937,111.47,1.4465,8.3866,8.7398,0.9754,0.7682
2017-05-22,1.3376,1.3503,0.89,111.15,1.4306,8.3464,8.6994,0.9736,0.7689
2017-05-23,1.336,1.3492,0.893,111.64,1.4257,8.3694,8.7069,0.974,0.7702
2017-05-24,1.3399,1.3454,0.8949,112.02,1.4261,8.3928,8.7107,0.9769,0.7731
2017-05-25,1.3394,1.3457,0.8914,111.7,1.4198,8.3531,8.6731,0.972,0.772
2017-05-26,1.3441,1.3454,0.8953,111.3,1.4174,8.3935,8.6926,0.9753,0.7816
2017-05-30,1.3396,1.3462,0.8942,110.68,1.4094,8.4304,8.7256,0.9744,0.7777
2017-05-31,1.3446,1.3498,0.89,110.71,1.4085,8.4361,8.6788,0.9684,0.7749
2017-06-01,1.3537,1.3484,0.8917,111.24,1.4156,8.4392,8.6915,0.9712,0.7756
2017-06-02,1.3439,1.35,0.8873,110.49,1.4004,8.4237,8.6323,0.9642,0.7761
2017-06-05,1.3371,1.3484,0.8889,110.49,1.4004,8.4585,8.6621,0.9657,0.7742
2017-06-06,1.3308,1.3451,0.8876,109.34,1.3887,8.4671,8.6733,0.9628,0.7751
2017-06-07,1.3245,1.3514,0.89,109.54,1.3897,8.4912,8.6945,0.9657,0.7727
2017-06-08,1.3257,1.3494,0.8915,110.1,1.3852,8.485,8.7159,0.9675,0.7729
2017-06-09,1.3277,1.3434,0.8937,110.61,1.3875,8.4968,8.7178,0.97,0.7851
2017-06-12,1.3264,1.3447,0.8925,109.72,1.3877,8.4655,8.7412,0.9688,0.79
2017-06-13,1.3263,1.3226,0.8933,110.12,1.3848,8.435,8.7035,0.9692,0.785
2017-06-14,1.3125,1.3201,0.8868,109.16,1.3693,8.3662,8.6421,0.9662,0.7808
2017-06-15,1.3189,1.3286,0.8967,110.66,1.3872,8.5007,8.7503,0.9749,0.7832
2017-06-16,1.312,1.3235,0.8933,110.84,1.3789,8.4555,8.7035,0.9739,0.7826
2017-06-19,1.3149,1.3202,0.8961,111.34,1.3805,8.478,8.7339,0.9745,0.7847
2017-06-20,1.3201,1.3268,0.899,111.46,1.3814,8.5613,8.7941,0.9759,0.7919
2017-06-21,1.3247,1.3323,0.8974,111.58,1.3862,8.5336,8.7619,0.9744,0.7895
2017-06-22,1.3259,1.3236,0.897,111.36,1.3765,8.4952,8.753,0.9728,0.79
2017-06-23,1.3196,1.3263,0.8932,111.26,1.371,8.4471,8.7139,0.9692,0.7857
2017-06-26,1.3175,1.3228,0.8932,111.48,1.3693,8.4667,8.713,0.9706,0.7854
2017-06-27,1.3179,1.3176,0.885,112.42,1.374,8.4107,8.6147,0.9638,0.7818
2017-06-28,1.3092,1.3043,0.88,112.18,1.3684,8.4498,8.5665,0.9608,0.773
2017-06-29,1.3021,1.301,0.8757,112.32,1.3717,8.4024,8.495,0.9569,0.7702
2017-06-30,1.3028,1.2982,0.8763,112.4,1.3657,8.3781,8.44,0.9586,0.7695
2017-07-03,1.3068,1.3,0.8797,113.32,1.3701,8.3647,8.4742,0.9632,0.7721
2017-07-05,1.3179,1.2998,0.8821,113.2,1.3749,8.4027,8.5031,0.9652,0.7732
2017-07-06,1.3186,1.2933,0.8765,113.28,1.3763,8.3543,8.4454,0.9634,0.7712
2017-07-07,1.316,1.287,0.8775,114.1,1.3749,8.3713,8.4373,0.9644,0.7764
2017-07-10,1.316,1.2883,0.8775,114.08,1.3757,8.3304,8.4368,0.9658,0.7762
2017-07-11,1.3134,1.2921,0.8749,114.2,1.3872,8.3265,8.4259,0.9672,0.7781
2017-07-12,1.3033,1.2768,0.8763,113.19,1.3772,8.2812,8.4176,0.9648,0.7759
2017-07-13,1.294,1.2739,0.8783,113.39,1.3671,8.2682,8.3662,0.9685,0.7739
2017-07-14,1.2799,1.2655,0.8732,112.66,1.3641,8.1977,8.3298,0.9654,0.7646
2017-07-17,1.2802,1.2673,0.8718,112.76,1.3657,8.1513,8.3016,0.9627,0.7658
2017-07-18,1.2621,1.2663,0.8637,111.89,1.3572,8.0632,8.2742,0.9526,0.7677
2017-07-19,1.2585,1.2586,0.8682,111.77,1.3592,8.0645,8.2893,0.9548,0.7671
2017-07-20,1.2566,1.2582,0.8595,111.68,1.3524,8.0243,8.2314,0.9507,0.7707
2017-07-21,1.2641,1.2545,0.858,111.18,1.3446,8.0279,8.2491,0.9468,0.7711
2017-07-24,1.2617,1.2519,0.859,111.1,1.3459,8.0136,8.2205,0.9456,0.7676
2017-07-25,1.258,1.2512,0.8579,111.57,1.347,7.9765,8.2025,0.9496,0.7665
2017-07-26,1.2623,1.2506,0.8597,112.1,1.3457,7.9595,8.2301,0.958,0.7664
2017-07-27,1.256,1.2529,0.8579,111.62,1.3349,7.9578,8.2297,0.9656,0.7654
2017-07-28,1.2514,1.2436,0.8508,110.87,1.3323,7.9174,8.1177,0.9685,0.762
2017-07-31,1.2519,1.249,0.8456,110.38,1.3328,7.8922,8.0752,0.965,0.7578
2017-08-01,1.2541,1.254,0.8475,110.33,1.338,7.9235,8.1124,0.9655,0.7572
2017-08-02,1.2527,1.2544,0.8431,110.43,1.3432,7.8677,8.0958,0.9684,0.7555
2017-08-03,1.2587,1.2563,0.8418,110.12,1.3444,7.8803,8.0922,0.969,0.7608
2017-08-04,1.262,1.2639,0.8508,110.76,1.3488,7.955,8.1615,0.9721,0.7671
2017-08-07,1.265,1.2684,0.8483,110.76,1.36,7.9453,8.1597,0.9728,0.768
2017-08-08,1.265,1.2658,0.853,110.74,1.3646,7.9578,8.1928,0.9766,0.7711
2017-08-09,1.2703,1.2711,0.8512,110.04,1.3667,7.9602,8.1879,0.9649,0.7694
2017-08-10,1.2677,1.2705,0.851,109.37,1.3744,7.9446,8.1475,0.9647,0.7705
2017-08-11,1.269,1.2689,0.8467,109.06,1.3689,7.9482,8.1405,0.962,0.7699
2017-08-14,1.2716,1.2698,0.8485,109.48,1.3704,7.937,8.1107,0.9714,0.7707
2017-08-15,1.2784,1.2745,0.8521,110.42,1.381,7.9603,8.0847,0.9718,0.7775
2017-08-16,1.2687,1.2708,0.8545,110.8,1.3768,7.953,8.1177,0.9744,0.7776
2017-08-17,1.2629,1.265,0.8521,109.88,1.3684,7.9504,8.1152,0.9633,0.7759
2017-08-18,1.2606,1.2585,0.8512,109.32,1.3644,7.9074,8.1082,0.9642,0.7784
2017-08-21,1.2601,1.2587,0.8465,108.89,1.365,7.8975,8.0693,0.9629,0.775
2017-08-22,1.2637,1.2559,0.8502,109.4,1.3714,7.9137,8.1034,0.9668,0.7792
2017-08-23,1.2669,1.2558,0.8473,109.14,1.3873,7.8776,8.0753,0.9667,0.782
2017-08-24,1.265,1.2528,0.8474,109.34,1.386,7.8415,8.0584,0.9646,0.7811
2017-08-25,1.2612,1.2494,0.8422,109.24,1.3827,7.7775,7.9963,0.9574,0.7768
2017-08-28,1.2569,1.2492,0.8352,109.22,1.3795,7.7583,7.9591,0.9554,0.7736
2017-08-29,1.2542,1.2517,0.8316,109.02,1.3753,7.7233,7.9132,0.948,0.773
2017-08-30,1.265,1.2608,0.8384,110.2,1.387,7.7834,7.9635,0.9583,0.7732
2017-08-31,1.2607,1.2515,0.8408,110.06,1.3947,7.7723,7.955,0.961,0.7759
2017-09-01,1.2531,1.2372,0.8419,110.09,1.3953,7.7916,7.9911,0.9626,0.7709
2017-09-05,1.2484,1.2355,0.8396,108.94,1.3789,7.7775,7.964,0.9577,0.7685
2017-09-06,1.2475,1.221,0.8373,108.75,1.3847,7.7713,7.9506,0.9537,0.7649
2017-09-07,1.2441,1.2132,0.8314,108.26,1.382,7.7479,7.9435,0.9498,0.7637
2017-09-08,1.239,1.2131,0.8305,107.72,1.3738,7.7414,7.9361,0.9456,0.7569
2017-09-11,1.2463,1.2136,0.8358,109.03,1.3793,7.8436,8.0063,0.9533,0.7591
2017-09-12,1.2435,1.2154,0.8356,110.01,1.3704,7.8267,7.9619,0.9596,0.753
2017-09-13,1.252,1.2192,0.8405,110.58,1.3824,7.8898,8.0295,0.9639,0.7565
2017-09-14,1.2531,1.2207,0.8413,110.66,1.3872,7.8986,8.0116,0.966,0.7464
2017-09-15,1.2489,1.2183,0.8362,110.84,1.3719,7.8427,7.9589,0.9594,0.7365
2017-09-18,1.2553,1.2231,0.8377,111.48,1.3772,7.8294,7.9673,0.963,0.7416
2017-09-19,1.2478,1.2262,0.8347,111.49,1.3656,7.8067,7.9585,0.9628,0.7398
2017-09-20,1.2392,1.2267,0.8335,111.5,1.3535,7.8066,7.9472,0.9617,0.7372
2017-09-21,1.2594,1.2328,0.8371,112.3,1.3665,7.8006,7.9705,0.9692,0.7366
2017-09-22,1.2539,1.2305,0.8355,112.01,1.3618,7.7833,7.9536,0.9694,0.739
2017-09-25,1.2599,1.2347,0.8437,111.64,1.3761,7.8325,8.0486,0.9682,0.7431
2017-09-26,1.269,1.2379,0.8495,112.16,1.3908,7.9091,8.1471,0.9706,0.745
2017-09-27,1.2713,1.2402,0.8513,112.76,1.3854,7.9495,8.1508,0.9745,0.7462
2017-09-28,1.277,1.2473,0.8492,112.66,1.3864,7.953,8.1411,0.971,0.7443
2017-09-29,1.2755,1.2509,0.8465,112.64,1.3841,7.9629,8.1538,0.9688,0.7462
2017-10-02,1.278,1.2507,0.8514,112.6,1.3887,7.999,8.1595,0.9737,0.7537
2017-10-03,1.2775,1.2498,0.8504,112.8,1.3976,7.9695,8.1252,0.9734,0.7547
2017-10-04,1.2729,1.2479,0.8503,112.84,1.3968,7.9419,8.0959,0.9756,0.7537
2017-10-05,1.2821,1.2548,0.8543,112.74,1.4049,7.9948,8.1354,0.9792,0.7615
2017-10-06,1.2878,1.2543,0.8524,112.68,1.41,8.0051,8.1198,0.9777,0.7655
2017-10-10,1.284,1.2495,0.8472,112.15,1.413,7.939,8.0743,0.9744,0.7567
2017-10-11,1.2852,1.2511,0.8441,112.35,1.413,7.9212,8.0534,0.9732,0.757
2017-10-12,1.2776,1.247,0.8446,112.38,1.4033,7.8928,8.1051,0.976,0.7591
2017-10-13,1.2682,1.2494,0.8448,111.94,1.3916,7.8789,8.099,0.9745,0.7517
2017-10-16,1.2724,1.2531,0.8467,111.72,1.3926,7.8818,8.1015,0.9735,0.7527
2017-10-17,1.2767,1.2567,0.8508,112.32,1.3953,7.9507,8.1608,0.9804,0.7586
2017-10-18,1.2758,1.2473,0.8493,112.94,1.401,7.9675,8.1522,0.9817,0.7586
2017-10-19,1.2694,1.2487,0.8445,112.54,1.4237,7.9498,8.1393,0.9751,0.7587
2017-10-20,1.2801,1.2618,0.8496,113.5,1.437,7.9941,8.1729,0.9844,0.7588
2017-10-23,1.2809,1.2644,0.8502,113.66,1.4337,7.9849,8.1885,0.9862,0.7575
2017-10-24,1.2853,1.266,0.8499,113.92,1.4501,7.9927,8.2044,0.989,0.762
2017-10-25,1.2997,1.2799,0.8473,113.7,1.4554,8.0304,8.2228,0.9888,0.7546
2017-10-26,1.3007,1.2821,0.8547,113.72,1.4577,8.1356,8.3177,0.995,0.7587
2017-10-27,1.3055,1.2871,0.8636,113.82,1.4554,8.1811,8.3803,0.999,0.7629
2017-10-30,1.3024,1.2835,0.8601,113.26,1.4558,8.1623,8.3602,0.9969,0.7579
2017-10-31,1.3041,1.2894,0.8585,113.63,1.4599,8.1634,8.3612,0.9968,0.753
2017-11-01,1.3028,1.289,0.8607,114.04,1.4501,8.1596,8.4017,1.0014,0.7543
2017-11-02,1.295,1.2808,0.8568,113.84,1.4447,8.1392,8.3849,0.9977,0.7652
2017-11-03,1.3072,1.2769,0.8609,114.25,1.4474,8.1796,8.434,1.0002,0.7653
2017-11-06,1.3033,1.274,0.8621,113.9,1.4463,8.1482,8.4036,0.999,0.7607
2017-11-07,1.3094,1.2791,0.8638,113.9,1.4493,8.182,8.4021,0.9996,0.7603
2017-11-08,1.3026,1.2727,0.8627,113.62,1.4449,8.167,8.3826,0.9997,0.7629
2017-11-09,1.3041,1.2693,0.8585,113.4,1.4384,8.129,8.3683,0.9958,0.7614
2017-11-13,1.312,1.2735,0.8579,113.62,1.4497,8.1774,8.3942,0.9975,0.7633
2017-11-14,1.311,1.2731,0.8501,113.5,1.4529,8.2016,8.4188,0.9914,0.7617
2017-11-15,1.32,1.2783,0.8479,113.15,1.455,8.2538,8.4436,0.9902,0.7596
2017-11-16,1.3175,1.2736,0.8495,112.89,1.4575,8.2095,8.4038,0.9926,0.7577
2017-11-17,1.3222,1.2785,0.8475,111.98,1.468,8.2431,8.4375,0.9882,0.7563
2017-11-20,1.3243,1.2795,0.8517,112.49,1.468,8.2813,8.4803,0.9923,0.7552
2017-11-21,1.3189,1.2768,0.8517,112.46,1.4628,8.2128,8.4297,0.9916,0.7557
2017-11-22,1.3173,1.2728,0.8482,111.62,1.4575,8.1866,8.3785,0.9838,0.7524
2017-11-24,1.3125,1.2705,0.8378,111.54,1.4524,8.1288,8.2769,0.9788,0.7499
2017-11-27,1.3149,1.2745,0.8396,111,1.4474,8.147,8.2971,0.9804,0.75
2017-11-28,1.3129,1.2804,0.8419,111.13,1.4426,8.219,8.3377,0.9831,0.7558
2017-11-29,1.3207,1.285,0.8433,111.75,1.4497,8.2328,8.351,0.9837,0.7443
2017-11-30,1.3207,1.2884,0.8405,112.3,1.4599,8.2929,8.3599,0.9838,0.7404
2017-12-01,1.3116,1.2705,0.8396,111.88,1.451,8.2777,8.3623,0.9762,0.7405
2017-12-04,1.3161,1.2696,0.844,112.8,1.4607,8.3306,8.4238,0.9858,0.7427
2017-12-05,1.3148,1.269,0.846,112.76,1.4537,8.2819,8.3763,0.9868,0.7435
2017-12-06,1.3219,1.2788,0.8483,112.32,1.4535,8.2801,8.4298,0.9904,0.7473
2017-12-07,1.3287,1.2832,0.8482,112.7,1.4607,8.2961,8.4676,0.9921,0.7445
2017-12-08,1.3321,1.2867,0.8503,113.55,1.4609,8.3082,8.4696,0.9928,0.7481
2017-12-11,1.3263,1.2845,0.8473,113.34,1.4453,8.3625,8.4962,0.99,0.7483
2017-12-12,1.3245,1.2884,0.8529,113.62,1.4434,8.3675,8.4465,0.9926,0.7506
2017-12-13,1.3149,1.2872,0.8502,113.19,1.431,8.3761,8.4464,0.9894,0.7482
2017-12-14,1.3034,1.2849,0.849,112.56,1.4306,8.2876,8.4288,0.99,0.744
2017-12-15,1.3079,1.2846,0.849,112.68,1.4282,8.3751,8.5053,0.9903,0.751
2017-12-18,1.3029,1.2856,0.8472,112.4,1.4263,8.3358,8.4169,0.9856,0.7464
2017-12-19,1.3068,1.29,0.8459,112.98,1.4314,8.3733,8.4195,0.9857,0.7487
2017-12-20,1.3033,1.2846,0.8417,113.29,1.4318,8.3807,8.3783,0.9859,0.7458
2017-12-21,1.2982,1.2717,0.8423,113.42,1.4245,8.3773,8.3935,0.989,0.7478
2017-12-22,1.2965,1.2748,0.8447,113.3,1.4255,8.3387,8.358,0.9898,0.7474
2017-12-26,1.294,1.2685,0.8427,113.2,1.4217,8.3148,8.3451,0.9891,0.748
2017-12-27,1.2867,1.2645,0.8402,113.28,1.4146,8.272,8.2684,0.987,0.7461
2017-12-28,1.2832,1.2586,0.8367,112.85,1.4106,8.2381,8.2438,0.9774,0.7435
2017-12-29,1.2796,1.2517,0.8318,112.69,1.4085,8.1819,8.1732,0.9738,0.7392
2018-01-02,1.2781,1.2507,0.8299,112.18,1.4073,8.1304,8.1724,0.9718,0.7355
2018-01-03,1.2755,1.2534,0.8313,112.28,1.4077,8.11,8.1708,0.9762,0.7395
2018-01-04,1.2729,1.2522,0.8289,112.78,1.3996,8.0731,8.137,0.9753,0.7386
2018-01-05,1.2724,1.2396,0.8306,113.18,1.3947,8.048,8.1331,0.9752,0.7374
2018-01-08,1.2758,1.2424,0.8352,113.08,1.3924,8.0712,8.1986,0.9762,0.7371
2018-01-09,1.2784,1.2457,0.8388,112.57,1.3928,8.1147,8.2413,0.9832,0.7398
2018-01-10,1.2753,1.2485,0.8363,111.48,1.3912,8.0718,8.1973,0.978,0.74
2018-01-11,1.2682,1.2526,0.8309,111.35,1.3805,8.0135,8.1325,0.9748,0.7384
2018-01-12,1.2681,1.2517,0.8244,111.23,1.3814,7.9561,8.0933,0.9713,0.7305
2018-01-16,1.2566,1.2422,0.8167,110.74,1.3746,7.8682,8.0402,0.9618,0.726
2018-01-17,1.2528,1.2443,0.8177,110.81,1.3714,7.8536,8.0309,0.9616,0.7234
2018-01-18,1.2511,1.2442,0.8171,110.88,1.3678,7.8285,8.0151,0.9586,0.72
2018-01-19,1.2498,1.2456,0.8171,110.56,1.3727,7.8528,8.0348,0.9612,0.7217
2018-01-22,1.2494,1.246,0.8177,111.15,1.3678,7.8748,8.0412,0.9636,0.7172
2018-01-23,1.2525,1.2455,0.8145,110.46,1.3615,7.8416,8.0289,0.9598,0.7159
2018-01-24,1.2398,1.2357,0.8071,109.15,1.3501,7.7679,7.9408,0.9452,0.7043
2018-01-25,1.2362,1.2315,0.8008,108.7,1.3567,7.6678,7.8549,0.9357,0.7011
2018-01-26,1.2338,1.232,0.805,108.38,1.3609,7.6863,7.8723,0.9342,0.7053
2018-01-29,1.2362,1.2339,0.8096,109.12,1.3684,7.727,7.9063,0.938,0.7121
2018-01-30,1.2382,1.234,0.8071,108.9,1.3635,7.7218,7.8925,0.9355,0.708
2018-01-31,1.2393,1.2293,0.8046,109.31,1.3565,7.7019,7.8736,0.9321,0.7047
2018-02-01,1.2456,1.228,0.8012,109.5,1.3517,7.6671,7.8588,0.9288,0.7019
2018-02-02,1.2612,1.2393,0.8035,110.4,1.3691,7.7396,7.9092,0.932,0.7079
2018-02-05,1.2617,1.2483,0.8053,110.09,1.3714,7.7832,7.9258,0.9366,0.7132
2018-02-06,1.2695,1.2537,0.8077,109.18,1.3687,7.8253,7.954,0.9368,0.7168
2018-02-07,1.2752,1.2545,0.8143,109.53,1.3734,7.8744,8.0396,0.9438,0.7204
2018-02-08,1.2839,1.2603,0.8171,109,1.3877,7.9252,8.1225,0.9386,0.7186
2018-02-09,1.2806,1.2599,0.8179,108.44,1.3789,7.9867,8.1069,0.9393,0.725
2018-02-12,1.2762,1.2612,0.8152,108.72,1.3814,7.9236,8.0868,0.9392,0.7236
2018-02-13,1.2728,1.26,0.8089,107.59,1.3727,7.8792,8.0257,0.9335,0.7198
2018-02-14,1.2702,1.2564,0.8067,107,1.3635,7.8429,8.0051,0.9319,0.7166
2018-02-15,1.2639,1.2517,0.8012,106.36,1.3546,7.7926,7.9596,0.9232,0.7112
2018-02-16,1.2618,1.2532,0.8037,106.1,1.3517,7.7556,7.944,0.9258,0.7115
2018-02-20,1.2653,1.2624,0.8098,107.23,1.3594,7.8331,8.0775,0.9354,0.7132
2018-02-21,1.2767,1.2678,0.8121,107.64,1.3626,7.8338,8.0766,0.9375,0.7171
2018-02-22,1.2739,1.2705,0.8113,106.96,1.3607,7.8656,8.1228,0.9345,0.7174
2018-02-23,1.2776,1.2659,0.8131,106.64,1.3716,7.8415,8.1611,0.9356,0.7154
2018-02-26,1.275,1.2691,0.8133,106.96,1.3682,7.8328,8.1609,0.9388,0.7167
2018-02-27,1.2814,1.2748,0.8171,107.47,1.3806,7.8669,8.2235,0.9398,0.7191
2018-02-28,1.2819,1.2806,0.8189,106.62,1.3837,7.8798,8.2694,0.943,0.725
2018-03-01,1.2883,1.284,0.8186,106.91,1.3793,7.8612,8.2603,0.9461,0.727
2018-03-02,1.2897,1.2882,0.8121,105.65,1.3824,7.8037,8.259,0.9378,0.7263
2018-03-05,1.2888,1.2982,0.811,105.97,1.3827,7.8249,8.2558,0.9397,0.7217
2018-03-06,1.2784,1.2892,0.8055,106.03,1.3691,7.7782,8.209,0.9385,0.7201
2018-03-07,1.2827,1.2993,0.8066,105.94,1.3765,7.818,8.2539,0.9426,0.72
2018-03-08,1.2842,1.2936,0.8121,106.08,1.3774,7.8409,8.2705,0.9499,0.7234
2018-03-09,1.274,1.2822,0.8113,106.74,1.3708,7.7702,8.2307,0.9493,0.7213
2018-03-12,1.2716,1.2835,0.8118,106.52,1.3712,7.7555,8.2461,0.9489,0.7195
2018-03-13,1.2689,1.2925,0.8066,106.64,1.3617,7.7226,8.2013,0.9437,0.7149
2018-03-14,1.2695,1.2946,0.8089,106.17,1.3644,7.737,8.1973,0.9461,0.7171
2018-03-15,1.2794,1.3053,0.8116,106.07,1.3719,7.7064,8.1808,0.9502,0.7168
2018-03-16,1.2932,1.3096,0.8143,106.1,1.3856,7.7155,8.196,0.9532,0.7184
2018-03-19,1.2979,1.3089,0.8111,105.83,1.3835,7.7293,8.1707,0.9509,0.7127
2018-03-20,1.3002,1.3083,0.8149,106.42,1.3899,7.7296,8.2043,0.9549,0.7136
2018-03-21,1.2974,1.2957,0.8151,106.3,1.3928,7.7401,8.223,0.954,0.711
2018-03-22,1.2994,1.293,0.8123,105.34,1.385,7.752,8.2448,0.9491,0.7093
2018-03-23,1.2952,1.287,0.8091,104.83,1.3785,7.7462,8.2472,0.9465,0.7067
2018-03-26,1.2942,1.2866,0.8039,105,1.3708,7.6858,8.1941,0.9442,0.7024
2018-03-27,1.2958,1.2841,0.8058,105.72,1.3721,7.6896,8.2118,0.9474,0.7062
2018-03-28,1.3019,1.2886,0.8097,106.3,1.3806,7.8342,8.3133,0.9538,0.7087
2018-03-29,1.3034,1.2901,0.8132,106.27,1.385,7.8511,8.3619,0.956,0.7128
2018-03-30,1.3004,1.2891,0.8117,106.2,1.3814,7.8518,8.3619,0.9532,0.7129
2018-04-02,1.3058,1.2918,0.8138,105.99,1.3854,7.8859,8.39,0.9558,0.7127
2018-04-03,1.3031,1.28,0.8156,106.45,1.3774,7.8586,8.3973,0.959,0.7108
2018-04-04,1.2985,1.2801,0.8135,106.56,1.3704,7.8259,8.4029,0.9595,0.7104
2018-04-05,1.3007,1.2777,0.8177,107.48,1.3751,7.8396,8.4306,0.9633,0.7147
2018-04-06,1.3014,1.2763,0.8147,107.03,1.3749,7.8281,8.3906,0.9602,0.7098
2018-04-09,1.2974,1.27,0.8117,107.06,1.3661,7.7777,8.3617,0.9574,0.7074
2018-04-10,1.2883,1.2609,0.8105,107.3,1.358,7.8101,8.3157,0.9574,0.7062
2018-04-11,1.2878,1.2581,0.8075,106.78,1.357,7.759,8.3274,0.9578,0.7045
2018-04-12,1.2892,1.2583,0.8117,107.3,1.3559,7.7812,8.4237,0.9625,0.702
2018-04-13,1.2873,1.2604,0.8116,107.52,1.3604,7.7621,8.446,0.9631,0.7015
2018-04-16,1.2858,1.258,0.8082,107.26,1.3585,7.784,8.4279,0.9596,0.6977
2018-04-17,1.2873,1.2548,0.81,107.09,1.3626,7.7765,8.4183,0.9666,0.6993
2018-04-18,1.2847,1.2636,0.8078,107.26,1.3646,7.7536,8.3922,0.967,0.7029
2018-04-19,1.2902,1.2638,0.8106,107.42,1.3736,7.7874,8.407,0.9714,0.7046
2018-04-20,1.3036,1.274,0.8142,107.6,1.3868,7.8223,8.4453,0.9744,0.7126
2018-04-23,1.3134,1.2845,0.8186,108.62,1.3976,7.8777,8.501,0.9776,0.7167
2018-04-24,1.3161,1.2823,0.8179,109.03,1.4061,7.8998,8.5138,0.9804,0.7156
2018-04-25,1.3229,1.2871,0.8212,109.33,1.4158,7.9701,8.5597,0.9828,0.7173
2018-04-26,1.3228,1.2867,0.8256,109.3,1.4152,7.9941,8.6604,0.988,0.718
2018-04-27,1.3217,1.2862,0.8259,109.12,1.4144,7.9714,8.6769,0.9884,0.7254
2018-04-30,1.3257,1.2818,0.8282,109.28,1.4198,8.0232,8.763,0.9911,0.7272
2018-05-01,1.3355,1.2873,0.8333,109.69,1.4271,8.0834,8.8386,0.9954,0.7347
2018-05-02,1.3332,1.2848,0.8356,109.89,1.4278,8.115,8.8974,0.9975,0.7348
2018-05-03,1.331,1.2878,0.8354,109.06,1.4229,8.0621,8.8417,0.9978,0.737
2018-05-04,1.3273,1.2848,0.8371,109.16,1.4251,8.0575,8.8033,1.0005,0.7388
2018-05-07,1.3287,1.285,0.8384,109.14,1.4231,8.0474,8.8184,1.0023,0.7371
2018-05-08,1.3432,1.2967,0.843,109.16,1.436,8.1388,8.8136,1.0016,0.7396
2018-05-09,1.3412,1.2852,0.8437,109.68,1.4314,8.0832,8.7044,1.0042,0.7371
2018-05-10,1.3307,1.2787,0.8406,109.53,1.4397,8.0206,8.6631,1.0036,0.7415
2018-05-11,1.3256,1.2781,0.8368,109.26,1.4347,7.9948,8.5912,0.9996,0.7381
2018-05-14,1.3238,1.2761,0.835,109.52,1.4418,7.9914,8.6003,0.9976,0.7356
2018-05-15,1.3374,1.2868,0.8429,110.25,1.4541,8.0953,8.6668,0.9998,0.7401
2018-05-16,1.3326,1.2828,0.8483,110.22,1.4503,8.0946,8.6664,1.0004,0.7419
2018-05-17,1.3319,1.2815,0.8476,110.76,1.4541,8.1234,8.7446,1.0014,0.7404
2018-05-18,1.3314,1.2892,0.8493,110.71,1.4468,8.1132,8.7504,0.997,0.7421
2018-05-21,1.3219,1.2835,0.8498,111.08,1.443,8.0722,8.7015,0.9978,0.7453
2018-05-22,1.3167,1.2775,0.8487,110.94,1.4407,8.0358,8.6708,0.9924,0.7438
2018-05-23,1.3273,1.2882,0.8552,110.05,1.4503,8.1085,8.7691,0.9952,0.7496
2018-05-24,1.3215,1.2907,0.8526,109.3,1.4455,8.0859,8.7539,0.9916,0.7472
2018-05-25,1.3231,1.2972,0.8572,109.35,1.4447,8.1478,8.7432,0.9912,0.7507
2018-05-29,1.3308,1.3027,0.8657,108.62,1.4461,8.2907,8.9564,0.9924,0.7543
2018-05-30,1.3203,1.2842,0.8573,109.04,1.4298,8.173,8.8025,0.989,0.7521
2018-05-31,1.321,1.297,0.8569,108.73,1.4278,8.1849,8.8233,0.9844,0.7525
2018-06-01,1.3217,1.2948,0.8562,109.49,1.4312,8.1646,8.8205,0.9867,0.7486
2018-06-04,1.3075,1.2922,0.855,109.66,1.4221,8.1147,8.753,0.9884,0.7511
2018-06-05,1.3148,1.3008,0.8568,109.63,1.4255,8.1344,8.7774,0.986,0.7485
2018-06-06,1.3026,1.2907,0.849,110,1.4192,8.0772,8.7279,0.9844,0.7447
2018-06-07,1.3106,1.2988,0.8464,109.92,1.4219,8.0419,8.6793,0.9822,0.7448
2018-06-08,1.3156,1.2956,0.8494,109.45,1.4213,8.0574,8.716,0.986,0.7459
2018-06-11,1.313,1.298,0.8473,109.94,1.4205,8.0283,8.6511,0.9848,0.747
2018-06-12,1.3146,1.2987,0.848,110.22,1.4221,8.013,8.6059,0.9841,0.7454
2018-06-13,1.3151,1.2963,0.8486,110.41,1.419,8.0076,8.6179,0.9844,0.7475
2018-06-14,1.3308,1.307,0.8595,110.44,1.4292,8.0944,8.6839,0.9942,0.75
2018-06-15,1.3414,1.3167,0.8609,110.58,1.4403,8.1373,8.7822,0.9962,0.7528
2018-06-18,1.3479,1.3229,0.8616,110.44,1.4428,8.1441,8.8301,0.9952,0.7549
2018-06-19,1.3539,1.3263,0.8638,110.02,1.4478,8.1891,8.9066,0.9951,0.7592
2018-06-20,1.3537,1.3291,0.8627,110.14,1.4535,8.1488,8.8703,0.9956,0.7568
2018-06-21,1.3561,1.3319,0.8621,110.05,1.455,8.1367,8.9077,0.9921,0.7547
2018-06-22,1.347,1.3318,0.8598,109.98,1.4503,8.1108,8.8698,0.9902,0.7543
2018-06-25,1.3503,1.3313,0.8551,109.62,1.4505,8.1182,8.8699,0.9874,0.7534
2018-06-26,1.351,1.3293,0.8565,109.92,1.4567,8.1089,8.8558,0.9901,0.7551
2018-06-27,1.3563,1.33,0.863,110.34,1.4702,8.1544,8.9352,0.9962,0.7611
2018-06-28,1.3596,1.3253,0.8634,110.38,1.4795,8.1895,9.0091,0.9979,0.7637
2018-06-29,1.3515,1.314,0.8564,110.71,1.4765,8.1478,8.9511,0.9922,0.7577
2018-07-02,1.3657,1.3213,0.8618,110.73,1.4921,8.1896,8.9988,0.9946,0.7614
2018-07-03,1.3541,1.315,0.8581,110.54,1.4813,8.1355,8.8262,0.9922,0.7591
2018-07-05,1.3535,1.3121,0.8549,110.59,1.4728,8.0501,8.767,0.9924,0.756
2018-07-06,1.3475,1.309,0.8519,110.48,1.4643,8.0302,8.7275,0.9901,0.754
2018-07-09,1.3394,1.3111,0.8515,110.78,1.4624,8.0155,8.7241,0.992,0.7575
2018-07-10,1.3398,1.312,0.8527,111.24,1.4628,8.0322,8.7474,0.9926,0.7538
2018-07-11,1.3514,1.3127,0.8531,111.52,1.4736,8.059,8.7769,0.9932,0.7552
2018-07-12,1.3481,1.3158,0.8553,112.41,1.4743,8.0925,8.8454,1.0009,0.7554
2018-07-13,1.3495,1.3168,0.8571,112.38,1.4793,8.1298,8.904,1.0028,0.7567
2018-07-16,1.3484,1.3131,0.854,112.29,1.4769,8.1021,8.8205,0.9974,0.7555
2018-07-17,1.3528,1.3198,0.8573,112.79,1.4728,8.134,8.825,0.9992,0.7598
2018-07-18,1.3528,1.3203,0.8587,112.82,1.4728,8.1738,8.8646,0.9994,0.7663
2018-07-19,1.3639,1.3271,0.8618,112.98,1.4885,8.2566,8.9426,1.0016,0.77
2018-07-20,1.3495,1.3155,0.8541,111.74,1.4702,8.1888,8.8671,0.9944,0.7625
2018-07-23,1.3545,1.315,0.8546,111.36,1.4736,8.181,8.8522,0.9927,0.7631
2018-07-24,1.3484,1.3165,0.8559,111.27,1.4704,8.1752,8.828,0.9944,0.7613
2018-07-25,1.3492,1.3104,0.8564,111.02,1.4693,8.168,8.8035,0.9942,0.7605
2018-07-26,1.3543,1.308,0.8581,111.2,1.4725,8.1693,8.8052,0.9938,0.7623
2018-07-27,1.3495,1.3057,0.8576,110.94,1.4708,8.1807,8.8373,0.994,0.7623
2018-07-30,1.3499,1.3013,0.8534,110.98,1.4643,8.1337,8.7522,0.9885,0.761
2018-07-31,1.3444,1.3017,0.8543,111.88,1.468,8.1466,8.7856,0.9895,0.7619
2018-08-01,1.351,1.3006,0.8572,111.72,1.4717,8.174,8.8033,0.9923,0.7622
2018-08-02,1.3552,1.3004,0.8612,111.48,1.4802,8.2235,8.8729,0.9943,0.7672
2018-08-03,1.3503,1.2975,0.8623,111.12,1.4799,8.2361,8.9009,0.9926,0.768
2018-08-06,1.3526,1.2997,0.8648,111.43,1.4846,8.236,8.9208,0.9963,0.7724
2018-08-07,1.3463,1.3017,0.8623,111.19,1.4835,8.1943,8.9106,0.9944,0.7718
2018-08-08,1.3477,1.3061,0.8622,110.96,1.4832,8.2315,8.9601,0.9943,0.7764
2018-08-09,1.3524,1.3046,0.8646,110.9,1.5097,8.2848,8.9786,0.9906,0.777
2018-08-10,1.3702,1.3126,0.8773,110.66,1.5147,8.3682,9.1367,0.9954,0.7831
2018-08-13,1.3755,1.3138,0.8775,110.65,1.5188,8.3835,9.1325,0.9934,0.7839
2018-08-14,1.3812,1.3107,0.881,110.92,1.5181,8.3991,9.1308,0.993,0.7851
2018-08-15,1.3826,1.3155,0.8825,110.62,1.5249,8.4749,9.2228,0.9942,0.7883
2018-08-16,1.3744,1.3144,0.8781,110.89,1.5158,8.4592,9.1874,0.9962,0.786
2018-08-17,1.3732,1.308,0.8764,110.54,1.5133,8.4691,9.1726,0.9948,0.7852
2018-08-20,1.3684,1.3085,0.8743,110.38,1.5108,8.4706,9.1778,0.9943,0.7834
2018-08-21,1.3602,1.3048,0.867,110.48,1.4981,8.4242,9.1198,0.9876,0.7776
2018-08-22,1.3602,1.3014,0.8624,110.54,1.4928,8.3493,9.0668,0.9836,0.7746
2018-08-23,1.3767,1.3057,0.8645,111.14,1.5033,8.369,9.1208,0.9848,0.7794
2018-08-24,1.3639,1.3022,0.8602,111.22,1.4943,8.3299,9.1138,0.9824,0.7777
2018-08-27,1.3613,1.2966,0.8565,111.09,1.4939,8.3195,9.0953,0.9802,0.7757
2018-08-28,1.3602,1.2925,0.8532,111.04,1.4883,8.3326,9.1154,0.9752,0.776
2018-08-29,1.3714,1.2941,0.8548,111.8,1.4923,8.3436,9.1518,0.9732,0.7689
2018-08-30,1.377,1.2991,0.8587,111.17,1.506,8.3546,9.1388,0.9709,0.7694
2018-08-31,1.3904,1.3072,0.8624,110.98,1.5119,8.3872,9.1566,0.9698,0.7714
2018-09-04,1.3939,1.3182,0.8646,111.44,1.5272,8.4102,9.1118,0.9753,0.7792
2018-09-05,1.391,1.3191,0.8606,111.47,1.5195,8.4096,9.0702,0.9716,0.775
2018-09-06,1.3893,1.3212,0.8603,110.87,1.5161,8.4094,9.0697,0.9682,0.7732
2018-09-07,1.4015,1.317,0.8642,111.18,1.527,8.4381,9.0813,0.9684,0.7732
2018-09-10,1.4049,1.3159,0.8618,111.09,1.5298,8.377,9.0357,0.974,0.7677
2018-09-11,1.4071,1.3131,0.8627,111.54,1.5356,8.3778,9.0354,0.9737,0.7683
2018-09-12,1.3965,1.3005,0.8601,111.29,1.5258,8.3454,9.0653,0.9704,0.7675
2018-09-13,1.3904,1.3005,0.8568,111.92,1.5237,8.2557,8.988,0.968,0.7631
2018-09-14,1.3931,1.3029,0.8579,112.09,1.5237,8.235,9.0299,0.9665,0.7643
2018-09-17,1.3916,1.3017,0.8557,111.97,1.5186,8.173,8.9141,0.962,0.7607
2018-09-18,1.385,1.2977,0.8552,112.3,1.5175,8.1463,8.8993,0.962,0.76
2018-09-19,1.3749,1.2939,0.8558,112.21,1.5106,8.1503,8.868,0.967,0.7598
2018-09-20,1.3744,1.2918,0.8515,112.58,1.4984,8.1666,8.7931,0.9624,0.7555
2018-09-21,1.374,1.2912,0.8519,112.62,1.4972,8.156,8.7938,0.9593,0.7653
2018-09-24,1.3768,1.2934,0.8494,112.62,1.5033,8.1304,8.7953,0.962,0.7617
2018-09-25,1.3791,1.2944,0.8496,112.88,1.5035,8.1263,8.7939,0.9646,0.7598
2018-09-26,1.3774,1.2963,0.8505,112.92,1.5022,8.1049,8.8082,0.9681,0.7586
2018-09-27,1.3854,1.3036,0.8569,113.38,1.5097,8.137,8.8202,0.9776,0.7631
2018-09-28,1.3816,1.2922,0.8604,113.48,1.5072,8.1327,8.878,0.9758,0.7661
2018-10-01,1.3845,1.2799,0.8645,113.96,1.5122,8.1595,8.9488,0.984,0.7673
2018-10-02,1.3891,1.2815,0.8651,113.66,1.5138,8.1637,8.9855,0.9844,0.7702
2018-10-03,1.401,1.2826,0.8677,114.19,1.5288,8.2007,9.029,0.9894,0.7696
2018-10-04,1.4128,1.2903,0.869,113.79,1.5411,8.2436,9.0479,0.9925,0.7684
2018-10-05,1.4188,1.2948,0.8694,113.56,1.553,8.2755,9.0857,0.9922,0.7633
2018-10-09,1.41,1.2959,0.8709,113.13,1.548,8.2795,9.115,0.9928,0.7611
2018-10-10,1.4085,1.2985,0.8665,112.71,1.5439,8.2035,9.0955,0.9908,0.7572
2018-10-11,1.4061,1.3037,0.8647,112.26,1.5344,8.2262,9.0146,0.992,0.758
2018-10-12,1.4053,1.3023,0.8651,112.02,1.5359,8.1769,8.9654,0.9916,0.7602
2018-10-15,1.4002,1.2966,0.8625,111.82,1.5263,8.1481,8.9405,0.9868,0.7594
2018-10-16,1.4006,1.2935,0.8626,112.16,1.5168,8.1288,8.886,0.9894,0.757
2018-10-17,1.4025,1.2985,0.8666,112.21,1.5205,8.1903,8.949,0.9926,0.7612
2018-10-18,1.4049,1.3059,0.87,112.11,1.5249,8.2469,9.0182,0.994,0.7656
2018-10-19,1.4021,1.3101,0.8686,112.52,1.5163,8.2169,8.9864,0.9968,0.7666
2018-10-22,1.4112,1.3104,0.8721,112.78,1.5267,8.2558,8.9967,0.9963,0.7708
2018-10-23,1.4136,1.3101,0.8711,112.12,1.526,8.2978,9.035,0.9943,0.7703
2018-10-24,1.414,1.2994,0.878,112.58,1.5326,8.3312,9.0959,0.9982,0.7753
2018-10-25,1.4116,1.3066,0.8792,112.54,1.533,8.3336,9.1089,1.0009,0.7796
2018-10-26,1.4108,1.31,0.8781,111.65,1.5337,8.3423,9.1256,0.998,0.7797
2018-10-29,1.4136,1.3129,0.878,112.49,1.5312,8.3711,9.1278,1.0006,0.7808
2018-10-30,1.4061,1.3133,0.88,112.76,1.5239,8.3962,9.1567,1.0046,0.7855
2018-10-31,1.4104,1.3129,0.8825,112.86,1.5314,8.41,9.1462,1.0057,0.7825
2018-11-01,1.391,1.3108,0.8775,112.79,1.5056,8.41,9.1462,1.0033,0.7708
2018-11-02,1.3891,1.3108,0.8789,113.09,1.5026,8.3721,9.0777,1.0036,0.7713
2018-11-05,1.3893,1.3098,0.8777,113.22,1.5015,8.3566,9.0722,1.0055,0.768
2018-11-06,1.3848,1.3132,0.8763,113.38,1.4988,8.3781,9.0716,1.0042,0.7648
2018-11-07,1.3732,1.3108,0.8727,113.32,1.4728,8.3273,9.0028,0.9998,0.7608
2018-11-08,1.3725,1.3115,0.876,113.87,1.4749,8.3432,8.9832,1.0033,0.7624
2018-11-09,1.3839,1.323,0.883,113.77,1.4848,8.4385,9.0716,1.0062,0.7705
2018-11-13,1.385,1.3223,0.8859,113.97,1.478,8.4736,9.1207,1.0083,0.7674
2018-11-14,1.3852,1.3237,0.884,113.7,1.4719,8.5,9.0863,1.0067,0.7686
2018-11-15,1.3757,1.3193,0.8831,113.46,1.4656,8.4767,9.0535,1.0058,0.7844
2018-11-16,1.3676,1.3174,0.877,112.76,1.4575,8.4435,9.0151,1.0012,0.7789
2018-11-19,1.3716,1.3187,0.8735,112.54,1.4631,8.4767,9.0025,0.9938,0.7787
2018-11-20,1.3801,1.3245,0.8779,112.66,1.4661,8.5529,9.0638,0.9944,0.7807
2018-11-21,1.3761,1.3274,0.8777,113.06,1.4622,8.5197,9.0278,0.9952,0.7827
2018-11-23,1.3841,1.3226,0.8825,112.83,1.4762,8.5994,9.0909,0.9976,0.781
2018-11-26,1.3831,1.3237,0.8821,113.58,1.4738,8.5864,9.0929,0.9984,0.7807
2018-11-27,1.3877,1.3313,0.8864,113.84,1.4756,8.6199,9.1149,0.9998,0.7856
2018-11-28,1.3826,1.3328,0.8861,113.96,1.4712,8.5994,9.1007,0.9994,0.7833
2018-11-29,1.3672,1.3278,0.8786,113.42,1.4584,8.5325,9.0599,0.9966,0.7819
2018-11-30,1.3678,1.3282,0.8832,113.54,1.4535,8.5872,9.0982,0.9987,0.783
2018-12-03,1.3587,1.319,0.8806,113.54,1.4424,8.5345,9.0234,0.9975,0.7848
2018-12-04,1.36,1.3202,0.8814,112.93,1.4413,8.4941,9.0086,0.9975,0.7862
2018-12-06,1.3858,1.3417,0.8792,112.46,1.4545,8.5323,9.0037,0.9926,0.7827
2018-12-07,1.387,1.3302,0.878,112.6,1.4579,8.4844,9.0318,0.9914,0.7844
2018-12-10,1.3908,1.3385,0.8797,112.96,1.4539,8.5442,9.0804,0.9896,0.7963
2018-12-11,1.3881,1.3408,0.8839,113.41,1.4533,8.5471,9.0819,0.9931,0.7985
2018-12-12,1.3845,1.3336,0.8801,113.28,1.4586,8.5649,9.0916,0.992,0.79
2018-12-13,1.3835,1.3349,0.8804,113.66,1.4577,8.5648,9.054,0.9938,0.7915
2018-12-14,1.3935,1.3387,0.885,113.35,1.4693,8.6256,9.0758,0.997,0.7955
2018-12-17,1.3924,1.339,0.8819,112.96,1.4699,8.6279,9.0447,0.9934,0.7933
2018-12-18,1.3943,1.3466,0.88,112.54,1.4596,8.7208,9.0711,0.993,0.7909
2018-12-19,1.3943,1.3434,0.8755,112.15,1.4594,8.6639,9.0572,0.9918,0.7893
2018-12-20,1.4077,1.3515,0.8747,111.34,1.4778,8.6961,8.9922,0.9918,0.7905
2018-12-21,1.414,1.357,0.877,111.14,1.4868,8.7407,9.0227,0.9914,0.7886
2018-12-26,1.4144,1.3576,0.8766,110.45,1.4826,8.7725,9.0704,0.9908,0.7889
2018-12-27,1.4245,1.365,0.8763,110.78,1.493,8.7884,9.0101,0.9902,0.792
2018-12-28,1.4196,1.3629,0.8737,110.34,1.4916,8.7191,8.9595,0.9838,0.7875
2018-12-31,1.4192,1.3644,0.8729,109.7,1.4901,8.6519,8.8654,0.9832,0.7835
2019-01-02,1.4286,1.3591,0.8805,109.22,1.4997,8.6976,8.9931,0.9884,0.7938
2019-01-03,1.4257,1.3484,0.8773,108.07,1.4954,8.694,9.0004,0.9889,0.7916
2019-01-04,1.4069,1.3399,0.8764,108.29,1.483,8.6109,8.9488,0.9859,0.7849
2019-01-07,1.4,1.3297,0.872,108.62,1.4789,8.5387,8.9013,0.981,0.7839
2019-01-08,1.4017,1.3307,0.8738,108.57,1.4874,8.5505,8.9281,0.981,0.7859
2019-01-09,1.3943,1.3212,0.8678,108.38,1.4719,8.4745,8.8836,0.9767,0.7835
2019-01-10,1.3908,1.3232,0.8683,108.29,1.4728,8.4702,8.8829,0.9817,0.7832
2019-01-11,1.3881,1.3256,0.8712,108.34,1.465,8.5245,8.9305,0.9829,0.7791
2019-01-15,1.3904,1.3272,0.8778,108.72,1.468,8.5545,8.9763,0.9885,0.7836
2019-01-16,1.392,1.3243,0.8766,108.84,1.4734,8.5305,8.9846,0.9899,0.7775
2019-01-17,1.3945,1.3296,0.8783,109.01,1.4821,8.5554,9.027,0.9944,0.7728
2019-01-18,1.3943,1.3262,0.8801,109.79,1.4813,8.5509,9.0187,0.9954,0.7753
2019-01-22,1.4019,1.3333,0.8804,109.34,1.4861,8.5961,9.0263,0.9972,0.7719
2019-01-23,1.4019,1.3362,0.878,109.44,1.473,8.5848,9.0118,0.9946,0.7649
2019-01-24,1.4092,1.3342,0.8832,109.72,1.4775,8.5756,9.0729,0.9965,0.7676
2019-01-25,1.3943,1.3259,0.8767,109.6,1.4622,8.5193,9.0518,0.993,0.759
2019-01-28,1.3955,1.3269,0.8743,109.2,1.4633,8.5147,9.0527,0.991,0.76
2019-01-29,1.3988,1.3264,0.8754,109.36,1.4641,8.5008,9.0726,0.995,0.7607
2019-01-30,1.3897,1.3189,0.8758,109.57,1.4626,8.4725,9.0908,0.9988,0.7656
2019-01-31,1.3732,1.314,0.8731,108.84,1.4445,8.4359,9.0465,0.9938,0.7613
2019-02-01,1.3774,1.3095,0.8715,109.55,1.4478,8.4316,9.0384,0.994,0.7637
2019-02-04,1.3854,1.3127,0.8743,109.96,1.4531,8.47,9.0968,0.9974,0.7652
2019-02-05,1.3824,1.3132,0.8767,109.99,1.4512,8.4813,9.1098,1.0005,0.7724
2019-02-06,1.4029,1.3192,0.8787,109.75,1.4613,8.5235,9.1721,1.0009,0.7718
2019-02-07,1.4098,1.3296,0.8805,109.7,1.4799,8.5805,9.238,1.001,0.7712
2019-02-08,1.4104,1.3277,0.8829,109.76,1.4804,8.6335,9.265,1,0.7732
2019-02-11,1.4154,1.3296,0.8868,110.4,1.4854,8.7232,9.3008,1.004,0.7775
2019-02-12,1.4096,1.3244,0.8837,110.5,1.4837,8.6525,9.2598,1.0068,0.776
2019-02-13,1.4059,1.3222,0.8859,110.86,1.4669,8.6426,9.2425,1.0073,0.7773
2019-02-14,1.4102,1.3307,0.8862,110.68,1.4643,8.6572,9.3032,1.0064,0.7817
2019-02-15,1.4041,1.3272,0.8875,110.54,1.4586,8.6473,9.2867,1.0063,0.7778
2019-02-19,1.3994,1.3248,0.8828,110.68,1.459,8.5829,9.3256,1.0018,0.7671
2019-02-21,1.4124,1.3192,0.882,110.72,1.4695,8.6254,9.3519,1.001,0.7657
2019-02-22,1.401,1.3188,0.8817,110.7,1.4618,8.6022,9.351,0.9998,0.7653
2019-02-25,1.3949,1.3183,0.8814,111.07,1.4524,8.6093,9.3218,1.0006,0.7658
2019-02-26,1.3924,1.3175,0.8792,110.76,1.4512,8.5781,9.3018,1.0002,0.7546
2019-02-27,1.4017,1.3145,0.8795,110.92,1.4618,8.5433,9.2671,1.0003,0.7509
2019-02-28,1.4086,1.3166,0.8788,111.38,1.4689,8.5538,9.2341,0.9974,0.7534
2019-03-01,1.4124,1.3277,0.879,111.89,1.4693,8.5778,9.2607,0.9987,0.7563
2019-03-04,1.4116,1.3329,0.8828,111.68,1.4693,8.6555,9.3444,0.9994,0.7584
2019-03-05,1.4138,1.3352,0.885,111.98,1.4734,8.6739,9.3244,1.0045,0.761
2019-03-06,1.4239,1.3445,0.8834,111.66,1.476,8.664,9.288,1.0038,0.7606
2019-03-07,1.4221,1.342,0.8917,111.6,1.4769,8.7499,9.4392,1.0106,0.763
2019-03-08,1.4188,1.3426,0.8894,111.11,1.4691,8.7639,9.4369,1.0074,0.7686
2019-03-11,1.4172,1.3418,0.8908,111.21,1.4646,8.6885,9.4168,1.011,0.7637
2019-03-12,1.412,1.338,0.8868,111.38,1.4567,8.634,9.3647,1.0078,0.7633
2019-03-13,1.411,1.3318,0.8842,111.23,1.4582,8.5768,9.3031,1.0046,0.7559
2019-03-14,1.4162,1.3316,0.8846,111.71,1.4658,8.5812,9.3143,1.0044,0.753
2019-03-15,1.4106,1.3337,0.8829,111.57,1.4599,8.5377,9.2399,1.0026,0.7531
2019-03-18,1.4085,1.3342,0.8821,111.41,1.4586,8.5571,9.2351,1.0004,0.7563
2019-03-19,1.4081,1.3294,0.8814,111.38,1.4565,8.521,9.202,1.0001,0.754
2019-03-20,1.4108,1.3327,0.8809,111.41,1.4603,8.5405,9.1839,0.9974,0.7581
2019-03-21,1.4065,1.3369,0.8802,110.86,1.4545,8.4699,9.1783,0.9924,0.7649
2019-03-22,1.4102,1.3406,0.8864,109.76,1.4518,8.5816,9.2947,0.994,0.7565
2019-03-25,1.4057,1.3418,0.8831,110.09,1.4459,8.5239,9.2282,0.9918,0.7574
2019-03-26,1.4006,1.3389,0.8865,110.5,1.4468,8.5356,9.232,0.994,0.7567
2019-03-27,1.4144,1.3434,0.8889,110.38,1.4725,8.6349,9.2772,0.9946,0.758
2019-03-28,1.4126,1.3424,0.89,110.54,1.4719,8.6408,9.2962,0.9952,0.7641
2019-03-29,1.4077,1.336,0.8906,110.68,1.4663,8.642,9.2949,0.9962,0.7673
2019-04-01,1.4051,1.3344,0.8921,111.29,1.4678,8.59,9.2821,0.9988,0.7608
2019-04-02,1.4168,1.3357,0.894,111.32,1.483,8.6205,9.3349,0.9986,0.7672
2019-04-03,1.4037,1.3315,0.8895,111.48,1.4721,8.5516,9.2636,0.997,0.7587
2019-04-04,1.4061,1.3357,0.8916,111.55,1.4802,8.5898,9.2768,1.0002,0.765
2019-04-05,1.4086,1.3387,0.8915,111.71,1.487,8.6155,9.2875,1.0003,0.7686
2019-04-08,1.4037,1.3316,0.8879,111.47,1.4832,8.5469,9.2523,0.9994,0.7664
2019-04-09,1.4027,1.332,0.8867,111.08,1.4826,8.5392,9.2437,0.9999,0.7664
2019-04-10,1.397,1.3322,0.8876,110.92,1.4802,8.4993,9.2637,1.0019,0.7634
2019-04-11,1.4029,1.3379,0.8879,111.48,1.4861,8.5353,9.2745,1.0027,0.7652
2019-04-12,1.3935,1.3332,0.8846,112,1.4773,8.4956,9.2636,1.0017,0.7642
2019-04-15,1.3931,1.3372,0.8846,112,1.4784,8.4957,9.2573,1.0039,0.7631
2019-04-16,1.3939,1.335,0.8855,111.95,1.4791,8.4791,9.2445,1.0066,0.7663
2019-04-17,1.3951,1.3345,0.8852,112,1.4901,8.4793,9.245,1.0099,0.7671
2019-04-18,1.3986,1.3372,0.8896,111.94,1.4972,8.513,9.3007,1.0154,0.7691
2019-04-19,1.3986,1.3386,0.8892,111.92,1.4945,8.5155,9.3027,1.0144,0.7691
2019-04-22,1.4017,1.3352,0.8883,111.94,1.4977,8.495,9.3024,1.0155,0.7702
2019-04-23,1.4092,1.342,0.8918,111.86,1.5042,8.5507,9.3665,1.0218,0.7726
2019-04-24,1.4233,1.3465,0.8935,111.81,1.5138,8.6015,9.3982,1.0184,0.7724
2019-04-25,1.4265,1.3494,0.8977,111.59,1.5115,8.6631,9.5287,1.0199,0.7751
2019-04-26,1.4196,1.3459,0.8965,111.6,1.4993,8.6739,9.4979,1.019,0.7734
2019-04-29,1.4176,1.3448,0.8956,111.8,1.5004,8.6766,9.5242,1.0201,0.7738
2019-04-30,1.4205,1.3427,0.8928,111.4,1.4993,8.6434,9.5041,1.02,0.7675
2019-05-01,1.4209,1.3417,0.8892,111.18,1.5033,8.6371,9.4968,1.0137,0.7639
2019-05-02,1.4282,1.3468,0.8941,111.39,1.511,8.7627,9.5663,1.018,0.7673
2019-05-03,1.4249,1.3425,0.894,111.28,1.5056,8.7056,9.5483,1.0178,0.7611
2019-05-06,1.4296,1.3446,0.8931,110.86,1.5138,8.7287,9.5618,1.0179,0.7638
2019-05-07,1.4278,1.3472,0.8946,110.34,1.5168,8.7509,9.5996,1.0215,0.7662
2019-05-08,1.4278,1.3458,0.8924,110.12,1.5181,8.7591,9.5894,1.0181,0.7684
2019-05-09,1.4335,1.349,0.8906,109.55,1.5188,8.7785,9.6466,1.0133,0.7685
2019-05-10,1.429,1.3428,0.8896,109.56,1.5152,8.7273,9.6173,1.0109,0.7671
2019-05-13,1.4393,1.3467,0.8903,109.18,1.5216,8.7556,9.6251,1.0064,0.7715
2019-05-14,1.4397,1.3466,0.8923,109.68,1.5205,8.758,9.626,1.0088,0.7739
2019-05-15,1.443,1.3432,0.8922,109.58,1.5239,8.7169,9.6003,1.009,0.7765
2019-05-16,1.4482,1.3433,0.8946,109.89,1.5267,8.7184,9.6018,1.0101,0.7811
2019-05-17,1.4548,1.3477,0.8956,109.9,1.5333,8.7836,9.6408,1.0108,0.786
2019-05-20,1.4465,1.3432,0.8953,109.96,1.5298,8.7791,9.6552,1.0082,0.7863
2019-05-21,1.4543,1.3425,0.8962,110.6,1.537,8.7718,9.66,1.0104,0.7845
2019-05-22,1.4535,1.3417,0.8964,110.28,1.5392,8.7495,9.6331,1.009,0.789
2019-05-23,1.4501,1.3471,0.8951,109.58,1.5335,8.7499,9.624,1.004,0.7895
2019-05-24,1.4463,1.3454,0.8931,109.38,1.5272,8.7079,9.5539,1.0021,0.7874
2019-05-28,1.443,1.3473,0.8947,109.49,1.527,8.6962,9.5673,1.0086,0.7894
2019-05-29,1.4468,1.3533,0.898,109.24,1.5359,8.6982,9.5692,1.0066,0.7917
2019-05-30,1.4472,1.3508,0.8977,109.67,1.5368,8.7602,9.5312,1.0074,0.7925
2019-05-31,1.443,1.3523,0.8969,108.66,1.5326,8.7559,9.513,1.0034,0.7924
2019-06-03,1.4378,1.3471,0.8924,108.39,1.5209,8.7213,9.4729,0.9994,0.7923
2019-06-04,1.4312,1.3417,0.89,108.3,1.5158,8.7109,9.4561,0.994,0.789
2019-06-05,1.4339,1.3409,0.8895,108.2,1.5097,8.7271,9.4394,0.9919,0.787
2019-06-06,1.4318,1.3374,0.8854,108.08,1.5063,8.7291,9.4418,0.9886,0.7866
2019-06-07,1.4282,1.3287,0.8831,108.15,1.5006,8.6273,9.4001,0.9877,0.7849
2019-06-10,1.436,1.3259,0.8841,108.56,1.5117,8.6481,9.4173,0.9898,0.7884
2019-06-11,1.4376,1.3291,0.8837,108.52,1.5195,8.6327,9.4424,0.9925,0.7859
2019-06-12,1.4405,1.3298,0.8842,108.42,1.5198,8.6421,9.4516,0.9944,0.7878
2019-06-13,1.4472,1.333,0.8869,108.44,1.5232,8.6785,9.4878,0.9946,0.7888
2019-06-14,1.4552,1.3382,0.8915,108.44,1.538,8.7165,9.4858,0.999,0.7936
2019-06-17,1.4577,1.3398,0.8901,108.56,1.5375,8.7135,9.4705,0.9982,0.7957
2019-06-18,1.4552,1.3396,0.8932,108.39,1.5319,8.7411,9.5197,0.9994,0.797
2019-06-19,1.4556,1.3362,0.8917,108.36,1.5326,8.7303,9.5197,0.996,0.7921
2019-06-20,1.4457,1.3208,0.8862,107.52,1.5188,8.5728,9.4176,0.9821,0.7874
2019-06-21,1.4451,1.3217,0.8828,107.55,1.5216,8.5434,9.3861,0.9789,0.7872
2019-06-24,1.436,1.3196,0.8777,107.36,1.5106,8.4882,9.2946,0.972,0.7857
2019-06-25,1.4337,1.3164,0.8783,106.92,1.5026,8.5088,9.2585,0.9726,0.7861
2019-06-26,1.4306,1.3109,0.878,107.64,1.4943,8.4798,9.2506,0.976,0.7876
2019-06-27,1.429,1.3115,0.8794,107.73,1.4928,8.5184,9.2713,0.9766,0.789
2019-06-28,1.4267,1.3091,0.8792,107.84,1.4901,8.5286,9.2869,0.9758,0.7872
2019-07-01,1.4362,1.3124,0.8844,108.42,1.4981,8.5733,9.3364,0.9864,0.7909
2019-07-02,1.4302,1.3117,0.8849,107.98,1.4984,8.5623,9.3219,0.986,0.7937
2019-07-03,1.4219,1.307,0.8869,107.84,1.4905,8.539,9.3155,0.9864,0.7957
2019-07-05,1.4351,1.3108,0.8916,108.55,1.5113,8.6226,9.4413,0.9923,0.7996
2019-07-08,1.4351,1.3088,0.8922,108.72,1.5097,8.6415,9.4618,0.9938,0.7998
2019-07-09,1.4436,1.3123,0.8921,108.78,1.5133,8.6416,9.4701,0.9928,0.8024
2019-07-10,1.436,1.3099,0.8881,108.44,1.5033,8.5814,9.4105,0.9892,0.7996
2019-07-11,1.4323,1.3071,0.888,108.29,1.4988,8.543,9.3845,0.9886,0.7969
2019-07-12,1.4271,1.3042,0.8886,108,1.4968,8.5472,9.3763,0.9845,0.7966
2019-07-15,1.4213,1.3036,0.8881,107.89,1.4883,8.542,9.3568,0.9847,0.7985
2019-07-16,1.4245,1.3043,0.8919,108.35,1.4916,8.5583,9.3801,0.989,0.8059
2019-07-17,1.4243,1.3041,0.8903,108.1,1.4828,8.5659,9.3537,0.987,0.804
2019-07-18,1.4198,1.309,0.8906,107.74,1.4802,8.5888,9.351,0.9862,0.8004
2019-07-19,1.4201,1.3081,0.8913,107.78,1.4769,8.5696,9.3764,0.9823,0.8
2019-07-22,1.4201,1.3115,0.8917,107.91,1.476,8.6028,9.4079,0.9815,0.8016
2019-07-23,1.4288,1.3138,0.8964,108.06,1.4908,8.684,9.4649,0.9848,0.8033
2019-07-24,1.4331,1.3134,0.8976,108.08,1.4899,8.6413,9.4284,0.9854,0.8001
2019-07-25,1.438,1.3145,0.8964,108.58,1.4997,8.6676,9.439,0.9899,0.8019
2019-07-26,1.4476,1.3187,0.8992,108.69,1.5078,8.7195,9.4974,0.9933,0.8073
2019-07-29,1.4476,1.3151,0.8975,108.86,1.5078,8.7007,9.4853,0.9916,0.8173
2019-07-30,1.4552,1.3169,0.897,108.66,1.5131,8.7571,9.5678,0.9908,0.8232
2019-07-31,1.4518,1.3143,0.8985,108.58,1.5156,8.7808,9.5929,0.9902,0.8183
2019-08-01,1.4582,1.3202,0.904,108.28,1.5235,8.8706,9.6492,0.9938,0.8234
2019-08-02,1.4693,1.3217,0.8999,106.64,1.5274,8.9135,9.6397,0.982,0.8243
2019-08-05,1.4749,1.3196,0.8931,106.02,1.5293,8.9183,9.6109,0.9721,0.822
2019-08-06,1.4771,1.3252,0.8932,106.45,1.5316,8.9087,9.588,0.9782,0.8231
2019-08-07,1.4806,1.333,0.89,105.62,1.5477,8.965,9.6311,0.9708,0.8225
2019-08-08,1.468,1.3241,0.8921,106.04,1.5427,8.9215,9.5777,0.9751,0.8239
2019-08-09,1.4715,1.3226,0.8911,105.3,1.5434,8.8778,9.5384,0.971,0.8275
2019-08-12,1.4802,1.3232,0.8919,105.38,1.5487,8.9123,9.5709,0.9696,0.8285
2019-08-13,1.471,1.3221,0.8943,106.6,1.5487,8.8756,9.5513,0.9744,0.8287
2019-08-14,1.4832,1.332,0.8973,105.79,1.5564,8.9735,9.6326,0.9736,0.8286
2019-08-15,1.4741,1.3322,0.9004,106.12,1.5513,9.0116,9.6393,0.9762,0.8256
2019-08-16,1.4745,1.328,0.9016,106.34,1.5552,8.9899,9.6643,0.98,0.8229
2019-08-19,1.4767,1.3306,0.9012,106.5,1.5576,8.9716,9.6668,0.9808,0.8239
2019-08-20,1.4756,1.3331,0.9016,106.35,1.5586,9.0008,9.7057,0.9792,0.8228
2019-08-21,1.4723,1.3275,0.9011,106.52,1.5601,8.9474,9.6202,0.9816,0.8236
2019-08-22,1.4784,1.3295,0.9018,106.44,1.5676,8.9715,9.6641,0.9834,0.8163
2019-08-23,1.4817,1.3319,0.897,105.3,1.5637,8.9644,9.6278,0.9748,0.8156
2019-08-26,1.4745,1.3282,0.8999,106,1.5635,8.9888,9.6712,0.9782,0.8175
2019-08-27,1.4797,1.3274,0.9014,105.8,1.5708,9.0225,9.6623,0.9815,0.8138
2019-08-28,1.4824,1.3299,0.9022,105.86,1.578,9.0337,9.719,0.9807,0.8165
2019-08-29,1.485,1.3299,0.9042,106.5,1.5828,9.091,9.7695,0.9853,0.8199
2019-08-30,1.4859,1.329,0.91,106.3,1.5876,9.1192,9.8277,0.9899,0.822
2019-09-03,1.4797,1.3332,0.9117,105.88,1.5808,9.1034,9.8378,0.9872,0.8274
2019-09-04,1.4715,1.3248,0.907,106.28,1.5738,9.0368,9.7519,0.9817,0.8203
2019-09-05,1.4663,1.3238,0.906,106.96,1.5684,8.9955,9.6796,0.9868,0.8106
2019-09-06,1.4586,1.317,0.9056,106.8,1.553,8.9668,9.6179,0.9866,0.8131
2019-09-09,1.4548,1.314,0.9045,107.14,1.5542,8.9255,9.6489,0.991,0.8085
2019-09-10,1.456,1.3141,0.9056,107.34,1.5564,8.951,9.6885,0.9908,0.8094
2019-09-11,1.4582,1.3199,0.909,107.73,1.5588,8.9762,9.6871,0.9933,0.8111
2019-09-12,1.4554,1.3209,0.903,107.97,1.5584,8.9668,9.6312,0.9891,0.8093
2019-09-13,1.4522,1.3268,0.903,108.12,1.5664,8.9765,9.6095,0.9898,0.8024
2019-09-16,1.4567,1.324,0.9086,107.94,1.5743,8.9607,9.6649,0.9919,0.805
2019-09-17,1.4582,1.3249,0.9039,108.12,1.5748,8.9357,9.6711,0.9925,0.8004
2019-09-18,1.4611,1.3283,0.9041,108.17,1.579,8.9331,9.6955,0.995,0.8014
2019-09-19,1.4717,1.3258,0.9053,108,1.587,8.9781,9.7018,0.9927,0.8012
2019-09-20,1.4771,1.3268,0.9088,107.95,1.598,9.0461,9.7313,0.993,0.8007
2019-09-23,1.4767,1.3271,0.9098,107.47,1.5911,9.0552,9.7217,0.9894,0.8046
2019-09-24,1.4721,1.3253,0.9092,107.32,1.5835,9.0005,9.6905,0.9872,0.8016
2019-09-25,1.4815,1.3279,0.9133,107.78,1.5936,9.0513,9.7538,0.9909,0.8089
2019-09-26,1.4806,1.3271,0.9142,107.67,1.5865,9.0813,9.757,0.9928,0.8102
2019-09-27,1.4784,1.325,0.9139,108.05,1.5883,9.0822,9.8006,0.9919,0.8122
2019-09-30,1.4824,1.3243,0.917,108.11,1.5969,9.0834,9.8307,0.9978,0.8127
2019-10-01,1.4919,1.3235,0.9147,107.7,1.601,9.1192,9.8791,0.9936,0.8169
2019-10-02,1.493,1.3313,0.9132,107.21,1.5985,9.1412,9.8791,0.9975,0.8121
2019-10-03,1.4813,1.3323,0.9098,106.76,1.5838,9.1065,9.8375,0.9974,0.8071
2019-10-04,1.4784,1.3332,0.9112,106.91,1.5838,9.1025,9.8512,0.9958,0.8124
2019-10-07,1.4832,1.3305,0.9104,107.06,1.5893,9.129,9.8999,0.9947,0.8116
2019-10-08,1.4865,1.3332,0.9133,107.06,1.5888,9.1735,9.9471,0.994,0.8193
2019-10-09,1.4859,1.3327,0.9109,107.43,1.5876,9.1649,9.9576,0.995,0.8187
2019-10-10,1.4771,1.3274,0.9076,107.91,1.5813,9.1184,9.8406,0.9954,0.8076
2019-10-11,1.4697,1.3181,0.9059,108.52,1.576,9.0664,9.8406,0.9967,0.7885
2019-10-15,1.4799,1.3199,0.9061,108.83,1.5913,9.1194,9.7916,0.9982,0.7851
2019-10-16,1.4804,1.3191,0.9029,108.71,1.5934,9.1701,9.7807,0.9959,0.778
2019-10-17,1.465,1.3136,0.8986,108.51,1.5743,9.182,9.7088,0.987,0.778
2019-10-18,1.4607,1.3134,0.8965,108.44,1.5691,9.1756,9.6665,0.9856,0.775
2019-10-21,1.4562,1.31,0.8973,108.57,1.5645,9.1375,9.629,0.9865,0.7702
2019-10-22,1.4571,1.3086,0.8978,108.56,1.5603,9.1407,9.6328,0.9889,0.7723
2019-10-23,1.4605,1.3089,0.8994,108.64,1.5581,9.1512,9.6592,0.9907,0.776
2019-10-24,1.4669,1.3078,0.9011,108.62,1.5679,9.1372,9.6481,0.9923,0.7806
2019-10-25,1.4643,1.3064,0.9024,108.75,1.5716,9.1942,9.6901,0.9945,0.7792
2019-10-28,1.4622,1.3063,0.9014,109.02,1.576,9.2076,9.7045,0.996,0.7776
2019-10-29,1.4573,1.3078,0.8995,108.83,1.5728,9.2304,9.7176,0.9936,0.7749
2019-10-30,1.4552,1.3179,0.899,108.88,1.5704,9.2122,9.6903,0.9909,0.7769
2019-10-31,1.4518,1.3144,0.8965,108.09,1.5591,9.1818,9.6334,0.9868,0.7729
2019-11-01,1.4463,1.3145,0.8953,108.16,1.5516,9.09,9.5639,0.9855,0.7722
2019-11-04,1.4497,1.3145,0.8973,108.56,1.5586,9.1226,9.603,0.9871,0.7748
2019-11-05,1.451,1.3176,0.9033,109.13,1.5681,9.1922,9.6698,0.9932,0.777
2019-11-06,1.4533,1.3187,0.9029,108.86,1.5699,9.1664,9.6179,0.992,0.7769
2019-11-07,1.4503,1.3177,0.9054,109.42,1.5746,9.1255,9.6369,0.9954,0.7795
2019-11-08,1.459,1.3218,0.9075,109.14,1.579,9.1476,9.7095,0.9971,0.7819
2019-11-12,1.4607,1.3227,0.9077,109.09,1.5783,9.1438,9.71,0.9929,0.7779
2019-11-13,1.4639,1.3239,0.9088,108.83,1.5623,9.189,9.7303,0.9892,0.7788
2019-11-14,1.4749,1.3251,0.9078,108.33,1.5689,9.1751,9.6964,0.9878,0.7765
2019-11-15,1.4684,1.3228,0.9053,108.8,1.5618,9.0857,9.6467,0.9903,0.7751
2019-11-18,1.4663,1.321,0.9026,108.61,1.5605,9.1032,9.6139,0.9879,0.7713
2019-11-19,1.465,1.3233,0.9029,108.59,1.5562,9.1262,9.6399,0.9912,0.7736
2019-11-20,1.4712,1.3317,0.9039,108.67,1.5593,9.1425,9.6334,0.9921,0.7741
2019-11-21,1.4721,1.3277,0.9036,108.53,1.5593,9.1348,9.6344,0.992,0.7743
2019-11-22,1.4741,1.3293,0.9067,108.67,1.561,9.1585,9.6235,0.9967,0.7795
2019-11-25,1.4771,1.3312,0.9083,108.95,1.562,9.1934,9.6468,0.9964,0.7761
2019-11-26,1.4734,1.3285,0.9081,109.11,1.5576,9.1725,9.5976,0.9978,0.7782
2019-11-27,1.4749,1.3284,0.9089,109.38,1.5555,9.1659,9.5794,0.9996,0.7763
2019-11-29,1.4789,1.3291,0.9075,109.47,1.5579,9.2156,9.57,1.0001,0.7729
2019-12-02,1.4665,1.3298,0.9029,109.09,1.537,9.1554,9.5384,0.992,0.773
2019-12-03,1.4618,1.3298,0.9018,108.53,1.5347,9.1772,9.5254,0.9862,0.7691
2019-12-04,1.4596,1.3212,0.9029,108.87,1.5316,9.1729,9.5217,0.9893,0.7637
2019-12-05,1.4633,1.3177,0.9006,108.69,1.5279,9.1317,9.4811,0.9872,0.7596
2019-12-06,1.4628,1.3255,0.9048,108.66,1.5232,9.1347,9.4929,0.9909,0.7618
2019-12-09,1.4637,1.3228,0.9036,108.59,1.5256,9.1445,9.5292,0.9879,0.7601
2019-12-10,1.4676,1.3231,0.9017,108.73,1.5288,9.172,9.4971,0.9852,0.7588
2019-12-11,1.4569,1.3202,0.9016,108.67,1.5221,9.1524,9.4401,0.9856,0.759
2019-12-12,1.4501,1.3185,0.8997,109.16,1.5188,9.1001,9.406,0.986,0.7614
2019-12-13,1.4554,1.3196,0.8986,109.28,1.5172,9.048,9.4002,0.9838,0.7491
2019-12-16,1.452,1.3158,0.8977,109.64,1.5158,9.0134,9.3699,0.9839,0.7502
2019-12-17,1.4605,1.3155,0.897,109.52,1.5225,9.0159,9.3754,0.9811,0.7624
2019-12-18,1.459,1.3117,0.8998,109.58,1.5202,9.0203,9.4203,0.9819,0.7646
2019-12-19,1.452,1.3122,0.8986,109.23,1.5135,8.9619,9.4211,0.9777,0.7672
2019-12-20,1.4489,1.317,0.9029,109.45,1.5135,8.9673,9.4111,0.9824,0.7671
2019-12-23,1.4457,1.3167,0.9016,109.39,1.5088,8.947,9.4295,0.982,0.7742
2019-12-24,1.4445,1.316,0.9022,109.38,1.5058,8.9142,9.4133,0.9807,0.7719
2019-12-26,1.4411,1.3124,0.9007,109.67,1.5002,8.8799,9.4108,0.9808,0.7688
2019-12-27,1.4331,1.3073,0.8949,109.47,1.4919,8.8291,9.3405,0.9741,0.7639
2019-12-30,1.4278,1.3058,0.8915,108.85,1.4846,8.7839,9.3145,0.9677,0.761
2019-12-31,1.4225,1.2962,0.8907,108.67,1.4826,8.7823,9.3425,0.9677,0.7536
2020-01-02,1.4323,1.2998,0.8956,108.43,1.4943,8.8074,9.3689,0.9721,0.7617
2020-01-03,1.4362,1.2985,0.895,107.94,1.4986,8.8181,9.3844,0.9703,0.7639
2020-01-06,1.4426,1.2964,0.8939,108.36,1.4999,8.8034,9.4132,0.9688,0.7597
2020-01-07,1.4575,1.3016,0.8978,108.53,1.5088,8.8588,9.4504,0.9716,0.7618
2020-01-08,1.4556,1.3026,0.8995,109.03,1.5056,8.8695,9.4514,0.9725,0.7628
2020-01-09,1.4586,1.309,0.9004,109.47,1.5131,8.8769,9.4877,0.9724,0.7652
2020-01-10,1.4486,1.3051,0.8994,109.5,1.5063,8.8857,9.5037,0.9729,0.7657
2020-01-13,1.447,1.3049,0.8978,109.93,1.5072,8.8912,9.4679,0.9705,0.7702
2020-01-14,1.4482,1.3056,0.8985,110.05,1.5122,8.871,9.4548,0.9677,0.7682
2020-01-15,1.447,1.304,0.8961,109.94,1.511,8.8575,9.4441,0.9634,0.7675
2020-01-16,1.4503,1.3042,0.8984,110.16,1.5063,8.8821,9.4876,0.965,0.7648
2020-01-17,1.4541,1.3074,0.9015,110.16,1.5129,8.9133,9.5141,0.9683,0.7675
2020-01-21,1.4592,1.3068,0.9012,109.95,1.5131,8.9698,9.5099,0.9681,0.7665
2020-01-22,1.4628,1.3135,0.9021,109.93,1.5179,8.9846,9.5151,0.9696,0.7613
2020-01-23,1.4633,1.3144,0.9057,109.39,1.5181,9.0158,9.5506,0.9698,0.7631
2020-01-24,1.4654,1.3146,0.9069,109.31,1.5147,9.0393,9.565,0.9712,0.7651
2020-01-27,1.4799,1.3176,0.9075,108.95,1.5265,9.1438,9.6207,0.9695,0.766
2020-01-28,1.4808,1.3174,0.9084,109.17,1.5305,9.1325,9.6213,0.9738,0.7695
2020-01-29,1.4828,1.3201,0.9088,109.15,1.533,9.1646,9.6224,0.9747,0.7685
2020-01-30,1.4892,1.3216,0.9065,108.75,1.5408,9.2067,9.6387,0.9692,0.763
2020-01-31,1.4928,1.322,0.9024,108.5,1.5466,9.1985,9.6353,0.9645,0.7579
2020-02-03,1.4952,1.3295,0.904,108.59,1.5473,9.2815,9.6541,0.9655,0.7689
2020-02-04,1.4854,1.3266,0.9056,109.41,1.5432,9.2123,9.5939,0.9693,0.7675
2020-02-05,1.4819,1.3294,0.9086,109.74,1.5439,9.2125,9.5951,0.9729,0.7692
2020-02-06,1.4841,1.3292,0.9108,109.89,1.5475,9.2342,9.6282,0.975,0.7731
2020-02-07,1.4972,1.3304,0.9132,109.81,1.561,9.2888,9.6493,0.9777,0.7747
2020-02-10,1.4984,1.3323,0.9161,109.77,1.5662,9.2961,9.6648,0.9778,0.7741
2020-02-11,1.4899,1.3299,0.916,109.78,1.562,9.2546,9.6335,0.9761,0.7725
2020-02-12,1.4824,1.3243,0.918,110,1.5451,9.2148,9.6235,0.9767,0.7705
2020-02-13,1.4861,1.3255,0.9218,109.81,1.5518,9.2602,9.6758,0.9788,0.7662
2020-02-14,1.4883,1.3251,0.9226,109.77,1.5535,9.2479,9.7176,0.9818,0.7669
2020-02-18,1.4941,1.3256,0.9246,109.8,1.564,9.3092,9.7715,0.9814,0.7682
2020-02-19,1.4986,1.3232,0.9264,111.17,1.5674,9.2762,9.8041,0.9839,0.7732
2020-02-20,1.511,1.3259,0.9262,111.86,1.5775,9.3194,9.8168,0.9831,0.7766
2020-02-21,1.5078,1.3217,0.9212,111.74,1.5746,9.2782,9.7269,0.9781,0.7712
2020-02-24,1.5124,1.3282,0.9211,110.56,1.5755,9.33,9.7277,0.9776,0.7738
2020-02-25,1.5158,1.3285,0.9201,110.23,1.5808,9.3743,9.7283,0.9765,0.769
2020-02-26,1.5253,1.3321,0.9185,110.36,1.5876,9.3868,9.7263,0.9759,0.7739
2020-02-27,1.5193,1.3356,0.911,110.15,1.5825,9.3926,9.6568,0.9718,0.7766
2020-02-28,1.5396,1.3411,0.909,108.12,1.6046,9.4491,9.6802,0.9671,0.7826
2020-03-02,1.5328,1.3334,0.8957,108.02,1.5992,9.3057,9.4936,0.9577,0.7818
2020-03-03,1.5113,1.3352,0.8949,107.28,1.5858,9.2372,9.4301,0.9563,0.7796
2020-03-04,1.5131,1.3425,0.8985,107.34,1.5929,9.285,9.5,0.9554,0.7791
2020-03-05,1.5152,1.3403,0.8927,106.56,1.5865,9.2792,9.4508,0.9487,0.7729
2020-03-06,1.5074,1.342,0.8835,105.31,1.5733,9.2473,9.3651,0.9365,0.7686
2020-03-09,1.5029,1.3527,0.8757,102.52,1.5603,9.4723,9.4147,0.9296,0.7634
2020-03-10,1.5456,1.3775,0.8817,103.71,1.5972,9.6008,9.5002,0.933,0.7732
2020-03-11,1.5356,1.3748,0.8865,104.81,1.585,9.6262,9.4951,0.9381,0.776
2020-03-12,1.5924,1.3869,0.9024,105.67,1.6407,10.1959,9.8319,0.954,0.7974
2020-03-13,1.6231,1.3991,0.9037,107.15,1.6523,10.0904,9.8113,0.9541,0.8061
2020-03-16,1.6308,1.3974,0.8977,105.64,1.6343,10.2664,9.8405,0.9467,0.8145
2020-03-17,1.6734,1.4188,0.9115,107.41,1.6835,10.4332,9.9453,0.9647,0.8322
2020-03-18,1.7182,1.4529,0.9231,108.45,1.7307,11.0912,10.2426,0.9727,0.8503
2020-03-19,1.7068,1.4463,0.9347,110.08,1.717,11.2584,10.3827,0.9847,0.8575
2020-03-20,1.712,1.4363,0.9362,111.3,1.7425,11.6842,10.3349,0.9866,0.8516
2020-03-23,1.7376,1.4539,0.9294,111.36,1.764,11.2963,10.3085,0.9824,0.8702
2020-03-24,1.6872,1.448,0.9264,111.44,1.7259,11.0926,10.1627,0.9813,0.8486
2020-03-25,1.6787,1.4333,0.9229,111.43,1.7212,10.9069,10.1783,0.9781,0.8501
2020-03-26,1.6518,1.4045,0.907,109.45,1.6773,10.401,9.9501,0.9645,0.8237
2020-03-27,1.6324,1.4075,0.9042,108.16,1.6606,10.5017,9.9481,0.9558,0.8091
2020-03-30,1.6273,1.4169,0.9076,108.06,1.6692,10.6095,10.0596,0.9606,0.807
2020-03-31,1.6289,1.4123,0.9078,107.53,1.6781,10.4059,9.9145,0.9627,0.803
2020-04-01,1.6375,1.4222,0.9146,107.05,1.6824,10.4593,10.0468,0.9675,0.8068
2020-04-02,1.6537,1.411,0.9206,107.85,1.6923,10.3592,10.1075,0.9727,0.8078
2020-04-03,1.6664,1.4132,0.9262,108.53,1.7077,10.5712,10.1865,0.9777,0.8178
2020-04-06,1.6404,1.4125,0.9252,109.11,1.6807,10.4341,10.1237,0.9768,0.8131
2020-04-07,1.6163,1.3971,0.9186,108.97,1.6711,10.2449,10.0318,0.9707,0.8102
2020-04-08,1.6069,1.4015,0.9205,108.7,1.662,10.2676,10.057,0.971,0.8068
2020-04-09,1.585,1.398,0.9148,108.38,1.6485,10.1992,9.9551,0.966,0.8027
2020-04-10,1.5751,1.3967,0.9132,108.39,1.6442,10.175,9.9204,0.9648,0.801
2020-04-13,1.5674,1.3953,0.9169,107.59,1.6434,10.3121,9.9931,0.9674,0.7988
2020-04-14,1.5579,1.3903,0.9115,107.08,1.6447,10.3037,9.9606,0.9606,0.7926
2020-04-15,1.5803,1.4105,0.9167,107.42,1.6675,10.5356,10.0391,0.9647,0.7985
2020-04-16,1.587,1.4141,0.9225,107.72,1.6815,10.4691,10.0384,0.9695,0.8043
2020-04-17,1.5731,1.4026,0.9189,107.52,1.6573,10.3099,9.9801,0.9662,0.7998
2020-04-20,1.5657,1.4067,0.9196,107.69,1.6461,10.3634,10.0102,0.967,0.8021
2020-04-21,1.5926,1.4199,0.9213,107.69,1.6795,10.5984,10.105,0.9691,0.8153
2020-04-22,1.5823,1.4132,0.9234,107.81,1.681,10.764,10.0949,0.9711,0.8109
2020-04-23,1.5654,1.4028,0.9246,107.65,1.6595,10.5957,10.0467,0.9731,0.8085
2020-04-24,1.5681,1.4098,0.9261,107.44,1.6658,10.68,10.0732,0.975,0.8107
2020-04-27,1.548,1.4042,0.9234,107.22,1.6518,10.5772,10.0473,0.9756,0.8051
2020-04-28,1.5387,1.3992,0.9228,106.83,1.6493,10.4079,9.8868,0.9743,0.804
2020-04-29,1.53,1.3936,0.9214,106.67,1.6383,10.3548,9.8824,0.9748,0.8046
2020-04-30,1.533,1.3911,0.9146,106.94,1.626,10.2553,9.7751,0.9669,0.7935
2020-05-01,1.5567,1.4102,0.9093,106.76,1.6521,10.3348,9.8316,0.9599,0.7994
2020-05-04,1.5596,1.4088,0.9165,106.82,1.6589,10.3445,9.8856,0.9647,0.8045
2020-05-05,1.5485,1.4025,0.9222,106.52,1.6488,10.2603,9.8296,0.9721,0.8033
2020-05-06,1.5591,1.4143,0.9254,106.07,1.6614,10.2799,9.8486,0.9745,0.8099
2020-05-07,1.5385,1.3972,0.9246,106.36,1.6431,10.2274,9.8128,0.9746,0.8098
2020-05-08,1.5284,1.391,0.9213,106.5,1.6268,10.1864,9.759,0.9699,0.8041
2020-05-11,1.5451,1.4024,0.9244,107.7,1.6488,10.285,9.8649,0.9722,0.811
2020-05-12,1.5363,1.4009,0.9205,107.33,1.6388,10.1585,9.7394,0.968,0.8131
2020-05-13,1.5473,1.4089,0.9228,106.92,1.6642,10.1418,9.7939,0.9704,0.818
2020-05-14,1.5571,1.4086,0.9259,107.09,1.6745,10.2232,9.8438,0.9727,0.8201
2020-05-15,1.5601,1.409,0.9246,107.27,1.6866,10.2422,9.866,0.9726,0.8245
2020-05-18,1.5354,1.3966,0.9171,107.25,1.6562,10.0317,9.7192,0.9699,0.8189
2020-05-19,1.5228,1.3879,0.9143,107.89,1.6383,9.9461,9.6594,0.9725,0.816
2020-05-20,1.5149,1.3911,0.9107,107.46,1.6271,9.9089,9.5831,0.9649,0.8159
2020-05-21,1.5239,1.3946,0.913,107.69,1.6359,9.951,9.6318,0.9703,0.8179
2020-05-22,1.5319,1.4021,0.9179,107.5,1.6415,10.0159,9.6838,0.9722,0.8212
2020-05-26,1.5051,1.3821,0.9116,107.64,1.6124,9.907,9.6426,0.9668,0.8106
2020-05-27,1.5175,1.3786,0.9117,107.79,1.6218,9.9041,9.6477,0.9696,0.8176
2020-05-28,1.5006,1.3763,0.9034,107.67,1.6069,9.7729,9.504,0.9642,0.8114
2020-05-29,1.5056,1.3809,0.9003,107.77,1.6163,9.7306,9.4248,0.9618,0.8117
2020-06-01,1.4738,1.3603,0.899,107.56,1.5908,9.6403,9.386,0.9613,0.8018
2020-06-02,1.4552,1.3515,0.8956,108.6,1.576,9.5632,9.3538,0.9623,0.798
2020-06-03,1.4393,1.3489,0.8892,108.88,1.5538,9.4544,9.26,0.9613,0.7937
2020-06-04,1.4401,1.3513,0.8832,109,1.5499,9.3616,9.196,0.9565,0.7931
2020-06-05,1.432,1.342,0.8852,109.68,1.5354,9.2955,9.1806,0.9622,0.7872
2020-06-08,1.4296,1.3379,0.8855,108.46,1.5288,9.2754,9.2138,0.9567,0.7878
2020-06-09,1.436,1.3433,0.8812,107.66,1.5323,9.2866,9.1774,0.9487,0.7852
2020-06-10,1.4278,1.3388,0.8807,107.25,1.5284,9.3445,9.2273,0.945,0.7838
2020-06-11,1.4516,1.3559,0.8789,106.67,1.548,9.5249,9.2524,0.9382,0.7915
2020-06-12,1.459,1.3587,0.8887,107.36,1.555,9.6331,9.3322,0.9515,0.7983
2020-06-15,1.4596,1.3618,0.8873,107.33,1.5538,9.6138,9.3404,0.9503,0.7973
2020-06-16,1.4522,1.3562,0.8882,107.35,1.5501,9.5735,9.3804,0.9494,0.7945
2020-06-17,1.4499,1.357,0.8913,107.26,1.5475,9.5397,9.3589,0.9512,0.7983
2020-06-18,1.4605,1.3593,0.8916,106.78,1.5557,9.5402,9.4211,0.951,0.8045
2020-06-19,1.4586,1.3601,0.8937,106.89,1.5571,9.6154,9.4542,0.9519,0.8089
2020-06-22,1.4484,1.3544,0.8881,106.84,1.542,9.5965,9.3703,0.9475,0.8034
2020-06-23,1.4378,1.3509,0.8832,106.44,1.5349,9.4813,9.2806,0.9438,0.798
2020-06-24,1.4545,1.3601,0.8872,106.83,1.5586,9.6145,9.3315,0.9471,0.8044
2020-06-25,1.456,1.366,0.8912,107.21,1.5564,9.6892,9.3234,0.9485,0.8061
2020-06-26,1.4575,1.3695,0.8917,107.19,1.5581,9.7166,9.3582,0.948,0.8106
2020-06-29,1.4596,1.3686,0.8899,107.71,1.5605,9.7074,9.3254,0.9504,0.8144
2020-06-30,1.4507,1.3614,0.8899,107.77,1.5513,9.6577,9.3071,0.9467,0.8085
2020-07-01,1.4457,1.3579,0.8882,107.5,1.5446,9.5139,9.29,0.9455,0.8017
2020-07-02,1.4449,1.3591,0.8899,107.55,1.5354,9.5357,9.3226,0.9455,0.802
2020-07-06,1.4341,1.3546,0.8844,107.5,1.5284,9.407,9.2691,0.9416,0.8012
2020-07-07,1.4343,1.3587,0.885,107.53,1.5228,9.4318,9.2255,0.941,0.7954
2020-07-08,1.4353,1.3539,0.8827,107.39,1.5235,9.416,9.1916,0.9382,0.7941
2020-07-09,1.4372,1.3577,0.8851,107.27,1.5237,9.4554,9.2164,0.9397,0.7928
2020-07-10,1.437,1.3591,0.8835,106.77,1.5195,9.4213,9.1764,0.9395,0.7903
2020-07-13,1.432,1.3568,0.88,107.22,1.5198,9.3667,9.1381,0.941,0.7928
2020-07-14,1.4347,1.3606,0.8767,107.2,1.5309,9.3875,9.0986,0.9385,0.7971
2020-07-15,1.428,1.3521,0.8767,106.92,1.5228,9.3149,9.0732,0.9439,0.7945
2020-07-16,1.4269,1.3539,0.8747,107.05,1.5228,9.2516,9.0348,0.9432,0.7923
2020-07-17,1.4298,1.3572,0.8743,107.06,1.5265,9.2712,9.0241,0.9388,0.7968
2020-07-20,1.4267,1.3531,0.874,107.21,1.5221,9.2486,8.9752,0.9389,0.79
2020-07-21,1.4063,1.3443,0.8699,106.82,1.5085,9.1262,8.9005,0.934,0.7852
2020-07-22,1.3992,1.3407,0.863,107.18,1.4997,9.1262,8.8498,0.9288,0.7856
2020-07-23,1.4013,1.337,0.8604,106.83,1.5017,9.1544,8.8326,0.925,0.7838
2020-07-24,1.4096,1.3425,0.8595,105.79,1.5076,9.1907,8.8533,0.9222,0.7818
2020-07-27,1.4017,1.3383,0.8511,105.29,1.4963,9.1115,8.7379,0.9204,0.776
2020-07-28,1.3965,1.3364,0.8523,105.03,1.5008,9.0953,8.7536,0.9169,0.7722
2020-07-29,1.3951,1.337,0.8496,105.06,1.5026,9.0647,8.7534,0.9141,0.7708
2020-07-30,1.4008,1.344,0.8481,105.05,1.5058,9.1302,8.7473,0.912,0.7672
2020-07-31,1.3968,1.3384,0.8459,105.78,1.5051,9.0889,8.7487,0.9113,0.7614
2020-08-03,1.4071,1.3408,0.8511,106.11,1.5152,9.1382,8.7591,0.9194,0.7661
2020-08-04,1.3986,1.3366,0.8499,105.87,1.5126,9.1165,8.7452,0.9154,0.7658
2020-08-05,1.3858,1.3254,0.8405,105.44,1.5011,8.9435,8.6532,0.9053,0.761
2020-08-06,1.3835,1.3285,0.8435,105.52,1.5013,8.9802,8.6973,0.9101,0.7606
2020-08-07,1.3961,1.3393,0.8492,105.92,1.5135,9.0623,8.7518,0.914,0.7667
2020-08-10,1.3963,1.335,0.8506,105.85,1.517,9.0288,8.7419,0.9154,0.7644
2020-08-11,1.3976,1.3296,0.8501,106.56,1.5207,8.9875,8.7392,0.9163,0.7647
2020-08-12,1.3953,1.325,0.8477,106.85,1.5181,8.9387,8.6888,0.9109,0.7665
2020-08-13,1.3966,1.3214,0.8462,106.89,1.5251,8.8831,8.6839,0.9097,0.7644
2020-08-14,1.3951,1.325,0.8451,106.49,1.5258,8.8945,8.6984,0.9091,0.7629
2020-08-17,1.3868,1.3202,0.8425,105.97,1.5274,8.8633,8.6918,0.9058,0.7631
2020-08-18,1.3822,1.3181,0.8384,105.41,1.5179,8.8387,8.6481,0.9029,0.756
2020-08-19,1.3824,1.3173,0.8405,105.71,1.5135,8.8504,8.6574,0.9114,0.7581
2020-08-20,1.3931,1.3177,0.843,105.81,1.534,8.9437,8.706,0.9082,0.7582
2020-08-21,1.3974,1.3201,0.8493,105.88,1.5307,9.0457,8.7988,0.9131,0.7635
2020-08-24,1.3939,1.322,0.8472,105.9,1.53,8.9953,8.7819,0.9109,0.7646
2020-08-25,1.3928,1.3191,0.8462,106.4,1.5314,8.9755,8.7721,0.9089,0.7613
2020-08-26,1.3847,1.3145,0.8465,106.13,1.5152,8.9201,8.7389,0.9086,0.7584
2020-08-27,1.3774,1.3111,0.8457,106.42,1.5058,8.8878,8.7099,0.9077,0.7559
2020-08-28,1.3602,1.3106,0.8403,105.3,1.4835,8.788,8.627,0.9041,0.7496
2020-08-31,1.3535,1.3034,0.8368,105.84,1.4808,8.7043,8.6249,0.9012,0.7477
2020-09-01,1.3559,1.3043,0.8369,106,1.478,8.748,8.6717,0.9072,0.7454
2020-09-02,1.3663,1.3061,0.8446,106.15,1.4799,8.8481,8.731,0.9107,0.751
2020-09-03,1.3751,1.3131,0.8452,106.14,1.491,8.9253,8.7494,0.9104,0.754
2020-09-04,1.3767,1.3095,0.846,106.34,1.4921,8.95,8.7642,0.9147,0.7559
2020-09-08,1.3831,1.3194,0.8482,105.97,1.5078,9.0929,8.8122,0.9166,0.7669
2020-09-09,1.3746,1.3163,0.8467,106.23,1.4975,9.0271,8.7628,0.9131,0.7686
2020-09-10,1.3723,1.3162,0.8418,106.19,1.4999,8.9975,8.7364,0.9077,0.7785
2020-09-11,1.3742,1.3183,0.8452,106.17,1.4999,9.0548,8.7848,0.9092,0.782
2020-09-14,1.3701,1.3172,0.8422,105.68,1.4899,9.0191,8.7657,0.9071,0.7766
2020-09-15,1.3706,1.3199,0.8442,105.5,1.4894,9.04,8.7882,0.9085,0.7772
2020-09-16,1.3631,1.3164,0.845,104.94,1.4804,9.0109,8.7894,0.908,0.7704
2020-09-17,1.3719,1.3204,0.8458,104.77,1.4863,9.0901,8.807,0.9098,0.7719
2020-09-18,1.3678,1.3179,0.8434,104.44,1.4754,9.062,8.7539,0.9096,0.7722
2020-09-21,1.3866,1.3299,0.852,104.69,1.5008,9.2999,8.8829,0.9163,0.7816
2020-09-22,1.3941,1.3313,0.8545,105.05,1.5069,9.3559,8.9081,0.92,0.7858
2020-09-23,1.4098,1.3373,0.8564,105.34,1.5228,9.4414,8.981,0.9233,0.7843
2020-09-24,1.4192,1.337,0.8572,105.42,1.5286,9.534,9.1146,0.9264,0.785
2020-09-25,1.4261,1.3409,0.8607,105.59,1.5288,9.5938,9.1347,0.9291,0.787
2020-09-28,1.415,1.3377,0.8576,105.5,1.526,9.4839,9.0615,0.9247,0.7773
2020-09-29,1.4067,1.3411,0.8535,105.68,1.5193,9.4636,9.0009,0.9215,0.7784
2020-09-30,1.3966,1.3323,0.853,105.58,1.5133,9.3666,8.9627,0.9188,0.7739
2020-10-01,1.391,1.3289,0.8509,105.53,1.504,9.3095,8.9197,0.9179,0.7751
2020-10-02,1.3992,1.332,0.8543,105.36,1.5101,9.3346,8.9317,0.9204,0.7735
2020-10-05,1.3926,1.3269,0.8486,105.7,1.5058,9.2312,8.8936,0.9153,0.7709
2020-10-06,1.3988,1.3275,0.849,105.64,1.5076,9.2845,8.9171,0.9153,0.7725
2020-10-07,1.4006,1.3283,0.8499,105.97,1.5168,9.3064,8.8934,0.9168,0.7744
2020-10-08,1.397,1.3222,0.8508,105.98,1.5207,9.2768,8.872,0.9176,0.7726
2020-10-09,1.3818,1.312,0.8461,105.72,1.5002,9.1531,8.7918,0.9103,0.7691
2020-10-13,1.3957,1.3138,0.852,105.55,1.5042,9.2129,8.8146,0.9147,0.7711
2020-10-14,1.3949,1.3147,0.8507,105.08,1.4997,9.2179,8.823,0.9127,0.7679
2020-10-15,1.4126,1.3243,0.8546,105.38,1.5181,9.3691,8.8685,0.9143,0.7742
2020-10-16,1.4118,1.3194,0.8535,105.41,1.5133,9.358,8.837,0.9153,0.7733
2020-10-19,1.4104,1.3155,0.8483,105.42,1.5081,9.3002,8.8054,0.9092,0.7693
2020-10-20,1.417,1.312,0.8457,105.56,1.5184,9.2666,8.747,0.9071,0.7721
2020-10-21,1.4045,1.313,0.8425,104.58,1.5004,9.2033,8.7195,0.9042,0.7609
2020-10-22,1.4067,1.3132,0.8457,104.88,1.4981,9.2425,8.7794,0.9074,0.7639
2020-10-23,1.4049,1.3147,0.8443,104.78,1.4977,9.2637,8.7688,0.9055,0.7669
2020-10-26,1.4045,1.3214,0.8463,104.86,1.4966,9.2479,8.7517,0.9073,0.768
2020-10-27,1.4,1.3156,0.845,104.44,1.4885,9.1346,8.7022,0.9066,0.7653
2020-10-28,1.415,1.3321,0.851,104.33,1.5015,9.3456,8.8458,0.9097,0.7694
2020-10-29,1.4273,1.3365,0.8578,104.69,1.5149,9.5865,8.9427,0.9171,0.7758
2020-10-30,1.4239,1.3332,0.8586,104.54,1.5129,9.5617,8.9009,0.9165,0.7732
2020-11-02,1.4194,1.3255,0.8595,104.8,1.509,9.5665,8.9179,0.92,0.775
2020-11-03,1.3968,1.3132,0.853,104.5,1.4914,9.3807,8.8377,0.9126,0.7663
2020-11-04,1.3904,1.3113,0.8525,104.39,1.4923,9.2933,8.7718,0.9107,0.768
2020-11-05,1.3765,1.3045,0.8468,103.67,1.4791,9.1882,8.7167,0.9063,0.7624
2020-11-06,1.3759,1.3029,0.8413,103.32,1.4743,9.1552,8.6339,0.8986,0.7598
2020-11-09,1.3746,1.2978,0.8467,105.58,1.4691,9.0415,8.6335,0.9127,0.7612
2020-11-10,1.3749,1.2998,0.8467,105.36,1.4667,9.0318,8.6152,0.9136,0.7556
2020-11-12,1.3761,1.3107,0.8465,105.16,1.4545,9.1156,8.6229,0.9136,0.7609
2020-11-13,1.3782,1.3164,0.8457,104.61,1.4622,9.1685,8.6947,0.9133,0.759
2020-11-16,1.3656,1.3072,0.8443,104.54,1.4495,9.0702,8.6326,0.9121,0.7577
2020-11-17,1.3702,1.3107,0.843,104.2,1.4516,9.0661,8.6281,0.9109,0.7549
2020-11-18,1.3652,1.3049,0.8425,103.72,1.4413,8.9914,8.5813,0.9096,0.7519
2020-11-19,1.3765,1.3083,0.8444,103.85,1.4493,9.0294,8.6288,0.9119,0.7561
2020-11-20,1.3671,1.3075,0.8434,103.81,1.4391,9.0056,8.6171,0.9118,0.7522
2020-11-23,1.3738,1.3097,0.8456,104.42,1.4468,9.0577,8.6496,0.9131,0.7519
2020-11-24,1.3604,1.3027,0.8422,104.61,1.4341,8.9184,8.5678,0.9121,0.7491
2020-11-25,1.3587,1.2994,0.8398,104.39,1.4271,8.8408,8.5169,0.909,0.7475
2020-11-30,1.3604,1.2982,0.837,104.38,1.4251,8.8781,8.5576,0.906,0.7497
2020-12-01,1.3596,1.2958,0.8306,104.4,1.417,8.8296,8.5082,0.9005,0.7467
2020-12-02,1.3523,1.2934,0.8269,104.52,1.4168,8.8197,8.4986,0.8961,0.7492
2020-12-03,1.3434,1.2875,0.8229,103.77,1.4118,8.7585,8.4415,0.8906,0.741
2020-12-04,1.3444,1.2797,0.8236,104.16,1.4192,8.7883,8.4494,0.8908,0.7416
2020-12-07,1.3425,1.2796,0.8239,104.01,1.4166,8.733,8.3864,0.8892,0.7489
2020-12-08,1.3488,1.2808,0.8257,104.14,1.4192,8.7644,8.472,0.8886,0.7486
2020-12-09,1.3421,1.2791,0.8278,104.28,1.4203,8.8281,8.4914,0.8901,0.7467
2020-12-10,1.3298,1.2727,0.8252,104.3,1.4132,8.7745,8.4499,0.8878,0.7523
2020-12-11,1.3277,1.2767,0.8256,103.88,1.4114,8.8235,8.4717,0.8902,0.7577
2020-12-14,1.3268,1.2787,0.8234,104.06,1.4124,8.7463,8.4133,0.8872,0.7505
2020-12-15,1.3236,1.273,0.8225,103.69,1.4108,8.7221,8.3759,0.8859,0.7444
2020-12-16,1.3219,1.2755,0.8214,103.59,1.4126,8.6896,8.3645,0.8861,0.7406
2020-12-17,1.3123,1.2715,0.8158,103.13,1.3988,8.5731,8.2689,0.8841,0.7348
2020-12-18,1.3132,1.2776,0.8173,103.35,1.4037,8.5959,8.2786,0.885,0.7409
2020-12-21,1.3201,1.2836,0.8177,103.44,1.4108,8.653,8.2576,0.8859,0.7488
2020-12-22,1.3278,1.2918,0.8216,103.62,1.4203,8.7197,8.3303,0.8889,0.7491
2020-12-23,1.318,1.2841,0.8201,103.52,1.4085,8.6307,8.2841,0.8882,0.7402
2020-12-28,1.3214,1.2871,0.8188,103.84,1.4098,8.6671,8.2854,0.8898,0.7437
2020-12-29,1.3118,1.2794,0.8162,103.5,1.3963,8.6017,8.1906,0.8838,0.7401
2020-12-30,1.3017,1.2764,0.8143,103.31,1.3875,8.5536,8.1972,0.8832,0.735
2020-12-31,1.2972,1.2753,0.8177,103.19,1.39,8.5757,8.2095,0.8841,0.732
2021-01-04,1.306,1.2781,0.8161,103.19,1.3959,8.566,8.2486,0.8811,0.738
2021-01-05,1.29,1.27,0.8133,102.7,1.3808,8.4901,8.1856,0.8784,0.7342
2021-01-06,1.2842,1.2685,0.8137,103.25,1.3734,8.4206,8.1855,0.881,0.7357
2021-01-07,1.2895,1.272,0.8153,103.84,1.3795,8.4384,8.1992,0.8841,0.738
2021-01-08,1.2857,1.2698,0.8162,103.89,1.3789,8.4074,8.2085,0.8843,0.7362
2021-01-11,1.2963,1.2768,0.8218,104.16,1.3914,8.5192,8.281,0.8897,0.7395
2021-01-12,1.2933,1.2745,0.8218,104.09,1.3914,8.5085,8.2864,0.8892,0.7333
2021-01-13,1.292,1.271,0.8224,103.91,1.3912,8.4851,8.3373,0.8874,0.7336
2021-01-14,1.2837,1.2633,0.8226,103.66,1.3839,8.4594,8.309,0.887,0.7305
2021-01-15,1.2948,1.2709,0.8265,103.8,1.3968,8.537,8.3715,0.8894,0.7353
2021-01-19,1.2982,1.2721,0.8247,103.86,1.4053,8.5326,8.348,0.8888,0.7338
2021-01-21,1.2897,1.2634,0.8235,103.57,1.3908,8.4321,8.2948,0.887,0.7288
2021-01-22,1.294,1.2711,0.8211,103.76,1.3912,8.482,8.282,0.8853,0.7307
2021-01-25,1.2982,1.2747,0.8239,103.78,1.3904,8.5568,8.3046,0.8882,0.7316
2021-01-26,1.2925,1.2711,0.8232,103.69,1.3831,8.5518,8.3025,0.888,0.7284
2021-01-27,1.3021,1.2782,0.8264,104.09,1.393,8.6341,8.3511,0.889,0.7306
2021-01-28,1.3031,1.2812,0.8249,104.31,1.3941,8.606,8.3301,0.8887,0.7285
2021-01-29,1.3053,1.2776,0.8241,104.64,1.3889,8.5454,8.3357,0.8905,0.7287
2021-02-01,1.3115,1.2826,0.8285,104.97,1.3959,8.5903,8.4259,0.8965,0.7314
2021-02-02,1.3182,1.2815,0.8319,105.09,1.398,8.623,8.4232,0.8987,0.7329
2021-02-03,1.312,1.2765,0.8316,105.05,1.3891,8.5885,8.408,0.8993,0.7325
2021-02-04,1.316,1.283,0.8351,105.43,1.3966,8.6384,8.4602,0.9031,0.7318
2021-02-05,1.3062,1.2781,0.8309,105.44,1.3902,8.5428,8.3861,0.8996,0.7292
2021-02-08,1.2984,1.2755,0.8302,105.19,1.3845,8.5119,8.3896,0.8986,0.7279
2021-02-09,1.2947,1.2713,0.826,104.62,1.3829,8.4687,8.3405,0.893,0.7248
2021-02-10,1.2928,1.2678,0.8243,104.67,1.385,8.4441,8.309,0.8891,0.722
2021-02-11,1.2893,1.2689,0.8246,104.75,1.3827,8.4618,8.3262,0.8907,0.7235
2021-02-12,1.2883,1.2694,0.8247,104.94,1.3837,8.4558,8.3019,0.8911,0.7218
2021-02-16,1.2888,1.2694,0.826,105.88,1.387,8.4428,8.295,0.8923,0.7189
2021-02-17,1.292,1.2712,0.8304,105.83,1.3931,8.5166,8.3348,0.8985,0.7221
2021-02-18,1.2903,1.2706,0.828,105.69,1.3885,8.4842,8.3274,0.8968,0.7165
2021-02-19,1.2702,1.2596,0.824,105.58,1.3676,8.4467,8.2666,0.8948,0.713
2021-02-22,1.2633,1.2606,0.8227,105.06,1.3637,8.4775,8.2673,0.8958,0.7104
2021-02-23,1.2655,1.261,0.8236,105.21,1.3644,8.4901,8.2972,0.9022,0.7096
2021-02-24,1.2602,1.2537,0.8235,105.91,1.3506,8.4172,8.3028,0.9074,0.7089
2021-02-25,1.2574,1.2528,0.8177,106.22,1.3461,8.4064,8.2474,0.9033,0.709
2021-02-26,1.2953,1.2698,0.8269,106.64,1.3795,8.6514,8.4211,0.9092,0.717
2021-03-01,1.286,1.2652,0.8296,106.68,1.3749,8.5527,8.4358,0.9138,0.7175
2021-03-02,1.2784,1.2612,0.8279,106.75,1.3716,8.4855,8.3871,0.9141,0.7162
2021-03-03,1.2807,1.2611,0.8283,106.92,1.377,8.4724,8.4011,0.918,0.7154
2021-03-04,1.2809,1.2584,0.8302,107.58,1.3763,8.4659,8.4245,0.9257,0.7143
2021-03-05,1.3046,1.2666,0.8393,108.24,1.399,8.5634,8.5366,0.9305,0.7237
2021-03-08,1.3067,1.2672,0.844,108.92,1.4035,8.5333,8.5807,0.9355,0.7241
2021-03-09,1.2989,1.2652,0.8414,108.64,1.3976,8.486,8.5173,0.9292,0.7203
2021-03-10,1.2952,1.2641,0.8403,108.58,1.3931,8.454,8.5066,0.9317,0.7195
2021-03-11,1.2865,1.2558,0.8349,108.44,1.386,8.4236,8.4631,0.9244,0.7153
2021-03-12,1.2867,1.2471,0.8367,108.87,1.3916,8.4208,8.4881,0.9281,0.7181
2021-03-15,1.2938,1.249,0.8391,109.11,1.3924,8.4907,8.5302,0.9283,0.7212
2021-03-16,1.2907,1.2451,0.8407,109.01,1.3906,8.4808,8.5204,0.9261,0.7198
2021-03-17,1.2972,1.2475,0.84,109.22,1.3965,8.5089,8.5154,0.9276,0.72
2021-03-18,1.2829,1.2434,0.8385,108.97,1.39,8.4572,8.5132,0.9281,0.7175
2021-03-19,1.291,1.2511,0.8397,108.85,1.3955,8.5451,8.5439,0.9301,0.7209
2021-03-22,1.2903,1.2528,0.8381,108.67,1.393,8.4862,8.5103,0.9233,0.7217
2021-03-23,1.3017,1.2548,0.8423,108.61,1.4219,8.5529,8.5658,0.9327,0.7249
2021-03-24,1.312,1.2551,0.8452,108.81,1.4318,8.5632,8.5932,0.9355,0.7287
2021-03-25,1.321,1.2613,0.8491,109.13,1.4388,8.6621,8.6668,0.9393,0.7288
2021-03-26,1.3108,1.2577,0.8476,109.55,1.4292,8.5802,8.6451,0.9398,0.725
2021-03-29,1.3084,1.2592,0.849,109.73,1.4255,8.528,8.6905,0.9381,0.725
2021-03-30,1.3146,1.2626,0.853,110.19,1.431,8.5476,8.7375,0.9427,0.7284
2021-03-31,1.3135,1.2571,0.8516,110.61,1.4308,8.5326,8.7185,0.9418,0.7249
2021-04-01,1.3151,1.2569,0.8495,110.61,1.4259,8.5324,8.7117,0.9409,0.7233
2021-04-02,1.3146,1.2566,0.8501,110.67,1.4239,8.5309,8.7282,0.9419,0.7233
2021-04-05,1.306,1.2512,0.8467,110.08,1.4148,8.5023,8.7018,0.9359,0.7191
2021-04-06,1.3055,1.254,0.8437,109.83,1.4192,8.4941,8.6374,0.9325,0.7221
2021-04-07,1.3111,1.2614,0.841,109.67,1.4237,8.4534,8.6088,0.9274,0.7269
2021-04-08,1.3089,1.2576,0.8401,109.25,1.4192,8.4874,8.5581,0.9249,0.7279
2021-04-09,1.3104,1.254,0.8405,109.64,1.419,8.5062,8.5399,0.9249,0.7281
2021-04-12,1.3123,1.2556,0.8398,109.43,1.4227,8.4923,8.5795,0.9228,0.7277
2021-04-13,1.3108,1.2541,0.8376,109.19,1.4207,8.495,8.5271,0.9213,0.7277
2021-04-14,1.2935,1.2515,0.8351,108.93,1.399,8.3911,8.4549,0.9228,0.7252
2021-04-15,1.291,1.2539,0.8358,108.78,1.3955,8.3875,8.4573,0.9227,0.7256
2021-04-16,1.293,1.2498,0.8347,108.78,1.4011,8.365,8.4425,0.9196,0.7233
2021-04-19,1.2888,1.2534,0.8314,108.09,1.3937,8.3105,8.4088,0.9155,0.7155
2021-04-20,1.2917,1.2574,0.8302,108.07,1.3916,8.3365,8.4245,0.9145,0.7166
2021-04-21,1.2895,1.2484,0.831,108.09,1.3862,8.338,8.4138,0.9166,0.7176
2021-04-22,1.2945,1.249,0.8325,108.17,1.3953,8.3538,8.4347,0.9182,0.722
2021-04-23,1.2922,1.2495,0.8286,107.94,1.393,8.3125,8.403,0.9152,0.7223
2021-04-26,1.2817,1.2399,0.8276,108.12,1.3827,8.283,8.3818,0.9145,0.7199
2021-04-27,1.2862,1.2396,0.8279,108.56,1.3864,8.2791,8.3775,0.9134,0.719
2021-04-28,1.2873,1.2354,0.8266,108.81,1.3808,8.2252,8.3651,0.9124,0.7185
2021-04-29,1.2888,1.2295,0.8258,108.94,1.3829,8.2149,8.3793,0.9099,0.7165
2021-04-30,1.296,1.2291,0.8313,109.33,1.3949,8.3031,8.4503,0.9127,0.7226
2021-05-03,1.289,1.2275,0.8293,109.08,1.3895,8.2867,8.4229,0.9116,0.7188
2021-05-04,1.3007,1.232,0.8324,109.34,1.4029,8.3577,8.4835,0.9136,0.7208
2021-05-05,1.2903,1.2262,0.8331,109.27,1.3868,8.3519,8.4894,0.913,0.7188
2021-05-06,1.2873,1.2192,0.8299,109.17,1.3848,8.3175,8.4392,0.9096,0.7205
2021-05-07,1.2721,1.2137,0.822,108.52,1.3706,8.2085,8.3142,0.9009,0.7143
2021-05-10,1.2697,1.2085,0.8217,108.7,1.3689,8.2294,8.3094,0.8986,0.7066
2021-05-11,1.275,1.2092,0.8218,108.53,1.3746,8.2523,8.3055,0.902,0.7068
2021-05-12,1.293,1.2104,0.8282,109.53,1.3955,8.3276,8.4164,0.9088,0.7102
2021-05-13,1.2948,1.2147,0.8285,109.56,1.3928,8.3788,8.4165,0.9068,0.7126
2021-05-14,1.286,1.2114,0.8237,109.37,1.3805,8.2371,8.3399,0.9021,0.7094
2021-05-17,1.2878,1.2073,0.8227,109.17,1.3866,8.2655,8.3312,0.9016,0.7079
2021-05-18,1.285,1.2061,0.8195,109.01,1.3814,8.2179,8.2972,0.8986,0.705
2021-05-19,1.2898,1.2089,0.8186,108.76,1.3914,8.2839,8.325,0.9003,0.7058
2021-05-20,1.2853,1.2049,0.818,108.79,1.3866,8.2933,8.2983,0.8985,0.7051
2021-05-21,1.2935,1.2072,0.8212,108.94,1.3957,8.3992,8.3251,0.8987,0.7063
2021-05-24,1.2918,1.2082,0.819,108.81,1.3879,8.3577,8.3226,0.8973,0.7069
2021-05-25,1.2918,1.2069,0.8175,108.95,1.3858,8.3231,8.2798,0.8971,0.7081
2021-05-26,1.2915,1.2111,0.8194,109.1,1.3714,8.349,8.3117,0.8973,0.7078
2021-05-27,1.2927,1.2075,0.8201,109.81,1.3716,8.3615,8.2918,0.8977,0.7056
2021-05-28,1.2977,1.2087,0.8201,109.83,1.3789,8.347,8.3019,0.8995,0.7048
2021-06-01,1.2878,1.2031,0.8169,109.43,1.378,8.3051,8.2624,0.8954,0.7058
2021-06-02,1.29,1.2047,0.8188,109.59,1.3803,8.2982,8.2665,0.898,0.7054
2021-06-03,1.3068,1.2116,0.8249,110.28,1.3998,8.3899,8.3381,0.9051,0.7093
2021-06-04,1.2917,1.2088,0.8215,109.42,1.3881,8.3063,8.2659,0.899,0.7055
2021-06-07,1.2878,1.2062,0.8197,109.25,1.3808,8.2609,8.2576,0.8969,0.7053
2021-06-08,1.2918,1.2101,0.821,109.47,1.3897,8.2596,8.2632,0.8963,0.7069
2021-06-09,1.2935,1.2102,0.8207,109.61,1.3937,8.2733,8.2594,0.8958,0.708
2021-06-10,1.29,1.2095,0.8215,109.49,1.3891,8.2732,8.2494,0.8951,0.706
2021-06-11,1.2994,1.2162,0.8264,109.75,1.4035,8.3486,8.3263,0.8993,0.7085
2021-06-14,1.2957,1.2131,0.8247,109.98,1.3994,8.3096,8.3174,0.8991,0.7084
2021-06-15,1.3028,1.2202,0.8251,110.12,1.4065,8.3454,8.3387,0.8985,0.7106
2021-06-16,1.2967,1.2165,0.8252,109.88,1.3996,8.3698,8.3577,0.8986,0.7087
2021-06-17,1.3236,1.2353,0.8396,110.28,1.4278,8.5428,8.5405,0.9173,0.7186
2021-06-18,1.3335,1.2437,0.8423,110.21,1.4411,8.6769,8.6193,0.9215,0.7237
2021-06-21,1.3284,1.237,0.8397,110.22,1.431,8.5804,8.5387,0.9184,0.7186
2021-06-22,1.3284,1.2364,0.8396,110.75,1.4282,8.5729,8.504,0.92,0.7183
2021-06-23,1.3177,1.2286,0.8368,110.86,1.4166,8.5058,8.4787,0.9169,0.7155
2021-06-24,1.3205,1.2337,0.8384,110.91,1.4184,8.5145,8.4698,0.9188,0.7191
2021-06-25,1.3167,1.2293,0.8375,110.78,1.4134,8.4935,8.4826,0.9175,0.7195
2021-06-28,1.3203,1.2325,0.8377,110.5,1.4176,8.5185,8.5067,0.9184,0.7197
2021-06-29,1.3303,1.2378,0.84,110.53,1.4296,8.5477,8.5217,0.9201,0.7223
2021-06-30,1.334,1.2404,0.844,111.05,1.4331,8.6154,8.5609,0.9253,0.7243
2021-07-01,1.3383,1.2405,0.8434,111.56,1.4327,8.6172,8.5749,0.9253,0.7257
2021-07-02,1.3335,1.2346,0.844,111.28,1.4271,8.6123,8.5561,0.9224,0.7249
2021-07-06,1.334,1.2466,0.8463,110.66,1.4267,8.7028,8.5862,0.9245,0.7251
2021-07-07,1.336,1.2506,0.8472,110.62,1.4259,8.7354,8.6261,0.9252,0.7251
2021-07-08,1.3446,1.2533,0.8446,109.82,1.4384,8.777,8.5879,0.9153,0.7264
2021-07-09,1.3369,1.2476,0.8431,110.18,1.4318,8.6986,8.5788,0.9151,0.7224
2021-07-12,1.3351,1.2455,0.8433,110.36,1.4314,8.6939,8.575,0.9154,0.7201
2021-07-13,1.3385,1.2511,0.8465,110.36,1.4343,8.7392,8.628,0.9164,0.7222
2021-07-14,1.3389,1.2521,0.8456,110.03,1.4233,8.7479,8.6245,0.9154,0.7218
2021-07-15,1.3448,1.2575,0.847,110.05,1.4298,8.8145,8.6704,0.9186,0.7221
2021-07-16,1.3497,1.2586,0.8467,110.13,1.4263,8.8346,8.6762,0.9192,0.7254
2021-07-19,1.3618,1.2752,0.8472,109.45,1.4401,8.9323,8.6806,0.9179,0.7305
2021-07-20,1.3652,1.2724,0.8492,109.92,1.4463,9.0168,8.7038,0.9218,0.7345
2021-07-21,1.3592,1.2538,0.8475,110.22,1.4347,8.888,8.6899,0.9179,0.7302
2021-07-22,1.3578,1.2578,0.8495,110.1,1.4374,8.8691,8.6832,0.9195,0.7273
2021-07-23,1.358,1.258,0.8503,110.52,1.4337,8.8788,8.6904,0.9211,0.7273
2021-07-26,1.3539,1.254,0.8467,110.31,1.4278,8.8293,8.6285,0.9157,0.7231
2021-07-27,1.3572,1.2579,0.8452,109.64,1.436,8.8676,8.6095,0.9135,0.7203
2021-07-28,1.3607,1.2563,0.8468,110.06,1.4424,8.8399,8.6235,0.9134,0.7203
2021-07-29,1.3514,1.2439,0.8413,109.53,1.4255,8.7401,8.5532,0.9062,0.716
2021-07-30,1.3604,1.2466,0.8429,109.7,1.4323,8.8254,8.5912,0.9061,0.7188
2021-08-02,1.358,1.2501,0.8422,109.22,1.4341,8.8135,8.5835,0.9051,0.7201
2021-08-03,1.3541,1.255,0.8432,109.09,1.4273,8.8128,8.6042,0.9047,0.7192
2021-08-04,1.3554,1.2551,0.8445,109.44,1.419,8.8353,8.604,0.9061,0.7188
2021-08-05,1.3497,1.2487,0.8447,109.75,1.4158,8.8112,8.6113,0.907,0.7179
2021-08-06,1.3592,1.2563,0.8503,110.22,1.4259,8.8801,8.6646,0.9142,0.7208
2021-08-09,1.3624,1.2571,0.8511,110.25,1.4284,8.9366,8.699,0.9191,0.7219
2021-08-10,1.3613,1.2531,0.8531,110.54,1.4276,8.9243,8.7112,0.9226,0.7225
2021-08-11,1.3561,1.2513,0.852,110.47,1.419,8.871,8.6909,0.9215,0.7212
2021-08-12,1.3615,1.2518,0.8521,110.36,1.4269,8.8433,8.6851,0.923,0.7229
2021-08-13,1.3556,1.2512,0.8477,109.75,1.4194,8.787,8.6348,0.9162,0.7217
2021-08-16,1.3626,1.257,0.8492,109.26,1.4235,8.8284,8.6475,0.9123,0.7221
2021-08-17,1.3785,1.2622,0.8537,109.59,1.4468,8.9031,8.7448,0.9144,0.7279
2021-08-18,1.382,1.2638,0.8546,109.92,1.4514,8.9033,8.7234,0.9179,0.7273
2021-08-19,1.3947,1.279,0.8552,109.75,1.4592,9.0039,8.7888,0.9173,0.7314
2021-08-20,1.4019,1.2853,0.8554,109.77,1.4641,9.0386,8.8169,0.9176,0.7339
2021-08-23,1.3873,1.2666,0.8524,109.78,1.4505,8.9102,8.719,0.9137,0.729
2021-08-24,1.3785,1.2615,0.8514,109.68,1.4397,8.8419,8.6957,0.913,0.7291
2021-08-25,1.3763,1.2624,0.8505,110.03,1.436,8.8219,8.6982,0.9137,0.7287
2021-08-26,1.3797,1.2654,0.8503,110.09,1.4374,8.8202,8.7128,0.9174,0.7293
2021-08-27,1.3682,1.2613,0.8479,109.84,1.4261,8.721,8.6404,0.9122,0.7263
2021-08-30,1.3708,1.2606,0.8478,109.91,1.4282,8.658,8.6223,0.9172,0.7268
2021-08-31,1.3686,1.2629,0.8475,110.05,1.4201,8.6953,8.6325,0.9161,0.7274
2021-09-01,1.357,1.2615,0.8439,110.03,1.4148,8.6828,8.6006,0.9145,0.7252
2021-09-02,1.3512,1.2559,0.8433,110.01,1.4065,8.648,8.5802,0.9159,0.7233
2021-09-03,1.3437,1.2524,0.8415,109.64,1.3992,8.6629,8.5468,0.9136,0.7214
2021-09-07,1.3524,1.2622,0.844,110.17,1.4071,8.6757,8.5774,0.9179,0.7251
2021-09-08,1.3572,1.2681,0.8462,110.32,1.4094,8.7172,8.6273,0.9219,0.7267
2021-09-09,1.355,1.2648,0.8455,109.76,1.4033,8.6583,8.6008,0.9173,0.7218
2021-09-10,1.3576,1.2636,0.846,109.93,1.4033,8.6511,8.6162,0.918,0.7222
2021-09-13,1.3569,1.2643,0.8468,109.94,1.4051,8.6416,8.6137,0.9213,0.7223
2021-09-14,1.3633,1.2663,0.8457,109.66,1.4063,8.6168,8.584,0.9193,0.7221
2021-09-15,1.3654,1.2653,0.8467,109.4,1.4075,8.5877,8.583,0.9196,0.7227
2021-09-16,1.3721,1.2679,0.8501,109.67,1.414,8.6391,8.6311,0.9251,0.7254
2021-09-17,1.3744,1.2738,0.8522,109.94,1.4198,8.6891,8.6717,0.9308,0.727
2021-09-20,1.3797,1.2818,0.8526,109.47,1.4235,8.7241,8.6964,0.9277,0.7323
2021-09-21,1.3812,1.2789,0.853,109.33,1.4259,8.6807,8.6734,0.9235,0.7319
2021-09-22,1.3767,1.2733,0.8519,109.59,1.4223,8.6188,8.648,0.9223,0.7316
2021-09-23,1.3704,1.2662,0.8522,110.17,1.4136,8.5711,8.6327,0.9243,0.7275
2021-09-24,1.3778,1.2672,0.8536,110.72,1.4259,8.5986,8.6579,0.9246,0.7309
2021-09-27,1.3729,1.2643,0.8546,110.97,1.4265,8.6031,8.7049,0.9256,0.7293
2021-09-28,1.3818,1.2692,0.8561,111.33,1.4376,8.6726,8.7313,0.9282,0.7387
2021-09-29,1.3908,1.275,0.8612,111.83,1.4554,8.7451,8.787,0.9335,0.7441
2021-09-30,1.3835,1.2673,0.8638,111.5,1.4495,8.7402,8.7601,0.9339,0.7424
2021-10-01,1.3753,1.2657,0.8622,110.97,1.4403,8.6241,8.7524,0.9297,0.7368
2021-10-04,1.3729,1.2571,0.8604,110.94,1.436,8.5741,8.7254,0.9248,0.7352
2021-10-05,1.3708,1.2562,0.8614,111.39,1.4349,8.5219,8.7286,0.9271,0.7331
2021-10-06,1.3778,1.2612,0.8661,111.33,1.4465,8.595,8.8093,0.9279,0.737
2021-10-07,1.3659,1.2546,0.865,111.5,1.4411,8.562,8.7798,0.928,0.7335
2021-10-08,1.3684,1.2477,0.8642,112.15,1.4426,8.5414,8.7415,0.9272,0.7337
2021-10-12,1.3576,1.2439,0.8665,113.69,1.4397,8.5476,8.7716,0.9302,0.735
2021-10-13,1.3567,1.2448,0.8645,113.49,1.4376,8.5201,8.7127,0.926,0.7329
2021-10-14,1.3479,1.2362,0.8627,113.59,1.4229,8.4525,8.635,0.9232,0.7308
2021-10-15,1.3484,1.2387,0.8625,114.31,1.4142,8.4231,8.6173,0.9241,0.727
2021-10-18,1.3483,1.2362,0.8614,114.22,1.4122,8.4242,8.6592,0.9232,0.7285
2021-10-19,1.3367,1.2354,0.8597,114.27,1.3961,8.355,8.6234,0.9227,0.7243
2021-10-20,1.3312,1.2328,0.8589,114.24,1.3887,8.3492,8.5928,0.9197,0.7235
2021-10-21,1.3348,1.2339,0.8589,113.75,1.3943,8.3484,8.5922,0.9173,0.724
2021-10-22,1.3399,1.2385,0.8597,113.54,1.4006,8.3701,8.5815,0.9164,0.7277
2021-10-25,1.3344,1.2373,0.8614,113.7,1.3955,8.3491,8.5953,0.9193,0.7261
2021-10-26,1.3339,1.2388,0.8628,114.19,1.3976,8.3608,8.6214,0.9204,0.7261
2021-10-27,1.3307,1.2337,0.8621,113.75,1.3935,8.4064,8.5832,0.9183,0.7279
2021-10-28,1.325,1.2348,0.8558,113.38,1.3873,8.3286,8.5318,0.9123,0.7244
2021-10-29,1.3316,1.2397,0.8657,114.03,1.397,8.4545,8.593,0.9165,0.7307
2021-11-01,1.3273,1.2355,0.8627,114.19,1.3899,8.3931,8.5119,0.9105,0.731
2021-11-02,1.3461,1.242,0.8635,113.78,1.4077,8.5055,8.5707,0.9145,0.7346
2021-11-03,1.3459,1.2416,0.8633,114.06,1.4011,8.5333,8.5583,0.9121,0.7321
2021-11-04,1.351,1.2462,0.8661,113.63,1.4065,8.5596,8.5814,0.9127,0.7411
2021-11-05,1.3499,1.2439,0.8655,113.45,1.4039,8.5605,8.5831,0.9133,0.7412
2021-11-08,1.3461,1.2441,0.8628,113.15,1.3941,8.5073,8.5724,0.9132,0.7373
2021-11-09,1.357,1.2457,0.8629,112.87,1.4039,8.5238,8.5724,0.9118,0.738
2021-11-10,1.3587,1.2447,0.8683,113.89,1.411,8.5984,8.6679,0.9164,0.7424
2021-11-12,1.3657,1.2558,0.8739,113.9,1.4205,8.6867,8.7501,0.9211,0.7456
2021-11-15,1.3585,1.2515,0.8756,113.96,1.4166,8.6947,8.7707,0.9217,0.7438
2021-11-16,1.3682,1.2562,0.8824,114.62,1.43,8.7223,8.8675,0.9298,0.7447
2021-11-17,1.3749,1.2594,0.8832,114.33,1.4284,8.7439,8.8595,0.9286,0.7414
2021-11-18,1.3755,1.2629,0.8804,114.22,1.4223,8.8231,8.8889,0.926,0.7413
2021-11-19,1.378,1.2631,0.8835,113.81,1.4251,8.8702,8.9138,0.9262,0.7422
2021-11-22,1.3822,1.2684,0.8881,114.69,1.4355,8.9068,8.967,0.93,0.7456
2021-11-23,1.3847,1.2712,0.8877,114.98,1.4397,8.9082,9.0307,0.9325,0.7469
2021-11-24,1.3895,1.2657,0.8932,115.34,1.456,8.9658,9.1158,0.9354,0.7501
2021-11-26,1.4037,1.2756,0.8848,113.46,1.4652,9.0849,9.1099,0.9234,0.7506
2021-11-29,1.4047,1.2792,0.888,113.75,1.4728,9.0579,9.1032,0.925,0.7524
2021-11-30,1.4108,1.2812,0.886,113.22,1.4717,9.1119,9.0762,0.9217,0.7546
2021-12-01,1.4021,1.2778,0.8832,112.82,1.4622,9.1119,9.0778,0.9195,0.7514
2021-12-02,1.409,1.2814,0.8845,113.1,1.4674,9.0937,9.0464,0.9205,0.7516
2021-12-03,1.4263,1.2833,0.8843,112.88,1.4808,9.1854,9.1426,0.9185,0.7556
2021-12-06,1.4196,1.2785,0.8864,113.31,1.4819,9.1191,9.0929,0.9256,0.7546
2021-12-07,1.4059,1.2651,0.8891,113.61,1.4756,9.0344,9.1201,0.9264,0.7555
2021-12-08,1.3953,1.2653,0.8826,113.83,1.4691,8.8878,9.0472,0.9217,0.7555
2021-12-09,1.3994,1.2698,0.8861,113.53,1.4743,9.0008,9.0788,0.926,0.7583
2021-12-10,1.3933,1.2706,0.884,113.36,1.471,8.9529,9.0522,0.9205,0.754
2021-12-13,1.4039,1.2795,0.8851,113.42,1.4804,9.052,9.0921,0.9212,0.7557
2021-12-14,1.4079,1.2858,0.8875,113.63,1.4824,9.1138,9.1447,0.9236,0.7561
2021-12-15,1.4035,1.2916,0.888,113.83,1.4848,9.0847,9.1237,0.9258,0.7568
2021-12-16,1.3906,1.2772,0.8843,113.67,1.4684,8.9925,9.0505,0.9215,0.7505
2021-12-17,1.399,1.283,0.8868,113.56,1.4804,9.0072,9.0966,0.9226,0.7536
2021-12-20,1.4051,1.2941,0.8851,113.45,1.4883,9.0488,9.139,0.92,0.7563
2021-12-21,1.4006,1.2927,0.8872,114.11,1.4802,8.96,9.1477,0.9242,0.7545
2021-12-22,1.386,1.2844,0.8831,114.22,1.4669,8.8812,9.0893,0.9201,0.7493
2021-12-23,1.3812,1.2809,0.8834,114.42,1.465,8.8343,9.0923,0.9186,0.7457
2021-12-27,1.3816,1.2797,0.8827,114.85,1.4682,8.8391,9.1011,0.9175,0.7442
2021-12-28,1.3826,1.2814,0.8839,114.75,1.4706,8.8008,9.0503,0.9167,0.7445
2021-12-29,1.381,1.281,0.8821,114.97,1.465,8.795,9.0459,0.9149,0.7421
2021-12-30,1.3774,1.2777,0.8835,115.17,1.4622,8.8076,9.0498,0.9146,0.7407
2022-01-03,1.3899,1.2757,0.8857,115.27,1.4734,8.8747,9.1206,0.9188,0.7424
2022-01-04,1.381,1.2697,0.8853,116.12,1.4689,8.8417,9.0867,0.9154,0.7383
2022-01-05,1.3774,1.27,0.8822,115.91,1.465,8.8014,9.0637,0.9161,0.7368
2022-01-06,1.3951,1.2725,0.8844,115.78,1.4819,8.8842,9.1321,0.9196,0.7386
2022-01-07,1.3916,1.2643,0.8804,115.61,1.4751,8.8403,9.0604,0.9191,0.7362
2022-01-10,1.3947,1.2679,0.8828,115.14,1.4806,8.8697,9.104,0.9252,0.7371
2022-01-11,1.3893,1.2598,0.88,115.38,1.4762,8.7913,9.0515,0.9237,0.7341
2022-01-12,1.3742,1.2501,0.8748,114.74,1.4607,8.6828,8.9525,0.9134,0.73
2022-01-13,1.3701,1.2482,0.8723,114.06,1.4535,8.6782,8.9203,0.9102,0.7287
2022-01-14,1.3847,1.2549,0.8761,113.89,1.4684,8.7529,9.0108,0.9133,0.7315
2022-01-18,1.3912,1.2535,0.8821,114.6,1.4771,8.7982,9.1213,0.9168,0.7359
2022-01-19,1.3839,1.2499,0.8814,114.28,1.4719,8.7655,9.1043,0.9155,0.7339
2022-01-20,1.3763,1.2462,0.8821,114.08,1.4721,8.757,9.121,0.9157,0.733
2022-01-21,1.3891,1.2542,0.8814,113.72,1.4865,8.8856,9.1893,0.912,0.7374
2022-01-24,1.4083,1.2688,0.8842,113.82,1.4995,9.0348,9.3324,0.9146,0.7437
2022-01-25,1.401,1.2637,0.8863,113.88,1.4993,8.9646,9.2868,0.9194,0.741
2022-01-26,1.3953,1.2597,0.8866,114.33,1.4952,8.8822,9.2624,0.9213,0.7399
2022-01-27,1.4196,1.2709,0.8976,115.47,1.5177,8.9573,9.3789,0.9318,0.7471
2022-01-28,1.429,1.2753,0.8961,115.21,1.5256,8.9795,9.4335,0.9298,0.7453
2022-01-31,1.4156,1.2694,0.8919,115.22,1.52,8.9067,9.3341,0.9303,0.7441
2022-02-01,1.4065,1.2688,0.8898,114.77,1.5106,8.9075,9.281,0.9231,0.7405
2022-02-02,1.4035,1.2689,0.885,114.36,1.509,8.8579,9.2823,0.9186,0.7372
2022-02-03,1.4,1.2679,0.8753,114.88,1.5008,8.7388,9.1233,0.9213,0.7352
2022-02-04,1.415,1.2759,0.873,115.22,1.5147,8.7766,9.1382,0.9248,0.7384
2022-02-07,1.4063,1.2685,0.8746,115.09,1.5106,8.7971,9.1433,0.9243,0.7389
2022-02-08,1.4019,1.2709,0.876,115.62,1.5058,8.8224,9.1522,0.9244,0.7379
2022-02-09,1.3922,1.2675,0.8745,115.44,1.4952,8.807,9.0914,0.9233,0.7386
2022-02-10,1.3803,1.2647,0.8705,115.84,1.4861,8.7407,9.1924,0.923,0.7334
2022-02-11,1.3933,1.2678,0.8769,115.91,1.4966,8.8043,9.2583,0.9255,0.7352
2022-02-14,1.4031,1.2732,0.8845,115.72,1.5122,8.8883,9.3785,0.9265,0.7399
2022-02-15,1.3982,1.2742,0.88,115.64,1.5056,8.8919,9.2674,0.9258,0.7386
2022-02-16,1.3922,1.2687,0.8787,115.41,1.4993,8.8719,9.274,0.9219,0.7361
2022-02-17,1.3899,1.2696,0.88,115.03,1.4928,8.9161,9.33,0.9202,0.734
2022-02-18,1.3939,1.2748,0.8828,115.08,1.4939,8.9953,9.3911,0.921,0.7361
2022-02-22,1.3839,1.2736,0.8817,114.94,1.4815,8.882,9.3181,0.9204,0.7355
2022-02-23,1.3803,1.2717,0.8837,115.12,1.4745,8.8769,9.3662,0.9179,0.7377
2022-02-24,1.4019,1.284,0.8965,115.45,1.5031,9.0275,9.5721,0.9266,0.7485
2022-02-25,1.3854,1.274,0.888,115.62,1.4839,8.8556,9.4213,0.9274,0.7459
2022-02-28,1.3772,1.2662,0.8909,115.11,1.4762,8.8141,9.4481,0.9179,0.7452
2022-03-01,1.3797,1.2709,0.9007,114.87,1.4799,8.8827,9.6436,0.9186,0.7509
2022-03-02,1.3732,1.2657,0.9007,115.59,1.4751,8.8748,9.6836,0.9216,0.7482
2022-03-03,1.3671,1.2675,0.9047,115.67,1.4738,8.9216,9.7703,0.9204,0.7504
2022-03-04,1.3583,1.276,0.9164,114.65,1.4601,8.9744,9.8679,0.9183,0.7568
2022-03-07,1.3659,1.2772,0.9208,115.41,1.4652,9.0569,10.0055,0.9267,0.7625
2022-03-08,1.377,1.2893,0.919,115.64,1.4678,8.9813,9.9601,0.9302,0.7633
2022-03-09,1.3656,1.2812,0.9034,115.87,1.4603,8.905,9.6751,0.9264,0.7599
2022-03-10,1.3585,1.2772,0.9085,116.05,1.4565,8.9462,9.6597,0.9294,0.7629
2022-03-11,1.3684,1.2723,0.9143,117.08,1.4667,8.9761,9.7179,0.9326,0.7655
2022-03-14,1.3835,1.2774,0.9108,118,1.4743,9.0047,9.5766,0.9358,0.7666
2022-03-15,1.3897,1.2806,0.9112,118.19,1.4778,9.011,9.616,0.9415,0.7654
2022-03-16,1.3791,1.2742,0.9094,118.48,1.4691,8.9222,9.4655,0.9414,0.7636
2022-03-17,1.3535,1.2637,0.9001,118.45,1.4507,8.7818,9.3951,0.9349,0.7599
2022-03-18,1.351,1.2633,0.9055,119.17,1.4495,8.7541,9.4179,0.9337,0.7594
2022-03-21,1.3479,1.258,0.9051,119.15,1.4486,8.7232,9.4387,0.9303,0.7575
2022-03-22,1.3444,1.2604,0.9073,120.66,1.4399,8.7541,9.4184,0.9325,0.7543
2022-03-23,1.3337,1.2555,0.909,121.02,1.4343,8.7087,9.4539,0.9318,0.7569
2022-03-24,1.3324,1.2532,0.9086,122.08,1.4368,8.6557,9.3974,0.9308,0.7586
2022-03-25,1.3332,1.2512,0.9103,121.98,1.4388,8.633,9.4281,0.9308,0.758
2022-03-28,1.3364,1.255,0.911,123.25,1.4501,8.7247,9.5146,0.9344,0.7639
2022-03-29,1.333,1.2513,0.9006,122.61,1.4443,8.6547,9.2926,0.9303,0.7619
2022-03-30,1.3319,1.2495,0.8958,121.97,1.4333,8.5756,9.2552,0.9233,0.7605
2022-03-31,1.3335,1.2482,0.9015,121.44,1.4397,8.7587,9.3469,0.9211,0.7603
2022-04-01,1.3346,1.2507,0.9056,122.6,1.4468,8.742,9.3575,0.9256,0.7625
2022-04-04,1.3247,1.2491,0.9098,122.7,1.436,8.7101,9.4092,0.9256,0.7624
2022-04-05,1.3161,1.2452,0.9157,123.48,1.4351,8.7343,9.4169,0.9292,0.7633
2022-04-06,1.3259,1.2502,0.9163,123.7,1.4424,8.7337,9.4151,0.9325,0.7644
2022-04-07,1.3383,1.2592,0.9174,123.8,1.4518,8.8132,9.4576,0.9332,0.7657
2022-04-08,1.3403,1.2577,0.9196,124.31,1.4594,8.6926,9.4339,0.9333,0.7673
2022-04-11,1.3477,1.2622,0.9195,125.55,1.465,8.8082,9.4839,0.9308,0.7673
2022-04-12,1.3369,1.2609,0.9215,125.25,1.4533,8.7439,9.4866,0.9302,0.7674
2022-04-13,1.3459,1.2595,0.9196,125.51,1.4738,8.7729,9.4955,0.9335,0.765
2022-04-14,1.3506,1.2628,0.9263,125.92,1.4762,8.8149,9.5322,0.9426,0.7662
2022-04-15,1.3512,1.2613,0.9249,126.31,1.4758,8.8032,9.5685,0.9431,0.7653
2022-04-18,1.36,1.262,0.9272,126.77,1.4872,8.8544,9.5967,0.9441,0.7681
2022-04-19,1.3569,1.2618,0.9269,128.55,1.4868,8.8195,9.5659,0.9482,0.7687
2022-04-20,1.3419,1.249,0.9211,127.76,1.4684,8.8038,9.438,0.9469,0.766
2022-04-21,1.3557,1.2526,0.9226,128.62,1.4841,8.8589,9.4918,0.9533,0.7668
2022-04-22,1.378,1.2716,0.9268,128.78,1.5067,8.94,9.5434,0.9587,0.7783
2022-04-25,1.3992,1.2775,0.9343,127.66,1.5158,9.161,9.7392,0.9585,0.7875
2022-04-26,1.3996,1.2796,0.938,127.37,1.5191,9.2237,9.7993,0.961,0.7926
2022-04-27,1.4037,1.283,0.948,128.44,1.5295,9.3489,9.849,0.9695,0.797
2022-04-28,1.413,1.2831,0.9524,130.94,1.5444,9.4133,9.8478,0.9724,0.8037
2022-04-29,1.4083,1.2802,0.949,129.84,1.5442,9.33,9.8011,0.9723,0.7959
2022-05-02,1.4168,1.2884,0.9505,130.18,1.5545,9.439,9.8905,0.977,0.7985
2022-05-03,1.4086,1.2837,0.9495,130.09,1.5528,9.3895,9.8541,0.9785,0.7994
2022-05-04,1.3996,1.2817,0.9489,129.97,1.5511,9.406,9.8618,0.9829,0.8008
2022-05-05,1.4106,1.2849,0.9517,130.41,1.5613,9.5126,9.9672,0.9874,0.8108
2022-05-06,1.4102,1.289,0.9459,130.35,1.5559,9.4562,9.9201,0.9858,0.8101
2022-05-09,1.4308,1.2962,0.9471,130.37,1.5755,9.6495,10.084,0.9927,0.8107
2022-05-10,1.444,1.303,0.9496,130.21,1.5908,9.7277,10.0699,0.9949,0.8121
2022-05-11,1.4298,1.2943,0.949,130.2,1.5775,9.6884,10.0144,0.9907,0.8119
2022-05-12,1.4594,1.3055,0.9638,128.1,1.6033,9.8885,10.145,1.0004,0.8198
2022-05-13,1.4455,1.2929,0.9606,129.23,1.5972,9.7819,10.0575,1.0014,0.8169
2022-05-16,1.4403,1.2883,0.9597,129.15,1.5913,9.8086,10.0705,1.0028,0.815
2022-05-17,1.4259,1.2839,0.9495,129.31,1.5743,9.6738,9.9248,0.9931,0.8021
2022-05-18,1.429,1.2838,0.9529,128.22,1.579,9.7965,10.003,0.9902,0.8067
2022-05-19,1.417,1.2821,0.9446,127.62,1.5625,9.7008,9.9099,0.9729,0.7997
2022-05-20,1.4221,1.2837,0.9471,127.86,1.5654,9.7548,9.9506,0.9749,0.8005
2022-05-23,1.4086,1.2784,0.9374,127.78,1.5475,9.6085,9.8306,0.9664,0.7955
2022-05-24,1.4122,1.284,0.9308,126.56,1.5521,9.569,9.7688,0.9597,0.7972
2022-05-25,1.4152,1.2837,0.9383,127.31,1.5482,9.6234,9.8867,0.9637,0.7975
2022-05-26,1.4128,1.2788,0.9324,127.23,1.5475,9.5635,9.8743,0.9595,0.7948
2022-05-27,1.3976,1.274,0.9338,127.14,1.5302,9.4887,9.836,0.9575,0.7928
2022-05-31,1.3912,1.2639,0.9319,128.53,1.5337,9.3607,9.7641,0.957,0.7921
2022-06-01,1.3959,1.267,0.9393,130.09,1.5454,9.4859,9.8602,0.9644,0.8018
2022-06-02,1.3791,1.2587,0.9317,129.83,1.5267,9.3911,9.7259,0.9592,0.7964
2022-06-03,1.3872,1.2581,0.9327,130.71,1.5373,9.4488,9.7769,0.9625,0.8003
2022-06-06,1.3875,1.257,0.9347,131.55,1.5387,9.4109,9.7797,0.969,0.7972
2022-06-07,1.3866,1.255,0.9348,132.53,1.5444,9.476,9.7933,0.9731,0.794
2022-06-08,1.3854,1.2524,0.9311,134.06,1.5456,9.4312,9.7809,0.975,0.7964
2022-06-09,1.4045,1.2651,0.9384,134.06,1.5613,9.5537,9.8777,0.9778,0.7993
2022-06-10,1.4176,1.2782,0.9505,134.19,1.5716,9.678,10.017,0.9886,0.811
2022-06-13,1.4397,1.2851,0.9582,134.12,1.5934,9.8897,10.1753,0.9966,0.8217
2022-06-14,1.4524,1.2933,0.9601,134.89,1.6075,9.9975,10.1997,1.0016,0.8326
2022-06-15,1.4397,1.297,0.9626,134.5,1.6023,10.0258,10.2548,1.0021,0.8294
2022-06-16,1.429,1.2925,0.9496,131.65,1.5778,9.9908,10.1781,0.9663,0.8103
2022-06-17,1.4445,1.3054,0.9548,135.14,1.5896,10.0243,10.2012,0.9717,0.8196
2022-06-21,1.4337,1.2927,0.948,136.25,1.576,9.8313,10.0844,0.966,0.8145
2022-06-22,1.4422,1.2932,0.9449,136.05,1.5891,9.8871,10.0774,0.9615,0.8143
2022-06-23,1.4507,1.2979,0.9521,134.72,1.5921,9.9821,10.194,0.9606,0.817
2022-06-24,1.4397,1.2919,0.9489,135.22,1.5825,9.8656,10.1325,0.9569,0.8148
2022-06-27,1.4405,1.287,0.9433,135.26,1.5828,9.7824,10.0603,0.9551,0.8127
2022-06-28,1.4459,1.2882,0.9493,136.19,1.599,9.8266,10.1233,0.9563,0.8197
2022-06-29,1.452,1.2861,0.9545,136.5,1.6067,9.8629,10.1998,0.9541,0.823
2022-06-30,1.4482,1.2871,0.9552,135.69,1.6013,9.8621,10.24,0.955,0.8222
2022-07-01,1.473,1.2915,0.9607,135.09,1.6163,9.9568,10.3358,0.9623,0.83
2022-07-05,1.4762,1.3064,0.9752,135.72,1.6281,10.0896,10.5264,0.969,0.8381
2022-07-06,1.4762,1.3052,0.983,135.66,1.6287,10.1534,10.5621,0.9714,0.8398
2022-07-07,1.4648,1.2988,0.9843,135.99,1.6207,10.088,10.5523,0.9734,0.8338
2022-07-08,1.4582,1.2947,0.9825,136.16,1.6139,10.0902,10.5523,0.9775,0.8308
2022-07-11,1.4815,1.2979,0.9913,137.29,1.6297,10.1621,10.5889,0.9794,0.8398
2022-07-12,1.4767,1.3003,0.9931,136.68,1.6287,10.2064,10.545,0.9812,0.84
2022-07-13,1.4736,1.2956,0.992,137.34,1.6244,10.1726,10.5139,0.9784,0.839
2022-07-14,1.4828,1.31,0.9972,138.94,1.6329,10.2442,10.5677,0.9829,0.8455
2022-07-15,1.4721,1.3041,0.9912,138.57,1.6239,10.1556,10.4818,0.9776,0.8434
2022-07-18,1.4624,1.2919,0.9843,138.23,1.6202,10.0582,10.3474,0.9764,0.8341
2022-07-19,1.4484,1.2887,0.9768,137.94,1.6057,9.9082,10.2143,0.9683,0.8318
2022-07-20,1.4499,1.2875,0.9788,138.16,1.6031,9.9425,10.2195,0.9721,0.8341
2022-07-21,1.4501,1.2885,0.9807,137.94,1.6088,9.974,10.233,0.9693,0.8356
2022-07-22,1.4393,1.2861,0.978,136.12,1.5941,9.913,10.2069,0.9613,0.832
2022-07-25,1.438,1.2845,0.9793,136.72,1.5977,9.8442,10.1975,0.9651,0.8304
2022-07-26,1.4411,1.2891,0.9885,136.62,1.6038,9.9028,10.3258,0.9634,0.8308
2022-07-27,1.4449,1.2881,0.9893,137.31,1.6132,9.8502,10.3441,0.965,0.8315
2022-07-28,1.4345,1.2835,0.984,134.45,1.5931,9.7695,10.247,0.9568,0.8247
2022-07-29,1.4316,1.2801,0.9802,133.25,1.5926,9.6728,10.1871,0.9513,0.8208
2022-08-01,1.4215,1.283,0.9737,131.8,1.5758,9.6119,10.0995,0.9486,0.8145
2022-08-02,1.4384,1.2855,0.981,132.32,1.5921,9.7326,10.2032,0.9543,0.8185
2022-08-03,1.443,1.2869,0.9856,134.18,1.6,9.7273,10.2234,0.963,0.8243
2022-08-04,1.4355,1.2852,0.9784,133.28,1.5881,9.7433,10.1344,0.9565,0.8237
2022-08-05,1.4491,1.2942,0.9833,135.33,1.6028,9.811,10.1988,0.9635,0.8291
2022-08-08,1.4304,1.2854,0.9797,134.73,1.5901,9.7255,10.1527,0.9545,0.8266
2022-08-09,1.4341,1.288,0.9779,134.95,1.5906,9.712,10.1606,0.9525,0.8272
2022-08-10,1.4086,1.2773,0.9674,132.58,1.5559,9.5061,10.0282,0.941,0.8167
2022-08-11,1.4047,1.2744,0.9673,132.66,1.5518,9.4932,10.0363,0.9391,0.8177
2022-08-12,1.4073,1.2783,0.9749,133.57,1.5535,9.574,10.1982,0.943,0.8243
2022-08-15,1.4192,1.2891,0.9817,133.13,1.5669,9.6819,10.3055,0.9449,0.8271
2022-08-16,1.4263,1.2874,0.9829,134.38,1.578,9.6806,10.3475,0.9506,0.8271
2022-08-17,1.4463,1.2932,0.9839,135.4,1.5969,9.7292,10.408,0.9537,0.8313
2022-08-18,1.443,1.2945,0.9887,135.29,1.5954,9.7092,10.4803,0.9546,0.8354
2022-08-19,1.4556,1.2994,0.9961,137.01,1.6189,9.8069,10.5913,0.959,0.8467
2022-08-22,1.4554,1.3038,1.0064,137.57,1.6223,9.8443,10.7208,0.9652,0.8509
2022-08-23,1.4403,1.2945,1.0024,136.36,1.6059,9.7077,10.6062,0.9632,0.8443
2022-08-24,1.4465,1.2969,1.0033,136.92,1.6155,9.6815,10.605,0.9664,0.8473
2022-08-25,1.4366,1.2944,1.0041,136.83,1.609,9.695,10.5966,0.9648,0.8472
2022-08-26,1.4449,1.3006,1.0002,137.07,1.6231,9.7103,10.6126,0.9635,0.849
2022-08-29,1.4474,1.3001,1,138.74,1.6231,9.7474,10.6644,0.9688,0.8534
2022-08-30,1.4545,1.309,0.9982,138.73,1.6289,9.8002,10.6714,0.9746,0.8583
2022-08-31,1.4565,1.3091,0.9935,138.69,1.6297,9.9031,10.6283,0.9748,0.8586
2022-09-01,1.4749,1.316,1.005,139.93,1.6477,10.0534,10.7993,0.9838,0.8665
2022-09-02,1.4609,1.3089,0.997,140.03,1.63,9.9497,10.6995,0.9801,0.8634
2022-09-06,1.4815,1.3122,1.0087,142.95,1.6523,9.9971,10.7938,0.9839,0.8659
2022-09-07,1.4857,1.3166,1.0058,144.39,1.657,10.046,10.7604,0.9808,0.8716
2022-09-08,1.4837,1.3118,1.0044,144.05,1.6537,10.0765,10.7413,0.9726,0.8704
2022-09-09,1.4607,1.3036,0.9954,142.44,1.6356,9.9101,10.6114,0.9604,0.8621
2022-09-12,1.452,1.2976,0.9873,142.41,1.6258,9.9154,10.6147,0.9519,0.8546
2022-09-13,1.4786,1.3123,1.0003,144.3,1.6631,10.0682,10.6477,0.9608,0.8676
2022-09-14,1.481,1.3156,1.0007,142.93,1.6631,10.0884,10.6881,0.9612,0.8648
2022-09-15,1.4908,1.3204,1.0009,143.57,1.6736,10.1573,10.7288,0.9607,0.8717
2022-09-16,1.4919,1.3273,0.9987,143.04,1.6728,10.2143,10.767,0.9647,0.8757
2022-09-19,1.4939,1.3287,0.9997,143.34,1.6846,10.2649,10.8157,0.9663,0.877
2022-09-20,1.4916,1.3339,1.0006,143.64,1.6923,10.3107,10.867,0.9628,0.8768
2022-09-21,1.5013,1.3397,1.0121,144.14,1.6995,10.3149,11.0232,0.9652,0.8826
2022-09-22,1.5069,1.3499,1.0162,142.16,1.7112,10.4058,11.0671,0.9806,0.8874
2022-09-23,1.5284,1.3581,1.0289,143.18,1.7352,10.5963,11.2589,0.9816,0.9157
2022-09-26,1.5466,1.3745,1.0392,144.45,1.7649,10.7863,11.3341,0.9924,0.9343
2022-09-27,1.5516,1.3738,1.0399,144.71,1.7702,10.7801,11.342,0.9896,0.93
2022-09-28,1.5356,1.3648,1.033,144.15,1.7535,10.7339,11.2409,0.9756,0.9232
2022-09-29,1.5408,1.37,1.0231,144.45,1.7522,10.7241,11.1862,0.9798,0.9051
2022-09-30,1.5535,1.3752,1.0222,144.71,1.7724,10.8719,11.125,0.9845,0.8981
2022-10-03,1.5382,1.3651,1.0195,144.5,1.7516,10.7097,11.0297,0.9929,0.8872
2022-10-04,1.5401,1.3551,1.0023,144.32,1.7422,10.4798,10.8576,0.9806,0.8737
2022-10-05,1.5466,1.3662,1.0136,144.73,1.7532,10.5955,10.989,0.9838,0.8869
2022-10-06,1.5598,1.3732,1.0198,144.94,1.7671,10.6927,11.1095,0.9899,0.8982
2022-10-07,1.5642,1.3692,1.022,145.19,1.7768,10.6709,11.1736,0.9914,0.8996
2022-10-11,1.58,1.3737,1.0249,145.55,1.7724,10.6559,11.2669,0.994,0.8954
2022-10-12,1.5941,1.3797,1.0318,146.87,1.7835,10.7769,11.345,0.998,0.9012
2022-10-13,1.5911,1.3744,1.0225,147.15,1.779,10.587,11.2468,0.9987,0.8815
2022-10-14,1.608,1.3873,1.0268,148.46,1.796,10.6639,11.3133,1.0049,0.8922
2022-10-17,1.585,1.3723,1.016,148.71,1.7712,10.5137,11.1437,0.9953,0.8751
2022-10-18,1.5921,1.379,1.0161,149.23,1.7658,10.5869,11.1197,0.9962,0.8844
2022-10-19,1.5946,1.3783,1.0225,149.77,1.7643,10.6174,11.2058,1.0039,0.8903
2022-10-20,1.5783,1.3715,1.018,149.82,1.7476,10.5816,11.2037,1.0003,0.8859
2022-10-21,1.5704,1.3673,1.0147,146.35,1.7379,10.5309,11.2125,0.9981,0.8856
2022-10-24,1.5848,1.3704,1.0128,148.76,1.7572,10.5174,11.1832,1.0007,0.8853
2022-10-25,1.5637,1.3616,1.0041,147.85,1.7355,10.3861,10.9841,0.9961,0.8719
2022-10-26,1.5387,1.3551,0.9932,146.5,1.7141,10.2547,10.8661,0.9865,0.861
2022-10-27,1.5439,1.3532,1.0015,146.02,1.7109,10.2455,10.935,0.9899,0.864
2022-10-28,1.5635,1.3622,1.0066,147.68,1.7265,10.3638,10.9896,0.9968,0.8641
2022-10-31,1.564,1.3639,1.0116,148.63,1.7212,10.3954,11.0462,1.0006,0.8684
2022-11-01,1.5645,1.3639,1.0131,148.11,1.7117,10.352,11.0258,0.9995,0.8726
2022-11-02,1.5596,1.3628,1.0127,147.11,1.7056,10.3689,11.0299,0.9988,0.8721
2022-11-03,1.5888,1.3729,1.0247,148.18,1.7304,10.5676,11.1845,1.0131,0.8942
2022-11-04,1.554,1.3528,1.0106,147.22,1.6978,10.569,11.1854,0.9981,0.8866
2022-11-07,1.5473,1.3497,1.0003,146.64,1.6892,10.2514,10.8605,0.9906,0.8724
2022-11-08,1.5279,1.3389,0.9912,145.38,1.6678,10.1836,10.7162,0.9842,0.8624
2022-11-09,1.5509,1.3453,0.9963,146.15,1.6952,10.3337,10.8391,0.9836,0.8775
2022-11-10,1.5175,1.3362,0.9827,141.78,1.6639,10.1068,10.6242,0.9672,0.8564
2022-11-14,1.4937,1.3295,0.9674,140.43,1.6402,10.0236,10.4862,0.9427,0.8527
2022-11-15,1.4751,1.328,0.9641,139.36,1.6197,9.961,10.4312,0.9444,0.841
2022-11-16,1.4852,1.3343,0.962,139.59,1.6273,10.0128,10.4763,0.9445,0.8411
2022-11-17,1.5002,1.3343,0.967,140.45,1.6393,10.1545,10.6457,0.954,0.8466
2022-11-18,1.4968,1.3379,0.9663,140.03,1.6234,10.1819,10.6108,0.9522,0.8402
2022-11-21,1.5175,1.3483,0.9768,141.95,1.6412,10.2953,10.7235,0.9586,0.8485
2022-11-22,1.5072,1.3401,0.9731,141.29,1.6287,10.1456,10.6718,0.9531,0.8418
2022-11-23,1.491,1.3416,0.9649,139.76,1.6075,9.9869,10.4909,0.9432,0.8306
2022-11-25,1.4815,1.337,0.9614,139.21,1.6015,9.8763,10.4153,0.9459,0.8263
2022-11-28,1.4939,1.3433,0.9628,138.67,1.6119,9.9726,10.4898,0.9463,0.8305
2022-11-29,1.4945,1.3636,0.9656,138.28,1.6129,9.9946,10.5554,0.9506,0.8336
2022-11-30,1.4888,1.3538,0.9687,139.31,1.6041,9.94,10.6181,0.9486,0.836
2022-12-01,1.4697,1.3427,0.9526,135.55,1.5694,9.7514,10.3419,0.9377,0.8162
2022-12-02,1.4704,1.3448,0.9505,134.89,1.563,9.7779,10.3455,0.9369,0.8135
2022-12-05,1.4896,1.3571,0.9529,136.55,1.5855,9.9423,10.4059,0.9421,0.8218
2022-12-06,1.493,1.3652,0.9527,136.67,1.5805,10.0062,10.3983,0.9406,0.8195
2022-12-07,1.4877,1.364,0.9519,136.57,1.5708,10.0186,10.3778,0.9401,0.8201
2022-12-08,1.4773,1.3574,0.9477,136.45,1.5684,9.964,10.3435,0.9358,0.8173
2022-12-09,1.4686,1.3604,0.9479,136.4,1.5567,9.9582,10.2983,0.932,0.8123
2022-12-12,1.4835,1.3654,0.9483,137.47,1.5681,9.9872,10.3183,0.9356,0.814
2022-12-13,1.4558,1.353,0.9407,135.14,1.5434,9.7838,10.2125,0.9268,0.8081
2022-12-14,1.4575,1.3567,0.9385,134.95,1.5504,9.7505,10.1923,0.9238,0.8059
2022-12-15,1.4925,1.3649,0.94,137.92,1.5768,9.8512,10.3208,0.9288,0.8193
2022-12-16,1.4945,1.369,0.9425,136.55,1.5699,9.9024,10.3885,0.9324,0.8218
2022-12-19,1.4901,1.3638,0.9413,136.87,1.5694,9.8886,10.3728,0.9303,0.821
2022-12-20,1.5004,1.3618,0.9403,131.08,1.5793,9.8938,10.4182,0.9259,0.8233
2022-12-21,1.4934,1.3622,0.9435,132.36,1.5908,9.8586,10.4287,0.9277,0.8284
2022-12-22,1.499,1.3653,0.9445,132.34,1.5992,9.8761,10.4728,0.931,0.8311
2022-12-23,1.4903,1.3587,0.9415,132.78,1.5891,9.868,10.5236,0.9335,0.8296
2022-12-27,1.4832,1.3504,0.9386,133.43,1.5913,9.8122,10.4486,0.9285,0.8311
2022-12-28,1.481,1.3588,0.9414,134.27,1.5853,9.8807,10.4638,0.9275,0.831
2022-12-29,1.4751,1.3546,0.9374,133.16,1.5746,9.8712,10.4492,0.9233,0.8292
2022-12-30,1.4695,1.3532,0.9348,131.81,1.5768,9.839,10.4167,0.9241,0.828
2023-01-03,1.4859,1.3664,0.9471,130.83,1.6008,10.0668,10.5603,0.9368,0.8354
2023-01-04,1.4577,1.3492,0.9416,132,1.5838,10.0659,10.489,0.9271,0.829
2023-01-05,1.4828,1.3579,0.9504,133.57,1.6067,10.2574,10.6977,0.9364,0.8402
2023-01-06,1.4569,1.3452,0.9417,132.21,1.5788,10.0217,10.5487,0.9293,0.8289
2023-01-09,1.4393,1.3372,0.9295,131.58,1.5623,9.8601,10.3592,0.918,0.8193
2023-01-10,1.4529,1.3433,0.9314,132.25,1.5718,9.9894,10.435,0.9225,0.8227
2023-01-11,1.4495,1.3422,0.9311,132.58,1.5755,9.9994,10.4843,0.9299,0.8247
2023-01-12,1.4397,1.338,0.924,129.75,1.5681,9.9245,10.4508,0.9288,0.8209
2023-01-13,1.4388,1.3413,0.925,127.85,1.5721,9.888,10.4099,0.9284,0.8201
2023-01-17,1.4314,1.338,0.9265,128.18,1.5564,9.8694,10.4035,0.9215,0.8154
2023-01-18,1.431,1.3436,0.9236,128.45,1.548,9.8742,10.2991,0.914,0.8085
2023-01-19,1.452,1.3494,0.9251,128.48,1.5686,9.9258,10.3498,0.9162,0.8087
2023-01-20,1.4382,1.3416,0.9233,129.97,1.5487,9.8917,10.3071,0.9221,0.8081
2023-01-23,1.4237,1.3384,0.9204,130.69,1.5439,9.8168,10.2387,0.9231,0.8084
2023-01-24,1.4201,1.3369,0.9197,130.07,1.5382,9.8681,10.2091,0.923,0.8115
2023-01-25,1.4118,1.3413,0.9173,129.64,1.5473,9.9217,10.2404,0.9199,0.8081
2023-01-26,1.4096,1.3348,0.9203,130.4,1.5454,9.9005,10.3014,0.921,0.8084
2023-01-27,1.4081,1.3314,0.9211,129.94,1.5425,9.8923,10.3183,0.9218,0.8078
2023-01-30,1.4132,1.335,0.9202,130.34,1.5418,9.9522,10.3816,0.9231,0.8082
2023-01-31,1.4184,1.3333,0.921,130.17,1.5466,10.0039,10.4656,0.9186,0.8114
2023-02-01,1.415,1.3335,0.916,129.27,1.554,9.9956,10.4293,0.9147,0.8125
2023-02-02,1.4116,1.3317,0.9159,128.45,1.5401,10.0231,10.356,0.912,0.8157
2023-02-03,1.4397,1.3395,0.9238,131.07,1.5763,10.1818,10.5166,0.925,0.8283
2023-02-06,1.4558,1.3442,0.9327,132.76,1.5913,10.3508,10.651,0.9278,0.8327
2023-02-07,1.444,1.344,0.9341,131.37,1.586,10.3744,10.6079,0.9239,0.8324
2023-02-08,1.4407,1.343,0.9316,131.27,1.5843,10.3014,10.582,0.9198,0.8269
2023-02-09,1.436,1.3428,0.9293,130.98,1.5743,10.1455,10.3218,0.9192,0.8226
2023-02-10,1.4453,1.3363,0.9372,131.5,1.5853,10.1617,10.4607,0.9246,0.8291
2023-02-13,1.436,1.3348,0.933,132.71,1.5726,10.1128,10.3819,0.9207,0.824
2023-02-14,1.4364,1.3367,0.9327,133.05,1.5813,10.1604,10.3782,0.9224,0.8226
2023-02-15,1.4507,1.3401,0.9361,134.22,1.5934,10.2173,10.4304,0.9238,0.8312
2023-02-16,1.4516,1.3451,0.936,133.95,1.5957,10.237,10.4306,0.9245,0.8321
2023-02-17,1.4567,1.3487,0.9365,134.21,1.6038,10.3026,10.4656,0.9266,0.8325
2023-02-21,1.4567,1.3515,0.9384,134.87,1.6093,10.2848,10.3432,0.9267,0.8257
2023-02-22,1.4665,1.354,0.9414,134.77,1.6041,10.3284,10.4026,0.9297,0.8289
2023-02-23,1.4734,1.3567,0.9449,134.8,1.6108,10.3364,10.4476,0.9343,0.8322
2023-02-24,1.4848,1.3618,0.9483,136.36,1.6218,10.3858,10.4833,0.94,0.837
2023-02-27,1.4859,1.3574,0.9438,136.18,1.6223,10.3538,10.4118,0.9375,0.8308
2023-02-28,1.4828,1.3616,0.9432,136.09,1.6145,10.3419,10.4346,0.9376,0.8269
2023-03-01,1.4775,1.3597,0.9369,135.82,1.5969,10.3818,10.4252,0.9387,0.831
2023-03-02,1.4881,1.3616,0.9438,136.84,1.6103,10.4507,10.5063,0.942,0.8374
2023-03-03,1.4795,1.3609,0.942,136.09,1.6103,10.4191,10.4853,0.9381,0.8336
2023-03-06,1.4841,1.3606,0.9351,135.93,1.6147,10.4113,10.4395,0.9308,0.83
2023-03-07,1.5152,1.3736,0.9458,136.9,1.6321,10.6695,10.6996,0.9413,0.8434
2023-03-08,1.5147,1.3784,0.948,137.18,1.6364,10.6576,10.7088,0.9395,0.8448
2023-03-09,1.5126,1.3777,0.9454,136.41,1.6313,10.6338,10.7029,0.9363,0.8388
2023-03-10,1.5129,1.3804,0.9382,135.05,1.6268,10.6051,10.6653,0.9213,0.8304
2023-03-13,1.4957,1.3687,0.9317,133.13,1.6026,10.5307,10.5824,0.9118,0.8224
2023-03-14,1.5011,1.3676,0.9327,134.33,1.6067,10.547,10.4788,0.9137,0.8233
2023-03-15,1.5126,1.3799,0.9492,132.81,1.6176,10.8182,10.6355,0.9243,0.8311
2023-03-16,1.5033,1.3761,0.9414,133.01,1.6202,10.7916,10.5073,0.9299,0.8257
2023-03-17,1.4963,1.3753,0.9392,132.01,1.6003,10.7036,10.4966,0.9284,0.8237
2023-03-20,1.4901,1.3686,0.9327,131.59,1.601,10.6669,10.3763,0.9267,0.8159
2023-03-21,1.5033,1.3732,0.9286,132.27,1.6205,10.5567,10.3469,0.9238,0.82
2023-03-22,1.4957,1.3722,0.9266,132.67,1.6075,10.4847,10.3496,0.9237,0.8175
2023-03-23,1.4883,1.3658,0.9183,130.99,1.5913,10.288,10.2578,0.9145,0.8116
2023-03-24,1.5053,1.3763,0.9292,130.64,1.6111,10.4917,10.431,0.9181,0.818
2023-03-27,1.5056,1.3686,0.9269,131.49,1.6158,10.4944,10.392,0.9163,0.8145
2023-03-28,1.4905,1.3615,0.9222,130.97,1.6,10.3539,10.3416,0.9198,0.8103
2023-03-29,1.497,1.3575,0.9237,132.69,1.6072,10.4332,10.4126,0.9195,0.8121
2023-03-30,1.4923,1.3536,0.9175,132.71,1.5995,10.4087,10.3678,0.914,0.8085
2023-03-31,1.4916,1.3525,0.9198,132.75,1.5946,10.4445,10.3463,0.9129,0.8085
2023-04-03,1.4741,1.3435,0.9182,132.35,1.5901,10.3012,10.3808,0.913,0.8063
2023-04-04,1.4832,1.3454,0.9132,131.6,1.5863,10.3104,10.2847,0.9071,0.8001
2023-04-05,1.4863,1.3453,0.9159,131.11,1.5798,10.4222,10.3858,0.905,0.802
2023-04-06,1.4984,1.3472,0.9152,131.67,1.5995,10.4344,10.4192,0.904,0.8028
2023-04-07,1.4997,1.3513,0.9163,132.11,1.601,10.4344,10.4205,0.9049,0.805
2023-04-10,1.5094,1.3534,0.9225,133.75,1.6124,10.5491,10.5569,0.9112,0.8092
2023-04-11,1.504,1.348,0.9169,133.63,1.6145,10.579,10.4657,0.904,0.8059
2023-04-12,1.4952,1.345,0.9102,133.25,1.6095,10.4484,10.3359,0.8968,0.8019
2023-04-13,1.4751,1.3344,0.9046,132.37,1.5855,10.3057,10.2609,0.8874,0.798
2023-04-14,1.4921,1.3379,0.9107,133.74,1.6108,10.3961,10.3348,0.8955,0.8053
2023-04-17,1.4943,1.3403,0.9162,134.51,1.6197,10.4878,10.3748,0.8994,0.8091
2023-04-18,1.4883,1.3391,0.9126,134.11,1.6119,10.48,10.3199,0.898,0.8052
2023-04-19,1.4888,1.3454,0.913,134.79,1.6113,10.5786,10.3426,0.8984,0.8037
2023-04-20,1.4806,1.3459,0.9116,134.1,1.6152,10.5899,10.3105,0.8944,0.8033
2023-04-21,1.4945,1.3534,0.9113,134.28,1.6292,10.5971,10.311,0.8926,0.8052
2023-04-24,1.4968,1.3543,0.9069,134.41,1.6281,10.567,10.2751,0.8887,0.8028
2023-04-25,1.5088,1.3627,0.9117,133.96,1.6276,10.6872,10.3186,0.8925,0.8066
2023-04-26,1.5115,1.3601,0.9048,133.72,1.63,10.6203,10.3153,0.8901,0.8009
2023-04-27,1.5119,1.3611,0.9077,134.04,1.6305,10.6486,10.3082,0.8957,0.8019
2023-04-28,1.5113,1.3552,0.9058,135.99,1.6163,10.644,10.246,0.8911,0.7948
2023-05-01,1.5069,1.3541,0.9116,137.35,1.6205,10.7417,10.3295,0.8961,0.8003
2023-05-02,1.4993,1.3627,0.9093,136.46,1.6108,10.8043,10.3093,0.8931,0.8016
2023-05-03,1.4981,1.361,0.9051,135.31,1.6031,10.7685,10.2467,0.8871,0.797
2023-05-04,1.4979,1.357,0.9083,133.76,1.5918,10.7243,10.2605,0.8861,0.7949
2023-05-05,1.4821,1.3419,0.9069,134.85,1.5876,10.5724,10.1593,0.8913,0.7905
2023-05-08,1.4723,1.3356,0.9074,134.83,1.5748,10.4843,10.141,0.8894,0.7916
2023-05-09,1.481,1.3399,0.913,135.15,1.582,10.5854,10.1975,0.8916,0.7925
2023-05-10,1.4784,1.3374,0.9119,134.52,1.5738,10.5075,10.2321,0.8911,0.7928
2023-05-11,1.4939,1.3487,0.9161,134.46,1.5883,10.6612,10.3364,0.8953,0.7999
2023-05-12,1.504,1.354,0.9211,135.63,1.6147,10.6915,10.3826,0.8971,0.8023
2023-05-15,1.493,1.3482,0.9196,136.07,1.6062,10.6089,10.3516,0.8949,0.7983
2023-05-16,1.5008,1.3456,0.9203,136.62,1.6033,10.7171,10.4113,0.8965,0.8004
2023-05-17,1.5035,1.3483,0.9234,137.51,1.6,10.8018,10.4576,0.8992,0.8016
2023-05-18,1.511,1.3502,0.928,138.5,1.608,10.919,10.5732,0.9046,0.8049
2023-05-19,1.5013,1.3508,0.9243,137.67,1.5903,10.8464,10.5107,0.8989,0.8023
2023-05-22,1.5051,1.3508,0.9254,138.65,1.5936,10.9064,10.5608,0.8991,0.8048
2023-05-23,1.5101,1.3485,0.9284,138.74,1.5974,10.9384,10.631,0.9014,0.805
2023-05-24,1.5288,1.3589,0.9295,139.14,1.6372,10.9635,10.7186,0.9058,0.8085
2023-05-25,1.537,1.3636,0.9324,139.81,1.6526,11.0608,10.8258,0.906,0.8114
2023-05-26,1.5359,1.3625,0.9334,140.53,1.654,11.0959,10.8107,0.906,0.8102
2023-05-30,1.5354,1.3593,0.9327,139.83,1.6543,11.1973,10.8767,0.9048,0.8063
2023-05-31,1.5449,1.3588,0.9386,139.78,1.6681,11.1685,10.8921,0.9129,0.8067
2023-06-01,1.5205,1.3441,0.9301,138.74,1.6458,11.0618,10.8182,0.9077,0.7977
2023-06-02,1.5115,1.3438,0.9325,139.76,1.6469,11.0275,10.7896,0.9075,0.8021
2023-06-05,1.5092,1.3419,0.9327,139.64,1.6437,11.0243,10.8502,0.9058,0.8039
2023-06-06,1.4984,1.3403,0.935,139.67,1.6447,11.0775,10.903,0.9076,0.8053
2023-06-07,1.5013,1.3363,0.9344,139.98,1.6532,11.0376,10.889,0.9089,0.8031
2023-06-08,1.491,1.338,0.9276,138.83,1.641,10.9167,10.8084,0.9003,0.797
2023-06-09,1.4837,1.3342,0.9303,139.35,1.6321,10.7597,10.8247,0.9026,0.795
2023-06-12,1.4821,1.3377,0.9305,139.72,1.6348,10.8118,10.8244,0.9099,0.8007
2023-06-13,1.4758,1.3298,0.9266,140,1.6265,10.6509,10.7179,0.9053,0.793
2023-06-14,1.4637,1.3283,0.9209,139.33,1.6038,10.5558,10.6586,0.8972,0.7876
2023-06-15,1.4554,1.3237,0.9147,140.49,1.6057,10.5061,10.6026,0.8927,0.7836
2023-06-16,1.4567,1.3194,0.9153,141.82,1.6072,10.5722,10.6508,0.8943,0.7803
2023-06-20,1.4771,1.3246,0.9174,141.46,1.6258,10.7727,10.8246,0.8993,0.7854
2023-06-21,1.4747,1.3179,0.9132,142.09,1.6158,10.6964,10.6927,0.895,0.7851
2023-06-22,1.4808,1.3164,0.913,142.89,1.616,10.6341,10.6975,0.8967,0.7843
2023-06-23,1.4954,1.3196,0.9185,143.78,1.6263,10.8652,10.7429,0.8979,0.7873
2023-06-26,1.4963,1.3145,0.9166,143.55,1.6207,10.7118,10.7107,0.8946,0.7859
2023-06-27,1.4963,1.3175,0.9123,144,1.6213,10.7558,10.7064,0.8941,0.7842
2023-06-28,1.5106,1.3249,0.9171,144.23,1.6423,10.7822,10.8036,0.8975,0.7913
2023-06-29,1.5076,1.3246,0.919,144.72,1.6461,10.7935,10.8524,0.8984,0.7926
2023-06-30,1.5008,1.3232,0.9158,144.47,1.6305,10.7108,10.7822,0.8947,0.7868
2023-07-03,1.4975,1.3243,0.9158,144.5,1.6247,10.6827,10.825,0.8956,0.7877
2023-07-05,1.5008,1.3271,0.9201,144.56,1.6168,10.6615,10.892,0.898,0.7868
2023-07-06,1.5108,1.3353,0.9197,144.09,1.6255,10.7681,10.9585,0.8965,0.7861
2023-07-07,1.4957,1.3284,0.9121,142.21,1.6103,10.6093,10.8287,0.8887,0.7789
2023-07-10,1.4995,1.3281,0.9098,141.56,1.6108,10.511,10.7937,0.8869,0.779
2023-07-11,1.5006,1.3249,0.9098,140.51,1.6179,10.3717,10.6731,0.8805,0.7751
2023-07-12,1.4745,1.3179,0.899,138.21,1.5888,10.1108,10.4025,0.8676,0.7696
2023-07-13,1.455,1.3126,0.8933,138.14,1.5691,9.9999,10.215,0.8595,0.7635
2023-07-14,1.4613,1.3204,0.8899,138.74,1.5684,10.0119,10.2318,0.8616,0.7626
2023-07-17,1.4661,1.3173,0.89,138.92,1.5785,10.0259,10.2514,0.8602,0.7646
2023-07-18,1.4669,1.3175,0.891,138.94,1.5893,10.0563,10.2177,0.8582,0.766
2023-07-19,1.4786,1.3158,0.8933,139.76,1.6015,10.0533,10.2759,0.8598,0.7753
2023-07-20,1.4754,1.3182,0.8981,140.39,1.6067,10.0898,10.3482,0.8671,0.7783
2023-07-21,1.4843,1.3217,0.8993,141.75,1.6186,10.0851,10.3944,0.8658,0.778
2023-07-24,1.4815,1.3154,0.9023,141.19,1.61,10.0565,10.408,0.8664,0.7795
2023-07-25,1.4725,1.3179,0.905,140.91,1.6067,10.0693,10.3819,0.8644,0.7766
2023-07-26,1.4802,1.3218,0.9027,140.41,1.6103,10.1221,10.4327,0.8625,0.7734
2023-07-27,1.4837,1.3194,0.9093,141.03,1.6106,10.1242,10.46,0.8686,0.777
2023-07-28,1.4993,1.3225,0.9059,140.72,1.6215,10.1558,10.5148,0.8687,0.777
2023-07-31,1.4859,1.316,0.9074,142.18,1.6077,10.1113,10.4989,0.8688,0.7778
2023-08-01,1.5126,1.3289,0.9115,143.34,1.6281,10.2211,10.6153,0.8763,0.7843
2023-08-02,1.5286,1.3334,0.9142,143.21,1.6437,10.2818,10.7352,0.8779,0.7867
2023-08-03,1.5258,1.334,0.9135,142.42,1.6428,10.2361,10.7068,0.8742,0.7868
2023-08-04,1.514,1.3337,0.9061,141.79,1.6321,10.1015,10.5536,0.8713,0.7828
2023-08-07,1.5235,1.3372,0.9091,142.45,1.6402,10.1629,10.5972,0.8742,0.7831
2023-08-08,1.5352,1.3454,0.9132,143.17,1.6537,10.296,10.726,0.8757,0.7856
2023-08-09,1.5326,1.3442,0.9112,143.58,1.6534,10.2226,10.6964,0.877,0.7865
2023-08-10,1.5251,1.3401,0.9078,144.4,1.6496,10.2289,10.6357,0.8736,0.7858
2023-08-11,1.5401,1.3437,0.9127,144.94,1.6714,10.4298,10.8329,0.8765,0.7878
2023-08-14,1.5394,1.3451,0.9156,145.3,1.6708,10.457,10.8015,0.8775,0.788
2023-08-15,1.5423,1.3472,0.9151,145.4,1.6731,10.4955,10.8374,0.8769,0.7846
2023-08-16,1.5528,1.3516,0.9171,145.81,1.6807,10.5607,10.88,0.8786,0.7844
2023-08-17,1.5584,1.3522,0.9196,146.16,1.6852,10.5694,10.9085,0.8792,0.7841
2023-08-18,1.5593,1.3557,0.9195,145.15,1.6829,10.6326,10.9613,0.8817,0.7851
2023-08-21,1.5642,1.3563,0.9184,146.26,1.6935,10.6276,10.9704,0.8799,0.7851
2023-08-22,1.5564,1.3547,0.922,145.79,1.6812,10.6328,10.9436,0.88,0.7854
2023-08-23,1.5458,1.3542,0.9206,144.62,1.6739,10.6071,10.9212,0.8785,0.7865
2023-08-24,1.5562,1.3562,0.9237,145.75,1.6878,10.6876,10.9934,0.8825,0.7915
2023-08-25,1.5623,1.3626,0.927,146.38,1.6949,10.719,11.0669,0.886,0.7955
2023-08-28,1.5562,1.3596,0.9251,146.4,1.6915,10.7201,10.9983,0.8832,0.7942
2023-08-29,1.5482,1.3589,0.9216,146.01,1.681,10.6469,10.9186,0.8798,0.7928
2023-08-30,1.5396,1.3515,0.9152,145.94,1.6711,10.5662,10.8163,0.8772,0.7858
2023-08-31,1.5461,1.3539,0.9226,145.68,1.6812,10.666,10.9523,0.8837,0.7895
2023-09-01,1.5506,1.3582,0.927,146.2,1.6835,10.6784,11.0474,0.8857,0.794
2023-09-05,1.5669,1.3607,0.9322,147.63,1.6998,10.7061,11.0926,0.8888,0.7947
2023-09-06,1.5669,1.3655,0.9334,147.65,1.7021,10.7354,11.1252,0.8924,0.8001
2023-09-07,1.5674,1.3678,0.9342,147.13,1.6995,10.7123,11.13,0.8927,0.801
2023-09-08,1.5659,1.3621,0.9338,147.7,1.6955,10.6729,11.1088,0.8927,0.8015
2023-09-11,1.554,1.3581,0.9308,146.46,1.6889,10.6516,11.0717,0.891,0.7981
2023-09-12,1.5569,1.3553,0.9323,147.12,1.6935,10.6874,11.1053,0.8913,0.8015
2023-09-13,1.5564,1.3533,0.9314,147.45,1.6898,10.7017,11.1188,0.8925,0.8008
2023-09-14,1.5516,1.3513,0.9381,147.17,1.69,10.7305,11.1695,0.8949,0.8058
2023-09-15,1.5523,1.3504,0.9369,147.83,1.6923,10.756,11.1561,0.896,0.807
2023-09-18,1.5523,1.3482,0.935,147.63,1.6892,10.7833,11.1553,0.8964,0.8063
2023-09-19,1.5485,1.3431,0.936,147.8,1.6858,10.7549,11.1497,0.8979,0.8069
2023-09-20,1.5387,1.3424,0.9333,147.74,1.6731,10.7093,11.0621,0.8953,0.8072
2023-09-21,1.5571,1.3484,0.9377,147.42,1.6852,10.7736,11.1692,0.9033,0.8131
2023-09-22,1.5497,1.3467,0.9381,148.24,1.6736,10.7284,11.1132,0.9064,0.8159
2023-09-25,1.5576,1.3473,0.9442,148.74,1.6762,10.7926,11.0506,0.912,0.8185
2023-09-26,1.5613,1.3509,0.9458,148.9,1.6795,10.814,11.0262,0.9144,0.8218
2023-09-27,1.5704,1.3512,0.9515,149.48,1.6872,10.7406,11.0391,0.9198,0.8242
2023-09-28,1.5559,1.3474,0.9454,149.18,1.6742,10.706,10.9116,0.915,0.8181
2023-09-29,1.5501,1.3535,0.9448,149.43,1.6631,10.6589,10.8936,0.9141,0.8187
2023-10-02,1.5686,1.3666,0.9524,149.8,1.6787,10.8247,11.0225,0.9176,0.8244
2023-10-03,1.5891,1.372,0.9567,149.16,1.6964,11.013,11.1291,0.9226,0.8286
2023-10-04,1.578,1.3739,0.9508,148.83,1.6886,10.9887,11.0579,0.916,0.8226
2023-10-05,1.5748,1.3736,0.9499,148.49,1.6812,11.0008,11.0267,0.9141,0.8216
2023-10-06,1.564,1.3657,0.9438,149.08,1.6678,10.9135,10.9401,0.9082,0.816
2023-10-10,1.5552,1.3579,0.9418,148.62,1.6545,10.7965,10.8589,0.9039,0.8138
2023-10-11,1.5608,1.3617,0.9416,149.17,1.6603,10.8563,10.8987,0.9025,0.8127
2023-10-12,1.5788,1.3656,0.9476,149.71,1.6824,10.9499,10.9661,0.9064,0.8187
2023-10-13,1.5898,1.365,0.9522,149.62,1.6969,10.9556,11.0284,0.9018,0.8238
2023-10-16,1.5775,1.3615,0.9482,149.57,1.688,10.9527,10.9307,0.9007,0.8198
2023-10-17,1.5681,1.3622,0.944,149.71,1.6929,10.943,10.8881,0.8995,0.8193
2023-10-18,1.5783,1.3696,0.9495,149.86,1.7068,11.0617,11.0308,0.8985,0.823
2023-10-19,1.581,1.3716,0.9461,149.92,1.7126,11.0333,10.9694,0.8956,0.8234
2023-10-20,1.5825,1.3692,0.9441,149.85,1.7153,11.0433,10.9656,0.8918,0.8228
2023-10-23,1.578,1.3676,0.9393,149.78,1.7114,11.0782,10.9841,0.8919,0.8173
2023-10-24,1.5751,1.3744,0.9438,149.84,1.7138,11.1759,11.1072,0.8935,0.8217
2023-10-25,1.5788,1.3772,0.9449,149.94,1.7167,11.1728,11.1065,0.8951,0.8237
2023-10-26,1.5843,1.383,0.9495,150.44,1.7194,11.2309,11.1884,0.8995,0.8256
2023-10-27,1.5743,1.3866,0.9441,149.6,1.717,11.1627,11.1296,0.9021,0.823
2023-10-30,1.5689,1.3829,0.9416,149.01,1.7132,11.145,11.1386,0.9017,0.8226
2023-10-31,1.5793,1.3878,0.9463,151.46,1.7194,11.1726,11.1759,0.91,0.8241
2023-11-01,1.5716,1.3879,0.9489,150.96,1.7153,11.2275,11.224,0.9103,0.8246
2023-11-02,1.5571,1.3788,0.9418,150.48,1.6992,11.176,11.1318,0.9061,0.8214
2023-11-03,1.5368,1.3671,0.9317,149.36,1.6694,11.0499,10.9064,0.8984,0.8081
2023-11-06,1.5378,1.3662,0.9305,149.77,1.6722,11.0212,10.8827,0.8969,0.807
2023-11-07,1.5567,1.3769,0.9357,150.47,1.6858,11.2065,10.9362,0.9005,0.8133
2023-11-08,1.5574,1.3798,0.9333,150.77,1.6866,11.1761,10.8782,0.898,0.8129
2023-11-09,1.5576,1.3766,0.9337,151.04,1.6815,11.1403,10.8488,0.8996,0.8144
2023-11-13,1.5657,1.3781,0.9346,151.56,1.6972,11.0746,10.8347,0.9014,0.8151
2023-11-14,1.5406,1.3711,0.9207,150.75,1.6703,10.8949,10.6129,0.8905,0.8011
2023-11-15,1.5342,1.3665,0.9214,151.07,1.6581,10.7899,10.5247,0.8872,0.8044
2023-11-16,1.547,1.3774,0.9216,150.59,1.6728,10.933,10.6114,0.8882,0.805
2023-11-17,1.5399,1.374,0.9192,149.82,1.6748,10.8463,10.5562,0.887,0.8045
2023-11-20,1.5251,1.372,0.9137,148.26,1.6586,10.6969,10.4518,0.8841,0.7997
2023-11-21,1.5225,1.369,0.9155,147.88,1.6493,10.6475,10.4492,0.8831,0.7974
2023-11-22,1.5302,1.3733,0.9199,149.67,1.6628,10.8006,10.5111,0.8853,0.8021
2023-11-24,1.5188,1.3608,0.9146,149.57,1.6439,10.7008,10.4512,0.8818,0.7936
2023-11-27,1.5158,1.3633,0.9143,148.89,1.642,10.6734,10.447,0.8811,0.7928
2023-11-28,1.5002,1.3562,0.9085,147.41,1.6265,10.6156,10.3235,0.8763,0.7866
2023-11-29,1.511,1.3596,0.9117,147.39,1.6263,10.6595,10.367,0.8752,0.788
2023-11-30,1.5119,1.3587,0.9168,147.87,1.6218,10.7717,10.4386,0.8725,0.7911
2023-12-01,1.5015,1.3495,0.9193,147,1.6134,10.6668,10.3749,0.8706,0.7885
2023-12-04,1.5106,1.3537,0.9239,147.15,1.6207,10.8411,10.4506,0.873,0.7916
2023-12-05,1.5265,1.3577,0.927,147.26,1.6305,10.925,10.4975,0.876,0.7943
2023-12-06,1.5223,1.358,0.9268,147.16,1.6242,10.9438,10.4472,0.8741,0.7943
2023-12-07,1.5149,1.3594,0.9264,144.1,1.62,10.8769,10.3998,0.8758,0.7948
2023-12-08,1.5223,1.3595,0.9306,144.88,1.6345,10.9127,10.4897,0.881,0.7975
2023-12-11,1.5237,1.3568,0.9305,146.41,1.634,10.9698,10.5039,0.8795,0.7968
2023-12-12,1.5242,1.3611,0.9268,145.45,1.6311,10.9791,10.4544,0.8757,0.7969
2023-12-13,1.5191,1.357,0.9265,145.17,1.6329,10.9236,10.4443,0.8761,0.7983
2023-12-14,1.4896,1.3404,0.9093,141.53,1.6072,10.4659,10.2029,0.8639,0.7833
2023-12-15,1.4892,1.3374,0.9169,141.8,1.6075,10.4461,10.2539,0.8688,0.7868
2023-12-18,1.4932,1.3391,0.9158,143.04,1.6111,10.4021,10.2216,0.8682,0.7916
2023-12-19,1.4782,1.334,0.911,143.62,1.5952,10.2713,10.1649,0.8609,0.7843
2023-12-20,1.4784,1.3322,0.9127,143.77,1.5916,10.3055,10.1464,0.8615,0.7899
2023-12-21,1.4728,1.3294,0.9099,142.16,1.5913,10.2894,10.1015,0.8577,0.7894
2023-12-22,1.4699,1.3259,0.9084,142.6,1.5881,10.2164,10.0149,0.8564,0.7862
2023-12-26,1.4671,1.3208,0.9062,142.48,1.5818,10.1864,10.0285,0.8552,0.7868
2023-12-27,1.4611,1.3201,0.8998,142.05,1.5765,10.0729,9.9291,0.8417,0.7814
2023-12-28,1.4611,1.3202,0.9031,141.08,1.5758,10.1706,9.9748,0.8396,0.7847
2023-12-29,1.4646,1.3202,0.904,140.92,1.5773,10.122,10.0506,0.8405,0.7847
2024-01-02,1.4769,1.331,0.9127,141.89,1.5967,10.3202,10.1963,0.8483,0.7916
2024-01-03,1.4881,1.3358,0.9167,143.55,1.6038,10.3649,10.3025,0.8523,0.7911
2024-01-04,1.4903,1.3355,0.9127,144.59,1.6044,10.2978,10.2089,0.8503,0.7879
2024-01-05,1.4877,1.3331,0.9127,144.52,1.5987,10.2803,10.237,0.8486,0.7849
2024-01-08,1.4883,1.3361,0.9111,143.89,1.6,10.3563,10.2199,0.8466,0.7833
2024-01-09,1.4943,1.3384,0.9145,144.35,1.6021,10.3454,10.2473,0.8515,0.7862
2024-01-10,1.4943,1.3379,0.9124,145.68,1.6067,10.3518,10.2338,0.8514,0.7855
2024-01-11,1.5031,1.3439,0.9138,146.03,1.61,10.3553,10.3012,0.8556,0.7867
2024-01-12,1.4943,1.3399,0.9125,144.86,1.6008,10.2856,10.2769,0.8523,0.7846
2024-01-16,1.5158,1.3472,0.9189,147.01,1.6268,10.452,10.4211,0.8604,0.7901
2024-01-17,1.5293,1.3523,0.921,148.39,1.6383,10.53,10.4769,0.8667,0.7895
2024-01-18,1.5235,1.3503,0.9206,148.15,1.6375,10.528,10.4924,0.8685,0.7882
2024-01-19,1.5195,1.3467,0.9185,148.21,1.6391,10.514,10.4721,0.8694,0.7888
2024-01-22,1.5184,1.3454,0.9179,147.95,1.6385,10.4934,10.4395,0.8686,0.7857
2024-01-23,1.523,1.3486,0.9234,148.55,1.6472,10.5354,10.502,0.8718,0.7898
2024-01-24,1.5149,1.3479,0.9173,147.31,1.6319,10.4411,10.4145,0.8631,0.7841
2024-01-25,1.5195,1.3489,0.9228,147.69,1.6351,10.4651,10.4485,0.8674,0.7874
2024-01-26,1.5177,1.3456,0.9203,147.94,1.6385,10.4078,10.4253,0.8635,0.7862
2024-01-29,1.5165,1.3439,0.9253,147.65,1.6367,10.4575,10.4746,0.864,0.7886
2024-01-30,1.5163,1.3409,0.9222,147.71,1.6316,10.4481,10.4075,0.8624,0.7885
2024-01-31,1.5152,1.3384,0.9212,146.26,1.6268,10.4566,10.3475,0.8587,0.7854
2024-02-01,1.523,1.338,0.9204,146.18,1.63,10.4235,10.3899,0.8579,0.7857
2024-02-02,1.5361,1.3458,0.927,148.54,1.6485,10.6235,10.495,0.8676,0.792
2024-02-05,1.5437,1.3533,0.9314,148.79,1.6534,10.7004,10.6173,0.8711,0.798
2024-02-06,1.5344,1.3499,0.9301,148.03,1.6466,10.6165,10.5323,0.8702,0.7943
2024-02-07,1.533,1.347,0.9286,148.04,1.6364,10.5675,10.4699,0.8731,0.7918
2024-02-08,1.5408,1.3463,0.9282,149.25,1.6415,10.6099,10.4771,0.8736,0.7924
2024-02-09,1.5347,1.3478,0.9275,149.38,1.6284,10.5655,10.4703,0.875,0.7919
2024-02-12,1.5295,1.3437,0.9282,149.37,1.6292,10.5016,10.4173,0.8759,0.7917
2024-02-13,1.548,1.3563,0.9328,150.72,1.6496,10.6584,10.5712,0.8863,0.7933
2024-02-14,1.5411,1.355,0.9315,150.5,1.642,10.5822,10.5249,0.8852,0.7961
2024-02-15,1.5366,1.3493,0.9293,150.19,1.6383,10.5456,10.4647,0.8808,0.7949
2024-02-16,1.5312,1.3483,0.9286,150.34,1.6343,10.5154,10.4505,0.8813,0.7943
2024-02-20,1.5244,1.3517,0.9247,149.87,1.6189,10.4805,10.3512,0.8807,0.7908
2024-02-21,1.5277,1.3504,0.9244,150.29,1.6194,10.4779,10.3701,0.8799,0.7921
2024-02-22,1.5274,1.3496,0.9246,150.62,1.616,10.5111,10.3371,0.8816,0.7906
2024-02-23,1.523,1.3502,0.9235,150.36,1.6134,10.5281,10.3143,0.8804,0.7888
2024-02-26,1.5293,1.3513,0.9212,150.79,1.6192,10.5099,10.2837,0.8801,0.7886
2024-02-27,1.5274,1.3522,0.9211,150.46,1.62,10.524,10.2961,0.8792,0.7878
2024-02-28,1.5394,1.357,0.9223,150.68,1.6412,10.575,10.3329,0.8786,0.7893
2024-02-29,1.5378,1.3568,0.9253,149.9,1.6415,10.6081,10.3652,0.8833,0.7916
2024-03-01,1.5316,1.3553,0.9232,150.2,1.6377,10.5231,10.3226,0.8844,0.7904
2024-03-04,1.5335,1.3563,0.9206,150.44,1.6393,10.5508,10.3494,0.8841,0.7873
2024-03-05,1.5368,1.3579,0.9207,150.14,1.6418,10.5538,10.3709,0.8837,0.7867
2024-03-06,1.5205,1.3509,0.9163,149.17,1.6281,10.4798,10.271,0.8812,0.7839
2024-03-07,1.511,1.3466,0.914,148.08,1.62,10.4143,10.2287,0.8781,0.7815
2024-03-08,1.509,1.3468,0.914,147.17,1.6181,10.4118,10.212,0.8766,0.7781
2024-03-11,1.5133,1.3485,0.9151,146.86,1.6205,10.4658,10.2405,0.8783,0.7808
2024-03-12,1.5149,1.3495,0.9159,147.69,1.6258,10.5265,10.2388,0.8782,0.7821
2024-03-13,1.5099,1.347,0.9137,147.73,1.6236,10.4771,10.2318,0.878,0.7813
2024-03-14,1.5186,1.3516,0.9184,148.19,1.6305,10.5561,10.3287,0.8834,0.7844
2024-03-15,1.5223,1.353,0.9184,149.14,1.6418,10.6019,10.3648,0.8837,0.7848
2024-03-18,1.5239,1.354,0.9186,149.13,1.6434,10.6425,10.425,0.8862,0.7852
2024-03-19,1.5319,1.3578,0.9209,150.73,1.6529,10.6549,10.4367,0.8882,0.7866
2024-03-20,1.5309,1.3562,0.9211,151.66,1.6565,10.6598,10.4746,0.8911,0.7866
2024-03-21,1.5221,1.3536,0.9207,151.59,1.654,10.6814,10.4639,0.8993,0.7893
2024-03-22,1.5337,1.3594,0.9245,151.35,1.6672,10.7442,10.5507,0.8983,0.7935
2024-03-25,1.5293,1.3579,0.9228,151.42,1.6656,10.7086,10.5689,0.8983,0.7906
2024-03-26,1.5295,1.3568,0.9234,151.58,1.6639,10.7429,10.5779,0.9027,0.7918
2024-03-27,1.5326,1.3586,0.9241,151.35,1.6661,10.7867,10.6099,0.9056,0.7917
2024-03-28,1.5326,1.353,0.9258,151.35,1.6711,10.8418,10.6881,0.9006,0.7915
2024-03-29,1.5328,1.354,0.9267,151.22,1.6703,10.8299,10.6834,0.9015,0.7913
2024-04-01,1.5423,1.3579,0.9317,151.72,1.6824,10.967,10.8241,0.9055,0.7971
2024-04-02,1.5354,1.357,0.9286,151.55,1.6756,10.8376,10.7143,0.9071,0.7952
2024-04-03,1.5249,1.3521,0.9236,151.67,1.6667,10.718,10.6401,0.9038,0.7915
2024-04-04,1.5117,1.3493,0.9204,151.66,1.6551,10.6909,10.5732,0.9049,0.7893
2024-04-05,1.5188,1.358,0.9224,151.59,1.6611,10.715,10.6267,0.9005,0.7916
2024-04-08,1.5147,1.3583,0.9214,151.78,1.6578,10.7019,10.5628,0.9051,0.7902
2024-04-09,1.5101,1.3583,0.9211,151.73,1.651,10.6785,10.5682,0.9032,0.7889
2024-04-10,1.5363,1.3688,0.9314,152.9,1.6725,10.8396,10.7254,0.9127,0.7972
2024-04-11,1.5326,1.3705,0.9327,153.19,1.6714,10.8545,10.7582,0.9107,0.7978
2024-04-12,1.5437,1.3756,0.9392,153.12,1.6807,10.8883,10.8792,0.912,0.8028
2024-04-15,1.5458,1.3751,0.9395,154.25,1.6869,10.9362,10.8778,0.9137,0.8022
2024-04-16,1.5596,1.3824,0.9409,154.57,1.6984,10.9705,10.9406,0.9128,0.8041
2024-04-17,1.5579,1.3804,0.9395,154.61,1.6943,11.0356,10.9925,0.9121,0.8037
2024-04-18,1.5535,1.3755,0.9381,154.61,1.6895,11.0271,10.9315,0.9115,0.8022
2024-04-19,1.5569,1.3742,0.9385,154.55,1.6964,11.0208,10.9212,0.9092,0.8066
2024-04-22,1.553,1.3721,0.9385,154.77,1.6923,11.0217,10.9248,0.9119,0.8103
2024-04-23,1.5434,1.3676,0.935,154.81,1.6849,10.9372,10.828,0.9117,0.8042
2024-04-24,1.5418,1.3721,0.9357,155.11,1.688,10.9977,10.8853,0.9141,0.8042
2024-04-25,1.537,1.3691,0.9327,155.52,1.6829,10.9825,10.9055,0.9134,0.8004
2024-04-26,1.5319,1.3678,0.9358,157.62,1.6835,11.031,10.9472,0.9142,0.8017
2024-04-29,1.5232,1.3649,0.9331,156.71,1.6739,10.9929,10.932,0.9108,0.7966
2024-04-30,1.5408,1.3748,0.936,157.54,1.6915,11.0823,10.988,0.9174,0.7991
2024-05-01,1.5394,1.376,0.9363,157.65,1.6941,11.0801,10.9733,0.9195,0.8008
2024-05-02,1.5274,1.3696,0.9341,153.77,1.6827,11.0355,10.8953,0.9119,0.7996
2024-05-03,1.5115,1.3683,0.9285,152.85,1.6609,10.8475,10.8001,0.9047,0.7968
2024-05-06,1.5099,1.3655,0.9277,153.85,1.6631,10.8272,10.7976,0.9052,0.7952
2024-05-07,1.5133,1.3712,0.9288,154.59,1.6633,10.8821,10.829,0.9072,0.7978
2024-05-08,1.5186,1.3719,0.9298,155.42,1.6656,10.8916,10.8938,0.9076,0.7998
2024-05-09,1.5138,1.369,0.9284,155.68,1.6611,10.8768,10.8739,0.9072,0.7997
2024-05-10,1.5135,1.3663,0.9282,155.85,1.6611,10.8389,10.8322,0.9063,0.7982
2024-05-13,1.5126,1.3675,0.9263,156.17,1.6614,10.8147,10.8328,0.9075,0.796
2024-05-14,1.5099,1.365,0.9244,156.5,1.6573,10.8193,10.8257,0.9067,0.7944
2024-05-15,1.4984,1.3612,0.9208,155.02,1.6383,10.7174,10.6967,0.9041,0.79
2024-05-16,1.4963,1.3606,0.9195,155.25,1.6329,10.688,10.6933,0.9044,0.7885
2024-05-17,1.4957,1.3615,0.92,155.57,1.6308,10.683,10.7141,0.9079,0.7872
2024-05-20,1.4981,1.3611,0.9207,156.09,1.6356,10.6899,10.6967,0.9097,0.7869
2024-05-21,1.5002,1.3644,0.9212,156.08,1.6402,10.6735,10.7009,0.9108,0.7868
2024-05-22,1.5069,1.3667,0.9228,156.49,1.638,10.6873,10.7284,0.914,0.785
2024-05-23,1.5085,1.3696,0.9236,157.05,1.6353,10.6571,10.7266,0.9144,0.7863
2024-05-24,1.5085,1.3665,0.9215,156.9,1.6337,10.5697,10.6566,0.9143,0.7846
2024-05-28,1.5002,1.363,0.9192,156.9,1.6242,10.4705,10.5358,0.9106,0.7821
2024-05-29,1.5108,1.3702,0.925,157.62,1.6345,10.5831,10.6663,0.9135,0.7865
2024-05-30,1.5056,1.3668,0.9228,156.63,1.6319,10.5246,10.5925,0.9036,0.785
2024-05-31,1.506,1.3646,0.922,157.19,1.6295,10.5175,10.5396,0.9034,0.7851
2024-06-03,1.4963,1.3626,0.9183,156.04,1.6173,10.4606,10.4075,0.8954,0.7816
2024-06-04,1.5053,1.3684,0.9193,154.87,1.6194,10.5867,10.4556,0.8904,0.7822
2024-06-05,1.5053,1.3705,0.9204,156.21,1.6166,10.5908,10.4209,0.894,0.783
2024-06-06,1.5011,1.3684,0.9189,155.98,1.6137,10.5651,10.4094,0.8917,0.7821
2024-06-07,1.5177,1.3747,0.9253,156.58,1.6359,10.7045,10.5347,0.896,0.7857
2024-06-10,1.5126,1.3755,0.9301,156.93,1.6324,10.6594,10.496,0.8968,0.7854
2024-06-11,1.5156,1.3764,0.9317,157.32,1.6308,10.727,10.5102,0.8987,0.7859
2024-06-12,1.4923,1.369,0.9223,155.88,1.608,10.5076,10.3076,0.8918,0.7786
2024-06-13,1.5058,1.3746,0.9297,156.77,1.6197,10.6559,10.4739,0.8935,0.7835
2024-06-14,1.5113,1.3735,0.9347,157.28,1.6281,10.6802,10.5315,0.8907,0.7883
2024-06-17,1.5154,1.3752,0.9326,157.8,1.6345,10.7011,10.5146,0.8914,0.7881
2024-06-18,1.5033,1.3723,0.9312,157.81,1.6289,10.5923,10.4425,0.8842,0.7875
2024-06-20,1.5024,1.3703,0.9339,158.77,1.634,10.5432,10.4703,0.8912,0.7892
2024-06-21,1.506,1.3698,0.9351,159.45,1.634,10.5695,10.5173,0.8938,0.7908
2024-06-24,1.5026,1.3658,0.9322,159.71,1.6324,10.5411,10.468,0.8939,0.7884
2024-06-25,1.5056,1.3658,0.9341,159.68,1.6353,10.6061,10.5071,0.8944,0.7888
2024-06-26,1.504,1.3697,0.9362,160.68,1.6453,10.6795,10.5696,0.8973,0.7921
2024-06-27,1.5042,1.3693,0.9339,160.7,1.6423,10.662,10.616,0.898,0.7903
2024-06-28,1.4977,1.3684,0.9336,160.88,1.6404,10.6607,10.5996,0.8992,0.7911
2024-07-01,1.5024,1.3742,0.9321,161.55,1.6469,10.6676,10.6292,0.9039,0.7905
2024-07-02,1.5017,1.3691,0.9314,161.53,1.6469,10.6908,10.6157,0.9046,0.7887
2024-07-03,1.4883,1.3624,0.926,161.48,1.6356,10.5394,10.4807,0.9007,0.7833
2024-07-05,1.483,1.3631,0.9235,160.73,1.6292,10.5502,10.4839,0.8976,0.7808
2024-07-08,1.4835,1.3637,0.9229,160.77,1.6303,10.5899,10.5494,0.8971,0.7795
2024-07-09,1.4843,1.3636,0.9248,161.4,1.6332,10.616,10.5532,0.8978,0.782
2024-07-10,1.4821,1.3608,0.924,161.73,1.6439,10.7095,10.5459,0.8992,0.7787
2024-07-11,1.4758,1.3619,0.92,158.58,1.6359,10.7068,10.4836,0.8939,0.774
2024-07-12,1.4732,1.3627,0.9173,157.88,1.6335,10.723,10.5289,0.8942,0.7701
2024-07-15,1.4754,1.3662,0.9164,157.89,1.641,10.7879,10.5752,0.8949,0.7701
2024-07-16,1.4868,1.3686,0.9187,158.57,1.6545,10.828,10.6196,0.8953,0.7717
2024-07-17,1.4863,1.3683,0.9147,156.56,1.6466,10.7238,10.5445,0.8846,0.7688
2024-07-18,1.4868,1.3695,0.9163,156.97,1.6483,10.7739,10.568,0.8858,0.7708
2024-07-19,1.4939,1.3723,0.9184,157.38,1.6614,10.8995,10.6776,0.8884,0.7739
2024-07-22,1.5063,1.3756,0.9191,157.08,1.6731,10.9786,10.732,0.89,0.7745
2024-07-23,1.5108,1.3763,0.9212,156.02,1.6776,11.0317,10.7632,0.8915,0.7742
2024-07-24,1.5152,1.3783,0.9214,153.39,1.6812,11.0116,10.7577,0.8838,0.7737
2024-07-25,1.5263,1.3809,0.9207,153.97,1.6941,11.0203,10.801,0.8802,0.7762
2024-07-26,1.5251,1.3832,0.9209,153.86,1.6964,11.0122,10.811,0.8826,0.7774
2024-07-29,1.5291,1.3853,0.9243,153.96,1.703,11.0035,10.8291,0.886,0.778
2024-07-30,1.5298,1.3848,0.9252,153.72,1.6958,10.9718,10.7899,0.8852,0.7795
2024-07-31,1.5302,1.3806,0.924,150.38,1.6815,10.9194,10.7099,0.8797,0.7788
2024-08-01,1.5333,1.3845,0.9269,150.06,1.6773,10.9136,10.7027,0.8744,0.783
2024-08-02,1.5319,1.3846,0.9163,146.98,1.6745,10.9435,10.5672,0.8605,0.7814
2024-08-05,1.5413,1.382,0.9127,143.95,1.6863,11.0417,10.5628,0.8528,0.7834
2024-08-06,1.534,1.3791,0.9152,145.11,1.6804,10.891,10.527,0.8533,0.7877
2024-08-07,1.5263,1.3729,0.9153,147.42,1.6625,10.7708,10.4514,0.8652,0.7863
2024-08-08,1.5195,1.3742,0.9163,147.08,1.6661,10.8515,10.5292,0.8656,0.7849
2024-08-09,1.5205,1.3725,0.9153,146.49,1.6633,10.8055,10.5073,0.8639,0.7833
2024-08-12,1.5163,1.3741,0.9151,147.54,1.6609,10.7883,10.5245,0.8673,0.7827
2024-08-13,1.5122,1.3723,0.9129,146.97,1.6504,10.7724,10.5035,0.8654,0.7795
2024-08-14,1.5113,1.3696,0.9071,146.86,1.6609,10.6865,10.4438,0.8638,0.7783
2024-08-15,1.5085,1.3701,0.9102,148.91,1.665,10.722,10.5105,0.8712,0.7774
2024-08-16,1.504,1.3705,0.9094,148.13,1.657,10.7266,10.4926,0.8685,0.7748
2024-08-19,1.4892,1.3659,0.9033,146.42,1.6412,10.5797,10.3304,0.8629,0.7702
2024-08-20,1.483,1.3631,0.9004,145.7,1.6276,10.5043,10.24,0.8576,0.7676
2024-08-21,1.4808,1.3583,0.8974,145.19,1.6231,10.4954,10.1957,0.8515,0.7647
2024-08-22,1.4908,1.3605,0.8998,145.97,1.6287,10.5911,10.2414,0.8518,0.7637
2024-08-23,1.4756,1.3514,0.8948,144.86,1.6098,10.4783,10.1837,0.8492,0.7577
2024-08-26,1.4767,1.3485,0.8957,144.51,1.6119,10.5384,10.2112,0.8479,0.7584
2024-08-27,1.4751,1.3454,0.8961,144.26,1.6033,10.4834,10.1818,0.8439,0.7556
2024-08-28,1.4747,1.3462,0.8987,144.47,1.6021,10.4949,10.1862,0.842,0.7575
2024-08-29,1.4691,1.346,0.902,144.98,1.5954,10.4923,10.222,0.8466,0.7584
2024-08-30,1.4782,1.3493,0.9042,145.95,1.6021,10.6082,10.269,0.8493,0.7615
2024-09-03,1.4879,1.3543,0.9056,145.82,1.6158,10.6916,10.3064,0.8503,0.7632
2024-09-04,1.4872,1.3519,0.9024,144.31,1.6132,10.6315,10.2727,0.8482,0.7609
2024-09-05,1.4865,1.3515,0.9012,143.43,1.6095,10.6473,10.2567,0.8453,0.7596
2024-09-06,1.4975,1.3561,0.902,142.13,1.6186,10.7085,10.2869,0.8428,0.7613
2024-09-09,1.5006,1.356,0.9056,142.92,1.626,10.8228,10.3666,0.848,0.7644
2024-09-10,1.5033,1.3607,0.907,142.28,1.6247,10.8523,10.3869,0.8459,0.7654
2024-09-11,1.5038,1.3595,0.9081,141.72,1.6337,10.8649,10.3863,0.8505,0.7676
2024-09-12,1.4934,1.3595,0.9057,142.24,1.6255,10.7736,10.3213,0.8527,0.7645
2024-09-13,1.4899,1.3581,0.9021,140.66,1.6218,10.6476,10.2093,0.8479,0.761
2024-09-16,1.4839,1.3599,0.899,140.79,1.6168,10.6091,10.198,0.8453,0.7575
2024-09-17,1.4806,1.3598,0.8994,141.77,1.6173,10.5973,10.1891,0.847,0.7596
2024-09-18,1.4791,1.3607,0.8996,141.93,1.6121,10.5978,10.2063,0.8459,0.7576
2024-09-19,1.4669,1.356,0.8971,142.88,1.6023,10.4884,10.171,0.8478,0.7531
2024-09-20,1.4693,1.3565,0.8961,143.9,1.6041,10.5033,10.1894,0.8496,0.7516
2024-09-23,1.4603,1.3502,0.8985,143.59,1.5946,10.4781,10.1864,0.8475,0.749
2024-09-24,1.455,1.347,0.8969,143.77,1.582,10.4416,10.1284,0.8459,0.7476
2024-09-25,1.4626,1.3466,0.8974,144.41,1.5926,10.5487,10.1756,0.8495,0.7497
2024-09-26,1.4489,1.3466,0.8941,144.68,1.5805,10.5052,10.0975,0.8463,0.7447
2024-09-27,1.447,1.3504,0.8961,142.6,1.5768,10.5021,10.1018,0.8424,0.7466
2024-09-30,1.4422,1.3511,0.8973,143.25,1.5716,10.5395,10.1427,0.8444,0.7463
2024-10-01,1.4518,1.3492,0.9036,143.66,1.5913,10.6073,10.2766,0.8458,0.7529
2024-10-02,1.4503,1.3485,0.905,146.05,1.5931,10.5684,10.2558,0.8495,0.7535
2024-10-03,1.4613,1.3533,0.9079,146.82,1.6088,10.6294,10.3156,0.854,0.7625
2024-10-04,1.4712,1.3578,0.9123,148.69,1.6244,10.6681,10.3856,0.8589,0.763
2024-10-07,1.4791,1.3608,0.9111,148.13,1.6332,10.636,10.3598,0.8555,0.7645
2024-10-08,1.4841,1.3662,0.9116,148.22,1.6329,10.7251,10.3588,0.8576,0.7638
2024-10-09,1.487,1.3682,0.9132,149.2,1.6488,10.7693,10.3847,0.8595,0.7645
2024-10-10,1.4852,1.3752,0.9153,148.56,1.6431,10.7396,10.4004,0.8573,0.7661
2024-10-11,1.4802,1.3768,0.9139,149.12,1.6364,10.6981,10.3658,0.8574,0.7651
2024-10-15,1.4905,1.3803,0.9175,149.22,1.6431,10.8315,10.3876,0.8621,0.7644
2024-10-16,1.5011,1.3772,0.9197,149.71,1.6507,10.9303,10.4995,0.8642,0.7692
2024-10-17,1.4921,1.3791,0.9228,150.12,1.6493,10.9422,10.5231,0.8654,0.7688
2024-10-18,1.4925,1.3804,0.9213,149.58,1.6488,10.9378,10.5323,0.8659,0.7679
2024-10-21,1.5013,1.3847,0.9242,150.47,1.6576,10.9689,10.5623,0.8658,0.7704
2024-10-22,1.4972,1.383,0.9255,151.11,1.6545,10.9223,10.5418,0.8654,0.7711
2024-10-23,1.5078,1.3838,0.9277,152.81,1.6647,11.0052,10.5951,0.8665,0.7726
2024-10-24,1.5085,1.3858,0.9254,151.87,1.6644,10.9598,10.5804,0.8668,0.7714
2024-10-25,1.5103,1.3882,0.9248,152.08,1.6683,10.9438,10.5936,0.8664,0.7705
2024-10-28,1.5181,1.3903,0.9243,153.21,1.6722,10.9866,10.6353,0.8659,0.7704
2024-10-29,1.5251,1.3909,0.9261,153.47,1.6776,10.9651,10.6581,0.8684,0.7689
2024-10-30,1.5188,1.3911,0.9205,153.15,1.6706,10.9397,10.6671,0.8664,0.7685
2024-10-31,1.5267,1.3939,0.9212,152.35,1.6804,11.0315,10.7003,0.8648,0.7778
2024-11-01,1.5193,1.3925,0.9218,152.94,1.6722,11.0471,10.728,0.8704,0.7717
2024-11-04,1.5188,1.3898,0.9188,152.02,1.6728,10.9983,10.7068,0.8632,0.7727
2024-11-05,1.5076,1.385,0.9158,151.96,1.6669,10.9528,10.7044,0.8635,0.7683
2024-11-06,1.5214,1.3929,0.9318,154.58,1.6818,11.0705,10.85,0.8761,0.7754
2024-11-07,1.499,1.3866,0.9266,153.13,1.6611,10.8546,10.7078,0.8724,0.7701
2024-11-08,1.5214,1.3921,0.9337,152.58,1.6776,11.0293,10.8435,0.8755,0.7749
2024-11-12,1.5333,1.3956,0.9436,154.73,1.69,11.1005,10.9327,0.8827,0.7854
2024-11-13,1.5418,1.3985,0.9463,155.28,1.6989,11.1341,10.9869,0.885,0.7868
2024-11-14,1.5449,1.4025,0.9468,155.96,1.703,11.1052,10.9627,0.8878,0.787
2024-11-15,1.5477,1.4076,0.9477,154.59,1.7059,11.0704,10.9726,0.8878,0.7918
2024-11-18,1.5389,1.4028,0.9446,154.78,1.6998,11.023,10.9393,0.885,0.7896
2024-11-19,1.5328,1.3981,0.9454,154.34,1.6929,10.9847,10.9347,0.8824,0.7895
2024-11-20,1.5399,1.3995,0.9505,155.38,1.703,11.062,11.0367,0.8855,0.7912
2024-11-21,1.5378,1.396,0.9547,154.66,1.7085,11.087,11.0785,0.8866,0.7945
2024-11-22,1.5396,1.3985,0.9616,154.73,1.7161,11.1023,11.0672,0.8946,0.799
2024-11-25,1.5406,1.4003,0.9544,154.29,1.712,11.1065,10.9947,0.8874,0.7966
2024-11-26,1.5477,1.4058,0.9541,153.49,1.7164,11.1769,10.9988,0.8876,0.797
2024-11-27,1.5404,1.4028,0.9456,150.69,1.6943,11.0504,10.9031,0.8806,0.7888
2024-11-29,1.5354,1.4014,0.9481,150.41,1.6912,11.0652,10.9241,0.8822,0.7875
2024-12-02,1.5482,1.4069,0.9538,149.26,1.7015,11.1294,11.0098,0.8866,0.7912
2024-12-03,1.5425,1.4065,0.9508,149.12,1.6998,11.0495,11.0017,0.8852,0.7888
2024-12-04,1.5538,1.4069,0.9499,150.18,1.7053,11.0324,10.9245,0.8835,0.7867
2024-12-05,1.553,1.4035,0.946,150.19,1.7036,11.0548,10.8769,0.8794,0.7841
2024-12-06,1.5669,1.4144,0.9467,149.78,1.7147,11.1527,10.9343,0.8776,0.7847
2024-12-09,1.5475,1.412,0.9461,151.24,1.7004,11.1002,10.9071,0.8774,0.7823
2024-12-10,1.5681,1.416,0.9513,152.05,1.7235,11.1644,10.9867,0.8823,0.7838
2024-12-11,1.5679,1.4126,0.9517,152.34,1.725,11.1358,10.966,0.883,0.7835
2024-12-12,1.5654,1.4179,0.9511,152.07,1.7271,11.1154,10.967,0.8879,0.7865
2024-12-13,1.5726,1.424,0.9526,153.74,1.7358,11.1414,10.9782,0.8929,0.7918
2024-12-16,1.5694,1.423,0.9513,154.18,1.7298,11.151,10.8905,0.8934,0.788
2024-12-17,1.5775,1.4312,0.9518,153.41,1.7364,11.1909,10.9293,0.893,0.7863
2024-12-18,1.5868,1.4335,0.9552,154,1.7486,11.2439,10.9711,0.8937,0.7876
2024-12-19,1.5995,1.4366,0.9655,157.73,1.7718,11.4562,11.0432,0.8994,0.7981
2024-12-20,1.5959,1.4354,0.9588,156.11,1.7655,11.3429,11.0018,0.8928,0.7945
2024-12-23,1.6018,1.439,0.9607,157.04,1.7702,11.3588,11.0407,0.8991,0.7981
2024-12-24,1.6051,1.4383,0.9626,157.29,1.7734,11.3736,11.1178,0.9009,0.7982
2024-12-26,1.6059,1.4404,0.9594,158.01,1.7756,11.3583,11.0394,0.9,0.7986
2024-12-27,1.6108,1.4433,0.9594,157.73,1.7759,11.3549,10.9947,0.9018,0.7954
2024-12-30,1.608,1.4374,0.9628,157.26,1.773,11.3543,11.0363,0.9066,0.7985
2024-12-31,1.6168,1.44,0.9661,157.37,1.787,11.3683,11.0676,0.9068,0.7987
2025-01-02,1.6108,1.4422,0.9746,157.65,1.7854,11.3707,11.1443,0.9124,0.808
2025-01-03,1.6106,1.4455,0.9716,157.2,1.7844,11.3771,11.1216,0.9096,0.8052
2025-01-06,1.5997,1.4359,0.9618,157.54,1.7712,11.2771,11.0392,0.9043,0.7981
2025-01-07,1.6013,1.4341,0.9644,157.82,1.7721,11.3302,11.0883,0.9076,0.8001
2025-01-08,1.6085,1.4375,0.9696,158.31,1.7816,11.3892,11.1543,0.9107,0.8087
2025-01-09,1.6139,1.4394,0.9711,158.01,1.7864,11.394,11.1514,0.9124,0.8128
2025-01-10,1.6268,1.4437,0.9768,157.68,1.7999,11.4735,11.2225,0.9172,0.8187
2025-01-13,1.6247,1.4411,0.9795,157.51,1.7999,11.4668,11.2786,0.9192,0.8225
2025-01-14,1.6171,1.4369,0.9716,157.95,1.787,11.3947,11.191,0.9139,0.8205
2025-01-15,1.6082,1.434,0.9726,156.6,1.7816,11.3406,11.1612,0.9129,0.8187
2025-01-16,1.6075,1.4377,0.9706,155.44,1.78,11.3509,11.1388,0.911,0.8166
2025-01-17,1.6103,1.442,0.9721,156.3,1.787,11.4145,11.1712,0.9148,0.821
2025-01-21,1.5944,1.4328,0.9594,155.49,1.7646,11.3019,10.9948,0.9069,0.811
2025-01-22,1.5934,1.4361,0.9597,156.62,1.764,11.2642,10.9979,0.907,0.8114
2025-01-23,1.5906,1.4359,0.9597,156,1.7615,11.2642,10.9966,0.9072,0.8099
2025-01-24,1.5818,1.4331,0.951,155.58,1.7483,11.1732,10.9069,0.9044,0.8003
2025-01-27,1.5924,1.4388,0.9531,154.22,1.7599,11.2499,10.9416,0.9006,0.8013
2025-01-28,1.6008,1.4392,0.959,155.65,1.7658,11.2984,11.0081,0.9051,0.8043
2025-01-29,1.6057,1.4432,0.9601,155.22,1.7687,11.2976,11.0019,0.9077,0.8042
2025-01-30,1.6044,1.4411,0.9597,154.42,1.7687,11.2847,11.0132,0.9085,0.803
2025-01-31,1.6021,1.4459,0.9615,154.91,1.7643,11.2894,11.0513,0.9088,0.8034
2025-02-03,1.6189,1.4601,0.973,154.68,1.7892,11.4094,11.1561,0.9139,0.8072
2025-02-04,1.5982,1.4318,0.9635,154.56,1.7699,11.2377,10.9666,0.9058,0.8008
2025-02-05,1.5883,1.428,0.9598,152.33,1.7553,11.2093,10.8861,0.9009,0.799
2025-02-06,1.5926,1.4314,0.9645,152.04,1.7637,11.2281,10.9099,0.9055,0.8042
2025-02-07,1.5964,1.4311,0.9681,151.3,1.7693,11.2549,10.9414,0.9101,0.8067
2025-02-10,1.5926,1.4317,0.9697,151.72,1.7696,11.2041,10.9179,0.911,0.8074
2025-02-11,1.5888,1.4308,0.9666,152.37,1.7677,11.2009,10.8677,0.9133,0.805
2025-02-12,1.5911,1.4288,0.9623,154.62,1.7727,11.253,10.8774,0.913,0.8036
2025-02-13,1.5893,1.423,0.959,153.18,1.7693,11.1967,10.7798,0.9048,0.7982
2025-02-14,1.5726,1.417,0.9526,152.25,1.744,11.1078,10.696,0.8983,0.7931
2025-02-18,1.5741,1.4189,0.9563,151.79,1.7528,11.1471,10.7087,0.9023,0.7928
2025-02-19,1.577,1.4235,0.961,151.67,1.7541,11.1442,10.7539,0.9054,0.7955
2025-02-20,1.5642,1.4195,0.9547,149.63,1.7373,11.1212,10.6603,0.8993,0.791
2025-02-21,1.5684,1.4196,0.9565,149.49,1.7388,11.1177,10.64,0.899,0.7907
2025-02-24,1.5721,1.4224,0.9544,149.57,1.7403,11.105,10.6501,0.8966,0.7911
2025-02-25,1.5793,1.43,0.9526,149.09,1.7495,11.1236,10.602,0.8928,0.7904
2025-02-26,1.5815,1.4346,0.9511,149.13,1.751,11.1309,10.6134,0.8931,0.7876
2025-02-27,1.5985,1.4419,0.9602,149.8,1.7709,11.2422,10.7329,0.8981,0.7919
2025-02-28,1.61,1.4433,0.9614,150.64,1.7851,11.2411,10.7191,0.9019,0.7942
2025-03-03,1.6003,1.4399,0.9527,150.16,1.7746,11.1568,10.5249,0.8972,0.7867
2025-03-04,1.6098,1.4515,0.9493,148.81,1.779,11.2014,10.5341,0.89,0.7858
2025-03-05,1.5843,1.4375,0.9287,148.82,1.7522,10.9595,10.2391,0.89,0.7774
2025-03-06,1.5753,1.4282,0.9244,147.9,1.7394,10.8578,10.1498,0.8841,0.7756
2025-03-07,1.5873,1.4385,0.9209,147.13,1.7513,10.825,10.0602,0.8774,0.7741
2025-03-10,1.5853,1.4431,0.9228,147.15,1.7467,10.7645,10.1221,0.8813,0.7747
2025-03-11,1.5911,1.4462,0.9152,147.48,1.7513,10.6746,10.0193,0.88,0.7723
2025-03-12,1.5858,1.4397,0.9153,148.32,1.7473,10.6226,10.0466,0.8827,0.771
2025-03-13,1.5901,1.4398,0.9209,147.71,1.7516,10.6776,10.1867,0.8849,0.7725
2025-03-14,1.5828,1.4377,0.9198,148.51,1.7419,10.6572,10.1343,0.8855,0.7742
2025-03-17,1.5686,1.4298,0.9156,148.56,1.7209,10.5346,10.0745,0.8812,0.7699
2025-03-18,1.5733,1.4312,0.9152,149.49,1.7212,10.5759,10.0445,0.8773,0.77
2025-03-19,1.5795,1.4328,0.9194,150.02,1.7292,10.5909,10.1329,0.88,0.7711
2025-03-20,1.587,1.4326,0.9218,148.84,1.7388,10.5713,10.1427,0.8826,0.7708
2025-03-21,1.5959,1.4356,0.9254,148.98,1.7449,10.5437,10.14,0.8834,0.7754
2025-03-24,1.5921,1.4292,0.9264,150.74,1.7486,10.5198,10.1138,0.8842,0.7744
2025-03-25,1.585,1.4307,0.9256,149.77,1.7428,10.4883,10.0296,0.8819,0.7723
2025-03-26,1.5855,1.4254,0.9276,150.69,1.7413,10.5222,10.0318,0.8839,0.7759
2025-03-27,1.5853,1.4316,0.9259,150.97,1.7397,10.5051,10.015,0.8818,0.7714
2025-03-28,1.5873,1.4282,0.9237,150.26,1.7452,10.4644,9.9926,0.8809,0.7727
2025-03-31,1.6036,1.4379,0.9263,149.9,1.7649,10.5292,10.0548,0.8843,0.7754
2025-04-01,1.5929,1.4316,0.9259,149.4,1.7532,10.4563,9.9933,0.8827,0.7738
2025-04-02,1.5873,1.431,0.9201,149.98,1.7419,10.3959,9.8981,0.8819,0.7708
2025-04-03,1.5743,1.4062,0.9048,146.04,1.7197,10.318,9.7478,0.859,0.7626
2025-04-04,1.6548,1.4194,0.9079,145.93,1.7879,10.7075,9.9729,0.8547,0.7736
2025-04-07,1.6722,1.4224,0.9164,147.96,1.8064,11.0103,10.0781,0.8597,0.7856
2025-04-08,1.6625,1.4199,0.9164,147.02,1.7931,10.9065,10.0126,0.856,0.7831
2025-04-09,1.6658,1.4187,0.9058,145.09,1.7982,10.9956,10.032,0.8413,0.783
2025-04-10,1.615,1.401,0.8935,144.34,1.7476,10.8328,9.8359,0.8283,0.7728
2025-04-11,1.6013,1.3895,0.883,143.57,1.7253,10.7062,9.8196,0.8153,0.7662
2025-04-14,1.5843,1.3892,0.8804,142.96,1.7044,10.6027,9.7743,0.8139,0.759
2025-04-15,1.5728,1.3944,0.8857,143.1,1.6903,10.6184,9.8589,0.8209,0.7563
2025-04-16,1.5652,1.3882,0.8786,142.56,1.6866,10.554,9.7494,0.8142,0.7549
2025-04-17,1.5669,1.3856,0.88,142.33,1.6748,10.4788,9.633,0.8203,0.7542
2025-04-18,1.5686,1.3846,0.878,142.22,1.6855,10.4823,9.6353,0.8174,0.7531
2025-04-21,1.5596,1.3818,0.869,140.81,1.6664,10.3878,9.5423,0.8069,0.7471
2025-04-22,1.5647,1.3798,0.8721,140.87,1.6683,10.3368,9.4871,0.815,0.7476
2025-04-23,1.5684,1.3894,0.8811,142.64,1.6764,10.4755,9.6529,0.8271,0.7544
2025-04-24,1.5635,1.3889,0.88,142.64,1.6703,10.4231,9.6129,0.8271,0.7514
2025-04-25,1.5635,1.3858,0.8787,143.75,1.6753,10.4064,9.6739,0.8285,0.7501
2025-04-28,1.5593,1.3857,0.8782,142.7,1.6764,10.3601,9.6203,0.8254,0.7465
2025-04-29,1.5662,1.3853,0.8775,142.29,1.6835,10.3606,9.6166,0.8241,0.7464
2025-04-30,1.5627,1.3807,0.8811,142.63,1.6855,10.3869,9.6581,0.8227,0.7494
2025-05-01,1.5691,1.3847,0.8866,145.48,1.6946,10.4554,9.7704,0.8321,0.7534
2025-05-02,1.5511,1.379,0.8826,144.52,1.6793,10.3927,9.6242,0.8262,0.7528
2025-05-05,1.5451,1.381,0.8838,143.98,1.6739,10.3929,9.6644,0.8239,0.7528
2025-05-06,1.5411,1.3774,0.8814,142.76,1.6656,10.2899,9.5789,0.8242,0.748
2025-05-07,1.5475,1.3773,0.8812,143.47,1.6731,10.2994,9.601,0.8215,0.7494
2025-05-08,1.5586,1.3914,0.889,145.46,1.6886,10.3952,9.7039,0.8291,0.7526
2025-05-09,1.5564,1.3925,0.8873,145.15,1.6892,10.3406,9.7016,0.8298,0.7509
2025-05-12,1.5701,1.4003,0.9004,148.09,1.7053,10.4448,9.8121,0.8427,0.7579
2025-05-13,1.5451,1.3958,0.8948,147.75,1.6841,10.36,9.7296,0.8412,0.753
2025-05-14,1.5509,1.3963,0.8924,146.54,1.6898,10.3593,9.7256,0.8397,0.7517
2025-05-15,1.5618,1.3989,0.8937,145.61,1.7027,10.4183,9.7344,0.8359,0.7523
2025-05-16,1.5637,1.3991,0.8976,146.02,1.703,10.3987,9.7944,0.8396,0.7543
2025-05-19,1.5485,1.3944,0.89,144.99,1.6875,10.2983,9.6846,0.8342,0.7487
2025-05-20,1.5613,1.3941,0.8886,144.72,1.6923,10.2976,9.6677,0.8321,0.7479
2025-05-21,1.5461,1.3822,0.8816,143.68,1.6764,10.1318,9.5515,0.8251,0.7437
2025-05-22,1.5584,1.3856,0.8864,143.89,1.6929,10.21,9.6262,0.8291,0.7448
2025-05-23,1.5437,1.3755,0.8811,142.61,1.6731,10.1108,9.5304,0.8214,0.7401
2025-05-27,1.5535,1.3776,0.8829,144.37,1.6824,10.1586,9.6267,0.8278,0.7405
2025-05-28,1.5584,1.3819,0.8861,145.04,1.6801,10.1763,9.6523,0.8276,0.7428
2025-05-29,1.5521,1.3809,0.8795,144.09,1.6722,10.1247,9.553,0.8227,0.7413
2025-05-30,1.5542,1.3747,0.8813,144.18,1.6745,10.2124,9.5915,0.8229,0.7425
2025-06-02,1.5401,1.3699,0.8747,142.76,1.657,10.0842,9.5361,0.8173,0.7381
2025-06-03,1.5475,1.3722,0.8793,143.93,1.6669,10.1481,9.6156,0.8242,0.7396
2025-06-04,1.5387,1.3668,0.8754,142.91,1.6578,10.098,9.5678,0.8183,0.7369
2025-06-05,1.5344,1.3667,0.8741,143.87,1.6543,10.0696,9.5723,0.821,0.7362
2025-06-06,1.5394,1.3686,0.8774,144.87,1.6611,10.1074,9.64,0.822,0.739
2025-06-09,1.5323,1.3675,0.8753,144.37,1.6513,10.0534,9.5876,0.8205,0.7373
2025-06-10,1.533,1.3683,0.8754,144.91,1.6543,10.0929,9.5979,0.8219,0.7403
2025-06-11,1.5335,1.3662,0.8703,144.48,1.6537,10.0713,9.5482,0.8195,0.7377
2025-06-12,1.5326,1.3615,0.8637,143.64,1.6493,9.9366,9.4358,0.8125,0.7359
2025-06-13,1.5354,1.3575,0.8653,144.04,1.657,9.9048,9.4896,0.8116,0.7356
2025-06-16,1.53,1.3556,0.8635,144.14,1.6469,9.9035,9.4633,0.8115,0.7353
2025-06-17,1.5349,1.3587,0.8669,145.04,1.6513,9.8899,9.495,0.8141,0.7399
2025-06-18,1.5337,1.3683,0.868,144.58,1.654,9.955,9.5946,0.8174,0.7423
2025-06-20,1.5492,1.3739,0.8681,145.92,1.6753,10.1183,9.6761,0.8175,0.7427
2025-06-23,1.5569,1.3773,0.8667,146.47,1.6835,10.1007,9.6482,0.8133,0.7412
2025-06-24,1.5387,1.3711,0.8615,144.9,1.6622,10.1219,9.5353,0.8049,0.7344
2025-06-25,1.5401,1.375,0.8606,145.59,1.6611,10.1505,9.5127,0.8057,0.7339
2025-06-26,1.5256,1.3629,0.8535,144.34,1.6477,10.0601,9.4832,0.799,0.7271
2025-06-27,1.5302,1.3666,0.853,144.74,1.6496,10.0757,9.4765,0.7989,0.7289
2025-06-30,1.5214,1.362,0.8496,144.17,1.6415,10.0962,9.4881,0.7938,0.7288
2025-07-01,1.5216,1.3659,0.8492,143.58,1.6428,10.0861,9.5012,0.7929,0.7284
2025-07-02,1.5218,1.362,0.8482,143.76,1.6455,10.0951,9.5462,0.7921,0.7341
2025-07-03,1.5207,1.3559,0.8505,144.96,1.648,10.0631,9.5732,0.7951,0.7323
2025-07-07,1.5354,1.3644,0.8523,145.86,1.6628,10.0922,9.4982,0.7969,0.7332
2025-07-08,1.5328,1.3671,0.8542,146.81,1.6683,10.1056,9.5439,0.7971,0.7366
2025-07-09,1.5309,1.3694,0.8542,146.53,1.6689,10.099,9.5257,0.7957,0.7361
2025-07-10,1.5216,1.3682,0.8556,146.46,1.6614,10.0897,9.526,0.7971,0.737
2025-07-11,1.5205,1.3678,0.855,147.29,1.6636,10.1217,9.5465,0.7962,0.7406
2025-07-14,1.5267,1.3694,0.8568,147.69,1.6739,10.1361,9.6191,0.7977,0.7442
2025-07-15,1.5337,1.3713,0.8607,148.75,1.6804,10.2281,9.7114,0.8004,0.7465
2025-07-16,1.5333,1.3706,0.8599,148.08,1.6838,10.2646,9.7241,0.8014,0.7448
2025-07-17,1.542,1.3749,0.8623,148.55,1.6863,10.3061,9.7498,0.8043,0.7455
2025-07-18,1.5321,1.3711,0.8587,148.55,1.6731,10.1646,9.6591,0.8001,0.7441
2025-07-21,1.5312,1.3689,0.8543,147.27,1.6725,10.1555,9.5671,0.7973,0.7409
2025-07-22,1.5253,1.3615,0.8511,146.36,1.6664,10.087,9.5233,0.7926,0.7395
2025-07-23,1.5175,1.3609,0.8512,146.55,1.6559,10.1057,9.5114,0.7936,0.7371
2025-07-24,1.5149,1.3643,0.85,146.92,1.6554,10.108,9.5178,0.7957,0.7394
2025-07-25,1.5253,1.3714,0.8525,147.77,1.665,10.175,9.532,0.7965,0.7447
2025-07-28,1.534,1.3718,0.8614,148.45,1.6742,10.1801,9.5963,0.8025,0.7467
2025-07-29,1.5363,1.3777,0.867,148.57,1.6793,10.2173,9.6562,0.8071,0.7497
2025-07-30,1.5499,1.3814,0.8718,149.07,1.6915,10.2706,9.7446,0.8111,0.7534
2025-07-31,1.5552,1.3845,0.8748,150.6,1.6966,10.3091,9.7718,0.8123,0.7564
2025-08-01,1.5461,1.3778,0.8654,148.06,1.6915,10.2562,9.6735,0.8068,0.7542
2025-08-04,1.5463,1.3775,0.8645,147.09,1.6929,10.2671,9.6699,0.8083,0.7524
2025-08-05,1.5451,1.3779,0.8636,147.49,1.6946,10.2561,9.66,0.8071,0.7514
2025-08-06,1.5375,1.3739,0.8586,147.25,1.6838,10.1844,9.6169,0.8052,0.7485
2025-08-07,1.538,1.3749,0.859,147.35,1.6824,10.2416,9.5865,0.8074,0.7444
2025-08-08,1.5319,1.3752,0.8576,147.7,1.679,10.272,9.5728,0.8073,0.7438
2025-08-11,1.5356,1.3783,0.8615,147.99,1.6846,10.2361,9.6382,0.8126,0.7455
2025-08-12,1.5309,1.3762,0.8567,147.8,1.6787,10.2135,9.5516,0.8081,0.7402
2025-08-13,1.5277,1.3764,0.8536,147.25,1.6728,10.1981,9.5431,0.8043,0.7368
2025-08-14,1.5408,1.3806,0.8588,147.69,1.6903,10.226,9.5968,0.8078,0.739
2025-08-15,1.5349,1.3808,0.8541,147,1.6863,10.183,9.5457,0.8061,0.7372
2025-08-18,1.5399,1.3815,0.8571,147.76,1.6878,10.2009,9.5543,0.8068,0.7396
2025-08-19,1.5482,1.3859,0.8576,147.72,1.6946,10.2723,9.5877,0.807,0.741
2025-08-20,1.5557,1.3874,0.8584,147.19,1.7176,10.2389,9.5922,0.8044,0.7435
2025-08-21,1.5574,1.39,0.8617,148.35,1.7188,10.1878,9.6279,0.8085,0.7453
2025-08-22,1.542,1.3845,0.8538,146.82,1.7059,10.0516,9.5038,0.8016,0.7392
2025-08-25,1.5385,1.3829,0.8569,147.61,1.7044,10.0935,9.5456,0.8034,0.7412
2025-08-26,1.5385,1.3823,0.8579,147.3,1.705,10.1158,9.5529,0.8031,0.7416
2025-08-27,1.5394,1.3825,0.8613,147.75,1.71,10.1138,9.5539,0.8037,0.7425
2025-08-28,1.5309,1.375,0.8568,146.98,1.6992,10.0737,9.4834,0.8017,0.7399
2025-08-29,1.5279,1.3726,0.8551,146.9,1.6946,10.0537,9.4692,0.7996,0.7401
2025-09-02,1.5347,1.3784,0.8581,148.23,1.7053,10.034,9.4509,0.8033,0.7467
2025-09-03,1.5267,1.3787,0.8565,147.97,1.7004,10.0254,9.4197,0.8032,0.7436
2025-09-04,1.5352,1.3828,0.8585,148.63,1.7129,10.1112,9.4814,0.8059,0.744
2025-09-05,1.5221,1.3823,0.8504,146.84,1.692,10.0219,9.3501,0.7958,0.7384
2025-09-08,1.517,1.382,0.851,147.58,1.6832,9.9912,9.3568,0.7935,0.738
2025-09-09,1.5168,1.3834,0.853,147.23,1.6861,9.9741,9.38,0.7961,0.7389
2025-09-10,1.5092,1.3843,0.8537,147.37,1.6795,9.9039,9.3334,0.7979,0.7381
2025-09-11,1.502,1.383,0.8524,147.17,1.6742,9.8703,9.3152,0.7961,0.737
2025-09-12,1.5069,1.3858,0.8537,147.85,1.6812,9.8846,9.346,0.7975,0.7382
2025-09-15,1.499,1.3797,0.8495,147.27,1.6745,9.8323,9.2642,0.7938,0.7348
2025-09-16,1.4975,1.3745,0.844,146.56,1.6722,9.7704,9.2412,0.7877,0.7324
2025-09-17,1.4997,1.3761,0.8442,146.36,1.6745,9.8034,9.2756,0.7871,0.732
2025-09-18,1.5122,1.3796,0.8489,148.02,1.7013,9.8893,9.3601,0.7927,0.7379
2025-09-19,1.5158,1.3772,0.8508,147.83,1.7068,9.9434,9.4077,0.7949,0.7416
2025-09-22,1.5172,1.3814,0.8494,147.83,1.7056,9.9401,9.3774,0.7935,0.7405
2025-09-23,1.5149,1.3834,0.8475,147.83,1.7071,9.8976,9.3515,0.7922,0.7398
2025-09-24,1.5181,1.3894,0.8516,148.71,1.7197,9.9457,9.4051,0.7951,0.7435
2025-09-25,1.5267,1.3923,0.8567,149.78,1.731,10.0282,9.4611,0.8006,0.749
2025-09-26,1.5277,1.3946,0.8553,149.52,1.7334,9.9768,9.4189,0.7985,0.746
2025-09-29,1.5202,1.3904,0.8525,148.57,1.7283,9.978,9.4142,0.797,0.7444
2025-09-30,1.5119,1.3927,0.8522,147.97,1.7244,9.9841,9.4159,0.7966,0.7439
2025-10-01,1.514,1.3953,0.853,147.16,1.7209,9.9283,9.3824,0.7984,0.7422
2025-10-02,1.5179,1.3974,0.855,147.35,1.7203,10.0095,9.4311,0.7994,0.745
2025-10-03,1.5117,1.3946,0.8513,147.33,1.7123,9.9297,9.351,0.7949,0.7418
2025-10-06,1.5106,1.3945,0.8542,150.02,1.7129,9.9193,9.3804,0.7954,0.7421
2025-10-07,1.5181,1.3949,0.8566,151.17,1.7224,9.9593,9.3925,0.797,0.744
2025-10-08,1.5193,1.3953,0.8616,152.72,1.7304,9.9875,9.4461,0.802,0.7468
2025-10-09,1.5253,1.4009,0.8651,153.05,1.7406,10.0708,9.5458,0.8059,0.7512
2025-10-10,1.5396,1.3997,0.8611,151.94,1.7443,10.1161,9.5113,0.8015,0.7495
2025-10-14,1.5404,1.4041,0.8615,151.77,1.7486,10.1592,9.5333,0.801,0.7507
2025-10-15,1.5352,1.4033,0.8593,151.21,1.747,10.0986,9.4789,0.7972,0.7465
2025-10-16,1.5404,1.4045,0.8573,150.75,1.7446,10.0638,9.4312,0.7957,0.7449
2025-10-17,1.5418,1.4046,0.8566,150.33,1.7476,10.0608,9.4287,0.7919,0.7449
2025-10-20,1.5344,1.4029,0.8579,150.59,1.7388,10.0427,9.4108,0.7918,0.7452
2025-10-21,1.5387,1.401,0.8609,151.72,1.74,10.0433,9.4172,0.795,0.7468
2025-10-22,1.538,1.3978,0.8612,151.79,1.7382,10.0117,9.3972,0.7958,0.7478
2025-10-23,1.5347,1.3991,0.8612,152.72,1.7388,9.9809,9.393,0.7956,0.7506
2025-10-24,1.5359,1.4013,0.8601,152.82,1.7397,10.009,9.392,0.7958,0.752
2025-10-27,1.5258,1.3995,0.8594,153.09,1.7352,9.9852,9.3936,0.7965,0.7501
2025-10-28,1.5186,1.3937,0.8577,152.14,1.7301,9.9657,9.3557,0.7927,0.753
2025-10-29,1.5122,1.3893,0.8573,151.91,1.7247,9.9592,9.3566,0.7958,0.7551
2025-10-30,1.5256,1.3982,0.8648,154.17,1.74,10.0504,9.433,0.802,0.7606
2025-10-31,1.5277,1.401,0.8665,154.05,1.7458,10.1175,9.4958,0.8027,0.761
2025-11-03,1.5298,1.4049,0.8672,154.13,1.7516,10.1149,9.4765,0.8073,0.7605
2025-11-04,1.538,1.4081,0.8702,153.55,1.7649,10.1961,9.5651,0.8091,0.7666
2025-11-05,1.5356,1.4108,0.8707,154.11,1.7655,10.2103,9.5623,0.8107,0.7662
2025-11-06,1.5461,1.4127,0.8666,152.97,1.7759,10.2215,9.5805,0.8069,0.763
2025-11-07,1.5442,1.4075,0.8637,153.06,1.7803,10.1519,9.5313,0.804,0.7596
2025-11-10,1.5333,1.4029,0.8662,153.99,1.7753,10.1395,9.5251,0.8062,0.7601
2025-11-12,1.5288,1.4,0.8627,154.64,1.7658,10.0817,9.4486,0.7972,0.7616
2025-11-13,1.526,1.401,0.8584,154.4,1.7612,10.0014,9.3814,0.7917,0.7568
2025-11-14,1.527,1.4023,0.8608,154.64,1.759,10.0932,9.4485,0.7933,0.7601
2025-11-17,1.5347,1.4028,0.8622,155.2,1.7624,10.0799,9.4542,0.7956,0.7588
2025-11-18,1.5373,1.3996,0.8636,155.44,1.7665,10.1167,9.4789,0.7996,0.7603
2025-11-19,1.5461,1.4049,0.8666,156.63,1.7848,10.185,9.5474,0.8046,0.7647
2025-11-20,1.5509,1.4092,0.867,157.41,1.7867,10.2071,9.5428,0.8054,0.7646
2025-11-21,1.5487,1.4094,0.8691,156.58,1.7828,10.2532,9.5622,0.8087,0.7634
2025-11-24,1.5489,1.411,0.8682,156.94,1.7835,10.2378,9.5573,0.8084,0.7636
2025-11-25,1.5497,1.4115,0.8656,156.3,1.7828,10.2466,9.5523,0.8091,0.7591
2025-11-26,1.5347,1.4051,0.8627,156.38,1.7562,10.1981,9.4992,0.8048,0.756
2025-11-28,1.5263,1.3974,0.8621,156.17,1.7431,10.1157,9.4402,0.8036,0.7553
2025-12-01,1.5258,1.3982,0.8604,155.28,1.7431,10.1258,9.4415,0.8035,0.7559
2025-12-02,1.5253,1.3988,0.8624,155.92,1.7461,10.1567,9.4572,0.8046,0.7584
2025-12-03,1.517,1.395,0.8576,155.17,1.7334,10.0675,9.3747,0.8004,0.75
2025-12-04,1.5108,1.3939,0.8577,154.9,1.7316,10.0901,9.4074,0.8022,0.7488
2025-12-05,1.5072,1.3858,0.8595,155.3,1.7328,10.1142,9.4113,0.805,0.7505
2025-12-08,1.5101,1.3846,0.8601,155.89,1.7328,10.1338,9.4065,0.8078,0.7507
2025-12-09,1.5031,1.3832,0.8592,156.85,1.7262,10.1357,9.3471,0.8061,0.7508
2025-12-10,1.5056,1.3834,0.8584,156.33,1.7277,10.1358,9.3072,0.8027,0.7496
2025-12-11,1.499,1.3769,0.8506,155.15,1.7185,10.0658,9.2363,0.7932,0.7447
2025-12-12,1.506,1.3783,0.8524,155.81,1.7262,10.151,9.2935,0.796,0.749
2025-12-15,1.5053,1.3765,0.8506,155.29,1.7256,10.1476,9.2841,0.7963,0.7474
2025-12-16,1.5067,1.3749,0.8496,154.8,1.7259,10.1723,9.2857,0.7949,0.7447
2025-12-17,1.5133,1.3791,0.8512,155.6,1.7313,10.2148,9.3024,0.7948,0.7468
2025-12-18,1.5108,1.3762,0.8526,155.53,1.7298,10.1615,9.2826,0.7942,0.7469
2025-12-19,1.5113,1.378,0.8532,157.43,1.7361,10.1257,9.2631,0.795,0.7474
2025-12-22,1.5022,1.3744,0.8511,156.93,1.7247,10.1114,9.2353,0.7925,0.7431
2025-12-23,1.4939,1.3713,0.8492,156.33,1.7147,10.0598,9.1816,0.7897,0.7416
2025-12-24,1.491,1.3671,0.8489,155.83,1.7132,10.0068,9.169,0.7887,0.7405
2025-12-26,1.4903,1.3662,0.8499,156.63,1.7153,10.015,9.1673,0.79,0.7412
2025-12-29,1.4948,1.368,0.8506,156.1,1.7221,10.0474,9.1943,0.7899,0.7409
2025-12-30,1.4919,1.3678,0.85,156.26,1.7229,10.0307,9.1867,0.7907,0.7418
2025-12-31,1.4995,1.3712,0.8521,156.8,1.7376,10.0816,9.2227,0.7936,0.7437
2026-01-02,1.4961,1.3738,0.8519,156.72,1.734,10.0531,9.2082,0.7918,0.7418
2026-01-05,1.4885,1.3757,0.8536,156.32,1.7274,10.0318,9.1837,0.7924,0.7393
2026-01-06,1.4854,1.3789,0.8555,156.7,1.7304,10.0449,9.2074,0.7954,0.7409
2026-01-07,1.4863,1.3828,0.8554,156.73,1.7301,10.0801,9.1773,0.7967,0.7422
2026-01-08,1.4939,1.3864,0.858,156.9,1.7391,10.0937,9.2254,0.7993,0.7446
2026-01-09,1.4961,1.3893,0.8595,158.07,1.7449,10.0993,9.2071,0.8012,0.7455
2026-01-12,1.489,1.3876,0.8568,158.15,1.7349,10.0711,9.1805,0.7972,0.7426
2026-01-13,1.4961,1.3885,0.8587,159.06,1.7403,10.0848,9.2094,0.8005,0.7443
2026-01-14,1.4972,1.3871,0.858,158.13,1.7391,10.0458,9.1899,0.7987,0.7438
2026-01-15,1.4914,1.3896,0.8617,158.5,1.7413,10.1112,9.2288,0.803,0.747
2026-01-16,1.4966,1.392,0.8621,158.02,1.7388,10.0954,9.2334,0.8026,0.7472
2026-01-20,1.483,1.3821,0.8519,157.89,1.71,9.97,9.1115,0.7891,0.7423
2026-01-21,1.4782,1.3813,0.8543,158.16,1.7097,9.9576,9.1049,0.7929,0.7446
2026-01-22,1.4633,1.3799,0.8519,158.36,1.6943,9.8719,9.0211,0.7905,0.7413
2026-01-23,1.4539,1.3726,0.8495,157.57,1.6866,9.8123,8.9953,0.7879,0.7358
2026-01-26,1.4424,1.3692,0.8413,153.88,1.6697,9.7533,8.921,0.7753,0.73
2026-01-27,1.4331,1.3598,0.8347,153.03,1.6617,9.616,8.8199,0.7666,0.7256
2026-01-28,1.43,1.3575,0.8375,153.6,1.6578,9.6338,8.8637,0.7694,0.7253
2026-01-29,1.4265,1.3518,0.8373,152.88,1.6521,9.5645,8.8408,0.7674,0.7249
2026-01-30,1.4296,1.3557,0.8414,154.34,1.6534,9.5902,8.8656,0.771,0.7284
2026-02-02,1.4368,1.3677,0.847,155.5,1.6639,9.6955,8.9585,0.7797,0.7324
2026-02-03,1.4247,1.3644,0.8461,155.7,1.6529,9.6404,8.8986,0.7749,0.7299
2026-02-04,1.4294,1.3667,0.8472,156.61,1.6653,9.6933,8.9939,0.7767,0.7321
2026-02-05,1.4339,1.367,0.8473,156.91,1.6694,9.7476,9.0109,0.7772,0.738
2026-02-06,1.4257,1.3644,0.8466,157.1,1.6611,9.6642,9.0178,0.7758,0.735
2026-02-09,1.411,1.357,0.8405,156.08,1.6534,9.5869,8.9358,0.7679,0.7317
2026-02-10,1.414,1.3533,0.8405,154.28,1.654,9.5268,8.8944,0.7668,0.7319
2026-02-11,1.4027,1.3569,0.8415,152.93,1.651,9.4677,8.8881,0.77,0.7324
2026-02-12,1.409,1.3623,0.8425,152.64,1.6537,9.5251,8.9263,0.7693,0.7336
2026-02-13,1.4148,1.3618,0.8425,152.77,1.6567,9.5105,8.9397,0.7685,0.7329
2026-02-17,1.4156,1.3652,0.8452,153.57,1.6586,9.5692,9.0014,0.7718,0.7386
2026-02-18,1.4154,1.3675,0.8467,154.45,1.6706,9.5064,9.0026,0.7723,0.7388
2026-02-19,1.4184,1.3701,0.8502,154.96,1.6756,9.5765,9.0712,0.7758,0.7437
2026-02-20,1.412,1.3688,0.8488,154.99,1.6739,9.5238,9.0571,0.7756,0.7407
2026-02-23,1.4162,1.3685,0.8472,154.3,1.6762,9.5604,9.0527,0.7734,0.7402
2026-02-24,1.415,1.3702,0.8482,155.66,1.6742,9.5502,9.0369,0.7734,0.739
2026-02-25,1.4053,1.3685,0.8472,156.3,1.6689,9.5506,9.0267,0.7728,0.7379
2026-02-26,1.41,1.3683,0.848,156.13,1.6739,9.5457,9.0545,0.7738,0.7405
2026-02-27,1.4043,1.3632,0.8459,156.05,1.6667,9.5095,9.0199,0.7686,0.7432
2026-03-02,1.415,1.3705,0.8554,157.48,1.6863,9.5941,9.1557,0.7797,0.7467
2026-03-03,1.4233,1.3662,0.8618,157.69,1.6992,9.6968,9.275,0.7828,0.7502
2026-03-04,1.414,1.3661,0.8593,156.93,1.6852,9.6308,9.1602,0.7798,0.7479
2026-03-05,1.4276,1.3693,0.8632,157.58,1.6972,9.6838,9.2383,0.7819,0.7508
2026-03-06,1.4241,1.3599,0.8616,157.64,1.6943,9.5795,9.1835,0.7778,0.7464
2026-03-09,1.4192,1.3573,0.8627,158.08,1.6898,9.6287,9.2013,0.7787,0.7465
2026-03-10,1.3986,1.3562,0.8585,157.6,1.679,9.6007,9.1294,0.7753,0.7429
2026-03-11,1.3986,1.3603,0.8646,158.83,1.6923,9.6472,9.2228,0.7806,0.7463
2026-03-12,1.4106,1.3618,0.8679,159.21,1.7039,9.676,9.3291,0.7844,0.7491
2026-03-13,1.4278,1.3736,0.8738,159.54,1.7229,9.7425,9.4189,0.7898,0.7553
2026-03-16,1.4174,1.3683,0.8705,159.3,1.7103,9.683,9.3536,0.7887,0.7518
2026-03-17,1.4085,1.3706,0.8677,159.03,1.7071,9.5938,9.2832,0.7857,0.7493
2026-03-18,1.4128,1.3697,0.8686,159.48,1.7123,9.5772,9.3461,0.7892,0.7506
2026-03-19,1.4213,1.3721,0.8684,158.19,1.7147,9.5353,9.3544,0.7924,0.7484
2026-03-20,1.4219,1.3731,0.8663,159.26,1.7123,9.5782,9.3611,0.789,0.7517
2026-03-23,1.4296,1.3718,0.863,158.7,1.7114,9.7374,9.3432,0.7878,0.7471
2026-03-24,1.4358,1.3764,0.8637,158.9,1.7188,9.6913,9.3298,0.7914,0.7472
2026-03-25,1.4364,1.3799,0.8643,159.2,1.7197,9.6948,9.3432,0.7918,0.7478
2026-03-26,1.4465,1.3849,0.8664,159.65,1.7304,9.6761,9.409,0.7935,0.7489
2026-03-27,1.4514,1.388,0.8681,160.16,1.7364,9.7318,9.4548,0.797,0.7523
2026-03-30,1.4582,1.3921,0.8731,159.49,1.7498,9.765,9.5528,0.8001,0.7581
2026-03-31,1.4588,1.3953,0.8682,159.08,1.7513,9.7454,9.533,0.8027,0.7585
2026-04-01,1.4401,1.3875,0.861,158.63,1.7331,9.702,9.3817,0.7933,0.7501
2026-04-02,1.447,1.3917,0.8661,159.34,1.7461,9.732,9.413,0.7985,0.7552
2026-04-03,1.4505,1.3942,0.8678,159.64,1.7559,9.7871,9.4747,0.7999,0.7575
2026-04-06,1.4453,1.3913,0.8662,159.71,1.7486,9.707,9.4257,0.7979,0.7556
2026-04-07,1.4401,1.3905,0.8642,159.9,1.7532,9.6359,9.5237,0.7997,0.7553
2026-04-08,1.416,1.3851,0.8557,158.39,1.7135,9.5588,9.3034,0.7899,0.7441
2026-04-09,1.4112,1.3807,0.8543,158.87,1.7036,9.482,9.2789,0.7889,0.7439
2026-04-10,1.4128,1.3828,0.853,159.22,1.7117,9.5059,9.2651,0.7893,0.7429
2026-04-13,1.4158,1.3811,0.854,159.74,1.7114,9.4899,9.229,0.7876,0.743
2026-04-14,1.4023,1.3757,0.8481,158.91,1.6929,9.4518,9.1906,0.781,0.7373
2026-04-15,1.3965,1.374,0.8475,159.02,1.6926,9.3941,9.1638,0.7815,0.737
2026-04-16,1.3947,1.3706,0.8487,159.07,1.6961,9.3626,9.1857,0.7833,0.7386
2026-04-17,1.3904,1.3667,0.8474,158.1,1.692,9.3702,9.1354,0.7795,0.7377
2026-04-20,1.3937,1.3649,0.8485,158.66,1.6972,9.3053,9.1239,0.7782,0.7384
2026-04-21,1.3959,1.3642,0.8509,159.39,1.6935,9.3353,9.1614,0.78,0.7401
2026-04-22,1.3963,1.3659,0.8537,159.49,1.692,9.3001,9.1995,0.7835,0.7405
2026-04-23,1.3974,1.3682,0.8544,159.44,1.701,9.3064,9.2153,0.7843,0.741
2026-04-24,1.3978,1.3675,0.8534,159.35,1.7004,9.3331,9.2226,0.7848,0.7398
2026-04-27,1.3902,1.3616,0.8524,159.29,1.6898,9.286,9.2115,0.7845,0.7378
2026-04-28,1.3926,1.3671,0.8536,159.53,1.6978,9.3149,9.2645,0.7888,0.74
2026-04-29,1.4025,1.3671,0.8551,160.23,1.7132,9.2936,9.2977,0.7902,0.7411
2026-04-30,1.392,1.3611,0.8526,156.66,1.6972,9.2918,9.2496,0.7824,0.7364
2026-05-01,1.3852,1.3575,0.8507,156.76,1.6898,9.2533,9.1913,0.7796,0.7342
2026-05-04,1.3953,1.3608,0.8548,157.21,1.7027,9.2748,9.2806,0.7835,0.7388
2026-05-05,1.3897,1.3609,0.8542,157.68,1.6941,9.2402,9.246,0.7822,0.7366
2026-05-06,1.3822,1.3621,0.8508,156.44,1.679,9.2722,9.2331,0.7793,0.7355
2026-05-07,1.381,1.3636,0.8501,156.48,1.6773,9.2899,9.2251,0.7777,0.7346
2026-05-08,1.3808,1.3679,0.8494,156.64,1.6779,9.2143,9.2302,0.7773,0.7339
2026-05-11,1.3776,1.3664,0.8489,157.04,1.6753,9.1816,9.2166,0.7773,0.7325
2026-05-12,1.3843,1.3712,0.8523,157.71,1.6824,9.1968,9.3037,0.7817,0.7392
2026-05-13,1.3768,1.3701,0.8539,157.84,1.6844,9.1616,9.3156,0.7825,0.7396
2026-05-14,1.3841,1.3724,0.8563,158.08,1.6883,9.2235,9.3428,0.783,0.7418
2026-05-15,1.3984,1.375,0.8601,158.69,1.712,9.3147,9.4415,0.7868,0.7501
2026-05-18,1.3966,1.3742,0.8584,158.83,1.7042,9.2639,9.3982,0.7856,0.7452
2026-05-19,1.4083,1.3754,0.8619,159.11,1.7147,9.2729,9.402,0.7897,0.7462
2026-05-20,1.3982,1.3747,0.8606,158.84,1.7036,9.2708,9.3345,0.7876,0.744
2026-05-21,1.4017,1.3788,0.8629,159.16,1.7074,9.2641,9.3798,0.7893,0.7459
2026-05-22,1.4021,1.3817,0.8618,159.2,1.7079,9.2704,9.3547,0.7857,0.7441
2026-05-26,1.3963,1.3803,0.8606,159.36,1.7138,9.2808,9.3295,0.786,0.7442
2026-05-27,1.4011,1.3829,0.8598,159.47,1.6966,9.2811,9.2942,0.7871,0.7445
2026-05-28,1.3968,1.3798,0.8584,159.29,1.6872,9.2538,9.2629,0.7845,0.7442
2026-05-29,1.3906,1.3784,0.8562,159.23,1.6689,9.2393,9.2191,0.7811,0.7421
2026-06-01,1.398,1.3837,0.8603,159.66,1.6861,9.2824,9.3149,0.7868,0.7434
2026-06-02,1.3916,1.3822,0.859,159.86,1.6855,9.2769,9.3008,0.7858,0.7418
2026-06-03,1.4008,1.3891,0.8617,159.97,1.7033,9.3144,9.3966,0.7908,0.7443
2026-06-04,1.4,1.3889,0.8599,159.97,1.701,9.3311,9.3598,0.7885,0.744
2026-06-05,1.4164,1.3931,0.8671,160.26,1.7215,9.4471,9.4601,0.7955,0.7485
2026-06-08,1.4174,1.3949,0.8662,160.12,1.7191,9.4576,9.4244,0.7972,0.7492
2026-06-09,1.4229,1.3957,0.8654,160.23,1.717,9.4986,9.4532,0.7971,0.7469
2026-06-10,1.4241,1.3927,0.8658,160.47,1.7173,9.4491,9.4859,0.7984,0.7467
2026-06-11,1.4296,1.4004,0.8684,160.51,1.7304,9.5258,9.5503,0.8007,0.7498
2026-06-12,1.419,1.3971,0.8641,160.24,1.7156,9.5004,9.4141,0.7964,0.7455
2026-06-15,1.4122,1.3984,0.8621,160.2,1.7138,9.5237,9.3821,0.7937,0.7448
2026-06-16,1.413,1.3982,0.861,160.39,1.712,9.48,9.3599,0.7928,0.7442
2026-06-17,1.4138,1.403,0.8626,160.22,1.7188,9.505,9.3979,0.793,0.7463
2026-06-18,1.4247,1.4142,0.8718,161.37,1.7367,9.7247,9.5709,0.804,0.756
2026-06-22,1.4286,1.4167,0.8747,161.51,1.7479,9.6933,9.6149,0.8091,0.7548
2026-06-23,1.4438,1.4198,0.8785,161.55,1.763,9.7873,9.73,0.8097,0.758
2026-06-24,1.4503,1.4237,0.8812,161.76,1.7712,9.8565,9.7678,0.8126,0.7599
2026-06-25,1.4447,1.4191,0.8783,161.67,1.7671,9.8377,9.7102,0.8093,0.7567
2026-06-26,1.4478,1.4182,0.877,161.67,1.7696,9.9116,9.7112,0.8082,0.7563
2026-06-29,1.4524,1.421,0.8753,161.93,1.7699,9.9257,9.7198,0.8081,0.7544
2026-06-30,1.4461,1.4205,0.8759,162.61,1.7618,9.9068,9.7013,0.8082,0.7542
2026-07-01,1.4486,1.4205,0.8784,162.41,1.7612,9.9093,9.7215,0.8086,0.753
2026-07-02,1.4428,1.4182,0.8735,160.9,1.7522,9.8328,9.6567,0.8022,0.7483
2026-07-06,1.4401,1.4214,0.8752,162.28,1.7572,9.818,9.645,0.8063,0.748
2026-07-07,1.442,1.4194,0.8754,161.91,1.7587,9.7948,9.672,0.8069,0.7478
2026-07-08,1.447,1.419,0.8775,162.67,1.7593,9.804,9.7392,0.8105,0.7484
2026-07-09,1.4401,1.4163,0.8742,162.29,1.7358,9.7102,9.6521,0.8063,0.7458
2026-07-10,1.437,1.4132,0.8743,161.31,1.7319,9.7625,9.6382,0.8063,0.7451
2026-07-13,1.442,1.4138,0.877,162.32,1.7328,9.7733,9.679,0.8123,0.7473
2026-07-14,1.4339,1.4067,0.875,162.14,1.7218,9.6867,9.6555,0.8091,0.7472
2026-07-15,1.4288,1.4047,0.8744,162.13,1.7126,9.6756,9.634,0.8067,0.7409
2026-07-16,1.4278,1.4033,0.8736,162.42,1.7109,9.6657,9.6387,0.8079,0.7416
2026-07-17,1.4316,1.4014,0.8741,162.43,1.71,9.6467,9.6417,0.8069,0.7437
2026-07-20,1.4278,1.4059,0.8763,162.59,1.7103,9.6731,9.6874,0.8104,0.7452
2026-07-21,1.4269,1.4097,0.8766,163.01,1.7147,9.6279,9.6926,0.8122,0.7477
2026-07-22,1.4286,1.4084,0.8761,163.08,1.7173,9.6025,9.6862,0.8134,0.7475
2026-07-23,1.4337,1.4087,0.8793,163.8,1.7313,9.6169,9.767,0.8172,0.7511
2026-07-24,1.4294,1.4078,0.8783,163.71,1.7235,9.5727,9.6998,0.8168,0.7494
2026-07-27,1.43,1.411,0.879,163.71,1.7301,9.6571,9.7225,0.8187,0.7517
2026-07-28,1.4318,1.4091,0.8771,163.65,1.7247,9.6893,9.6789,0.817,0.7513
2026-07-29,1.443,1.4086,0.8784,163.86,1.7334,9.6559,9.7234,0.8199,0.7526
2026-07-30,1.4241,1.4003,0.8679,159.47,1.7018,9.5335,9.5351,0.8056,0.7428
2026-07-31,1.4233,1.4028,0.8681,159.16,1.701,9.4877,9.5268,0.8081,0.7424
2026-08-03,1.4284,1.4039,0.8689,156.96,1.7042,9.5362,9.5527,0.8104,0.7444
2026-08-04,1.4209,1.4071,0.8675,157.44,1.6981,9.5505,9.5303,0.8092,0.7432
2026-08-05,1.4182,1.4018,0.866,157.63,1.7007,9.5271,9.4969,0.8075,0.7428
2026-08-06,1.4229,1.4029,0.868,158.45,1.7044,9.5525,9.5155,0.8129,0.7432
2026-08-07,1.4156,1.3933,0.8651,157.54,1.6972,9.4895,9.4751,0.8078,0.7409
2026-08-10,1.4152,1.3927,0.8657,158.9,1.6975,9.4823,9.4846,0.8089,0.7393
2026-08-11,1.416,1.3923,0.8663,159.25,1.7001,9.4944,9.5163,0.8109,0.7399
2026-08-12,1.4144,1.3919,0.8666,159.23,1.7044,9.4733,9.5536,0.8117,0.7401
2026-08-13,1.4168,1.3934,0.8672,159.35,1.71,9.5045,9.5683,0.813,0.7409
2026-08-14,1.4102,1.3872,0.8635,159.21,1.6958,9.4314,9.5121,0.8116,0.7377
2026-08-17,1.4059,1.3867,0.8627,159.34,1.692,9.415,9.4919,0.8096,0.7372
2026-08-18,1.409,1.3889,0.8636,159.58,1.7007,9.4067,9.5309,0.8121,0.7384
2026-08-19,1.4039,1.3821,0.8573,158.45,1.6863,9.3342,9.4469,0.7998,0.7349
2026-08-20,1.4045,1.378,0.8562,158.85,1.681,9.3439,9.488,0.7998,0.7332
2026-08-21,1.3931,1.3765,0.8559,158.91,1.6714,9.2917,9.4632,0.8008,0.7329
2026-08-24,1.3984,1.384,0.8573,159.17,1.6787,9.3053,9.4961,0.8024,0.7336
2026-08-25,1.3966,1.3833,0.8567,159.21,1.6745,9.3153,9.4676,0.8024,0.7329
2026-08-26,1.3949,1.3876,0.8583,159.36,1.6841,9.3517,9.5378,0.8054,0.7356
2026-08-27,1.3893,1.3854,0.8581,159.26,1.6798,9.324,9.514,0.8036,0.7353
2026-08-28,1.3955,1.3895,0.8622,159.97,1.6906,9.3791,9.5949,0.8085,0.7377
2026-08-31,1.3955,1.3862,0.8608,159.74,1.69,9.3427,9.5796,0.8085,0.738
2026-09-01,1.3965,1.3902,0.8626,160.03,1.6935,9.323,9.5961,0.8117,0.7393
2026-09-02,1.3949,1.385,0.8627,158.79,1.7103,9.3121,9.6205,0.813,0.7406
2026-09-03,1.3891,1.3782,0.8604,155.39,1.6992,9.2985,9.5508,0.8073,0.7388
2026-09-04,1.3872,1.3834,0.8607,156.11,1.6978,9.2955,9.5646,0.8096,0.7396
2026-09-08,1.3854,1.3779,0.8601,154.24,1.7079,9.2464,9.5868,0.8091,0.7384
2026-09-09,1.3852,1.3805,0.8601,153.5,1.7117,9.1994,9.5975,0.8102,0.7381
2026-09-10,1.3945,1.3806,0.8599,154.06,1.7212,9.2643,9.6589,0.8113,0.739
2026-09-11,1.3939,1.3864,0.8618,153.71,1.7191,9.2827,9.6936,0.8159,0.7394
2026-09-14,1.4004,1.3911,0.8659,154.42,1.7304,9.3167,9.7492,0.8173,0.7411
2026-09-15,1.4029,1.3916,0.8664,155.11,1.737,9.3432,9.7771,0.819,0.7419
2026-09-16,1.4021,1.3934,0.8667,155.08,1.7364,9.3517,9.774,0.8191,0.7434
2026-09-17,1.4057,1.3991,0.8712,155.85,1.7434,9.4235,9.8206,0.8245,0.7492
2026-09-18,1.4063,1.4008,0.8723,156.87,1.7513,9.4262,9.8628,0.8242,0.7478
2026-09-21,1.4039,1.4023,0.8719,157.46,1.7486,9.4403,9.84,0.8213,0.7479
2026-09-22,1.4081,1.407,0.8747,157.55,1.7498,9.4552,9.8715,0.8219,0.7504
2026-09-23,1.4213,1.4098,0.8777,158.3,1.763,9.4903,9.9075,0.825,0.7545
2026-09-24,1.4253,1.414,0.8793,158.92,1.7671,9.5135,9.9403,0.8286,0.7566
2026-09-25,1.4219,1.414,0.8772,157.18,1.7646,9.4973,9.9047,0.8282,0.7547
2026-09-28,1.4245,1.4169,0.8797,157.44,1.7643,9.5258,9.9612,0.8322,0.7543
2026-09-29,1.4329,1.4189,0.8821,157.5,1.7746,9.6072,10.0097,0.8347,0.7569
2026-09-30,1.4384,1.421,0.8814,157.25,1.773,9.6048,9.9969,0.8348,0.7537
2026-10-01,1.447,1.4253,0.8903,157.63,1.7857,9.6386,10.0664,0.8314,0.7578
2026-10-02,1.4382,1.4253,0.8882,157.81,1.7819,9.6386,10.0688,0.8293,0.7556
